Pos.,No.,Class,Pro,Rank,Name,Laps,Gap,Last,Fastest,Pit,Vehicle,collection_time
1,3,SP 9,PRO,1,Auer,38,----LAP 38,9:46.909,8:13.690,5,Mercedes-AMG GT3,2026-05-17 00:37:07.850157
2,80,SP 9,PRO,2,Schiller,38,01.212,9:46.499,8:14.337,5,Mercedes-AMG GT3,2026-05-17 00:37:07.850157
3,34,SP 9,PRO,3,Drudi,38,2:30.831,9:54.983,8:17.432,5,Aston Martin Vantage AMR GT3 EVO,2026-05-17 00:37:07.850157
4,99,SP 9,PRO,4,Harper,38,2:42.452,9:36.895,8:18.953,5,BMW M4 GT3 EVO,2026-05-17 00:37:07.850157
5,81,SP-X,PRO,1,de Phillippi,38,2:53.246,10:22.802,8:17.045,5,BMW M3 Touring 24h,2026-05-17 00:37:07.850157
6,44,SP 9,PRO,5,Bachler,37,----LAP 37,10:12.419,8:17.284,5,Porsche 911 GT3 R (992) Evo26,2026-05-17 00:37:07.850157
7,24,SP 9,PRO,6,Vanthoor,37,35.266,10:17.071,8:18.141,4,Porsche 911 GT3 R (992) Evo26,2026-05-17 00:37:07.850157
8,1,SP 9,PRO,7,Farfus,37,2:48.837,10:01.248,8:16.257,5,BMW M4 GT3 EVO,2026-05-17 00:37:07.850157
9,54,SP 9,PRO,8,Christensen,37,2:53.176,10:10.236,8:21.411,4,Porsche 911 GT3 R (992) Evo26,2026-05-17 00:37:07.850157
10,67,SP 9,PRO,9,Vervisch,37,2:59.708,12:56.190,8:16.169,5,Ford Mustang GT3 EVO (2026),2026-05-17 00:37:07.850157
11,65,SP 9,PROAM,10,Caresani,37,3:31.988,9:56.987,8:15.271,5,Ford Mustang GT3 EVO (2026),2026-05-17 00:37:07.850157
12,86,SP 9,PROAM,11,King,37,4:13.543,9:40.795,8:24.189,5,Porsche 911 GT3 R (992) Evo26,2026-05-17 00:37:07.850157
13,26,SP 9,PRO,12,Böckmann,37,4:14.627,9:56.205,8:14.685,5,Mercedes-AMG GT3,2026-05-17 00:37:07.850157
14,84,SP 9,PRO,13,Bortolotti,37,4:37.029,9:52.288,8:11.149,5,Lamborghini Huracan GT3 EVO2,2026-05-17 00:37:07.850157
15,77,SP 9,PRO,14,Frijns,37,5:18.380,10:24.817,8:14.452,5,BMW M4 GT3 EVO,2026-05-17 00:37:07.850157
16,48,SP 9,PROAM,15,Müller,37,5:22.036,10:17.979,8:17.605,5,Porsche 911 GT3 R (992) Evo26,2026-05-17 00:37:07.850157
17,11,SP 9,PROAM,16,Härtling,37,5:34.762,10:15.253,8:19.388,5,Mercedes-AMG GT3,2026-05-17 00:37:07.850157
18,55,SP 9,PRO,17,Sturm,37,6:03.977,10:06.096,8:27.508,6,Porsche 911 GT3 R (992) Evo26,2026-05-17 00:37:07.850157
19,18,SP 9,PROAM,18,Kolb,37,6:49.805,9:52.824,8:24.640,5,Porsche 911 GT3 R (992) Evo26,2026-05-17 00:37:07.850157
20,17,SP 9,PRO,19,Menzel,37,7:08.293,9:36.782,8:18.394,6,Porsche 911 GT3 R (992) Evo26,2026-05-17 00:37:07.850157
21,69,SP 9,PRO,20,Dörr,37,8:08.291,10:03.009,8:18.493,5,McLaren 720S-GT3,2026-05-17 00:37:07.850157
22,123,SP 9,PROAM,21,Brundle,37,9:29.759,9:55.584,8:25.985,5,Porsche 911 GT3 R (992) Evo26,2026-05-17 00:37:07.850157
23,7,SP 9,PRO,22,Paul,37,9:31.632,9:50.406,8:14.446,5,Lamborghini Huracan GT3 EVO2,2026-05-17 00:37:07.850157
24,5,SP 9,AM,23,Kiefer,36,----LAP 36,10:16.556,8:18.760,5,Porsche 911 GT3 R (992) Evo26,2026-05-17 00:37:07.850157
25,4,SP 9,PROAM,24,Fontana,36,20.325,9:55.273,8:22.099,5,Porsche 911 GT3 R (992) Evo26,2026-05-17 00:37:07.850157
26,30,SP 9,PROAM,25,Seefried,36,1:45.583,10:10.548,8:24.267,5,Porsche 911 GT3 R (992) Evo26,2026-05-17 00:37:07.850157
27,39,SP 9,PROAM,26,Hantke,36,3:05.256,10:33.894,8:28.420,5,Aston Martin Vantage AMR GT3 EVO,2026-05-17 00:37:07.850157
28,32,SP 9,PROAM,27,Nakayama,36,4:07.505,12:49.674,8:31.507,5,Mercedes-AMG GT3,2026-05-17 00:37:07.850157
29,66,SP-X,PROAM,2,Hörr,36,6:44.569,10:54.172,8:31.491,5,KTM X-Bow GTX,2026-05-17 00:37:07.850157
30,130,SP 9,PRO,28,Yelloly,36,6:44.674,23:54.448,8:14.351,5,Lamborghini Huracan GT3 EVO2,2026-05-17 00:37:07.850157
31,900,Cup 2,PRO,1,Meijer,36,7:58.985,10:25.087,8:31.415,4,Porsche 911 GT3 Cup (992),2026-05-17 00:37:07.850157
32,902,Cup 2,PRO,2,Rennhofer,36,8:37.544,10:16.282,8:31.047,4,Porsche 911 GT3 Cup (992),2026-05-17 00:37:07.850157
33,918,Cup 2,PRO,3,Scheerbarth,35,----LAP 35,10:17.408,8:32.495,4,Porsche 911 GT3 Cup (992),2026-05-17 00:37:07.850157
34,71,SP 9,PROAM,29,Kaffer,35,40.893,12:08.440,8:27.786,5,Audi R8 LMS GT3 evo II,2026-05-17 00:37:07.850157
35,19,AT1,PROAM,1,Coronel,35,4:26.358,10:11.285,8:26.868,5,Audi R8 LMS GT3 evo II,2026-05-17 00:37:07.850157
36,61,SP-X,PRO,3,Arnold,35,6:53.283,10:47.814,8:49.118,5,HWA EVO.R,2026-05-17 00:37:07.850157
37,992,SP-PRO,PROAM,1,Griesemann,35,7:47.015,13:55.477,8:36.238,5,Porsche 911 GT3 CUP MR,2026-05-17 00:37:07.850157
38,8,SP 9,AM,30,Veremenko,35,8:01.970,10:15.222,8:31.131,5,Audi R8 LMS GT3 evo II,2026-05-17 00:37:07.850157
39,62,SP-X,PRO,4,Adelson,35,9:04.170,11:59.157,8:44.071,4,HWA EVO.R,2026-05-17 00:37:07.850157
40,33,SP 9,PROAM,31,Di Martino,35,3:44.903,15:55.817,8:33.316,6,Audi R8 LMS GT3 evo II,2026-05-17 00:37:07.850157
41,88,SP 4T,,1,Kubo,35,9:32.227,11:48.582,8:58.132,4,Subaru WRX,2026-05-17 00:37:07.850157
42,925,Cup 2,PRO,4,Miller,34,----LAP 34,10:20.400,8:50.061,4,Porsche 911 GT3 Cup (992),2026-05-17 00:37:07.850157
43,909,Cup 2,AM,5,Messenger,34,,11:46.048,8:38.719,4,Porsche 911 GT3 Cup (992),2026-05-17 00:37:07.850157
44,63,SP-X,PRO,5,Holstad,34,1:09.424,11:28.262,8:50.353,5,HWA EVO.R,2026-05-17 00:37:07.850157
45,904,Cup 2,AM,6,Kranz,34,1:11.635,11:50.541,8:34.272,5,Porsche 911 GT3 Cup (992),2026-05-17 00:37:07.850157
46,632,AT2,,1,Charoudin,34,1:22.602,10:58.906,8:33.391,5,Porsche 911 GT3 Cup (992.1),2026-05-17 00:37:07.850157
47,777,Cup 2,AM,7,Jönsson,34,1:32.295,11:56.590,8:37.406,4,Porsche 911 GT3 Cup (992),2026-05-17 00:37:07.850157
48,962,Cup 3,PRO,1,Wiedmann,34,2:05.729,11:02.774,9:00.773,4,Porsche 718 Cayman GT4 Clubsport (Typ 982),2026-05-17 00:37:07.850157
49,908,Cup 2,AM,8,Mühlenz,34,2:49.737,14:27.960,8:48.446,4,Porsche 911 GT3 Cup (992),2026-05-17 00:37:07.850157
50,919,Cup 2,PRO,9,Chrzanowski,34,3:07.336,10:19.602,8:34.385,5,Porsche 911 GT3 Cup (992),2026-05-17 00:37:07.850157
51,176,SP 10,PROAM,1,de Oliveira,34,3:14.197,14:35.624,9:00.405,4,Mercedes-AMG GT4,2026-05-17 00:37:07.850157
52,888,SP 10,PROAM,2,Wiskirchen,34,3:14.894,15:08.293,8:54.980,4,BMW M4 GT4 EVO (G82),2026-05-17 00:37:07.850157
53,187,SP 10,PROAM,3,Link,34,3:51.342,14:10.688,8:57.978,5,BMW M4 GT4 (G82),2026-05-17 00:37:07.850157
54,180,SP 10,AM,4,Ogburn,34,6:01.853,11:11.857,8:56.749,5,BMW M4 GT4 EVO (G82),2026-05-17 00:37:07.850157
55,971,Cup 3,PRO,2,Braun,34,6:17.543,12:09.207,9:00.846,4,Porsche 718 Cayman GT4 Clubsport (Typ 982),2026-05-17 00:37:07.850157
56,145,SP 10,PROAM,5,Bleekemolen,34,6:45.999,11:10.870,8:57.361,5,BMW M4 GT4 EVO (G82),2026-05-17 00:37:07.850157
57,36,SP 9,AM,32,Scherer,34,7:44.794,11:57.971,9:05.727,5,BMW E89 Z4 (EVO 2013),2026-05-17 00:37:07.850157
58,177,SP 10,PROAM,6,Nicolae,34,8:09.105,10:54.145,9:00.667,4,BMW M4 GT4 EVO (G82),2026-05-17 00:37:07.850157
59,91,SP 7,,1,Ertl,34,9:21.708,11:49.779,8:49.797,5,Porsche 911 GT3 Cup (991),2026-05-17 00:37:07.850157
60,90,SP 10,PROAM,7,Sagrera,34,7:41.104,10:51.396,8:59.380,5,Toyota GR Supra GT4 EVO2,2026-05-17 00:37:07.850157
61,961,Cup 3,PRO,3,Lu,33,----LAP 33,11:27.088,9:08.057,4,Porsche 718 Cayman GT4 Clubsport (Typ 982),2026-05-17 00:37:07.850157
62,949,Cup 3,AM,4,Wenisch,33,34.207,11:51.720,9:12.020,5,Porsche 718 Cayman GT4 Clubsport (Typ 982),2026-05-17 00:37:07.850157
63,966,Cup 3,PRO,5,Oehme,33,40.847,13:02.320,9:17.003,6,Porsche 718 Cayman GT4 Clubsport (Typ 982),2026-05-17 00:37:07.850157
64,776,TCR,,1,Gabbiani,33,3:18.636,15:24.742,9:20.188,6,Audi RS3 LMS SEQ,2026-05-17 00:37:07.850157
65,939,Cup 3,AM,6,Schwenk,33,4:24.151,13:55.264,9:15.697,5,Porsche 718 Cayman GT4 Clubsport (Typ 982),2026-05-17 00:37:07.850157
66,171,SP 10,AM,8,Ullström,33,4:26.833,15:20.512,9:23.892,5,Porsche 718 Cayman GT4 RS CS,2026-05-17 00:37:07.850157
67,952,Cup 3,PRO,7,Kraus,33,6:35.630,11:46.208,9:27.223,4,Porsche 718 Cayman GT4 Clubsport (Typ 982),2026-05-17 00:37:07.850157
68,982,Cup 3,AM,8,Duffner,33,6:50.250,11:50.968,9:22.333,4,Porsche 718 Cayman GT4 Clubsport (Typ 982),2026-05-17 00:37:07.850157
69,945,Cup 3,AM,9,Okumura,33,7:57.236,12:19.504,9:41.427,4,Porsche 718 Cayman GT4 Clubsport (Typ 982),2026-05-17 00:37:07.850157
70,13,Cup 2,AM,10,Ecke,32,----LAP 32,13:18.373,9:17.807,4,Porsche 911 GT3 Cup (992),2026-05-17 00:37:07.850157
71,95,Cup 2,PRO,11,Rettenbacher,32,17.211,10:30.251,8:38.526,7,Porsche 911 GT3 Cup (992),2026-05-17 00:37:07.850157
72,999,Cup 3,PRO,10,Riemer,32,51.490,11:22.012,9:07.084,5,Porsche 718 Cayman GT4 Clubsport (Typ 982),2026-05-17 00:37:07.850157
73,164,SP 10,PROAM,9,Brodmerkel,32,1:31.756,15:37.230,8:59.910,5,Porsche 718 Cayman GT4 RS CS,2026-05-17 00:37:07.850157
74,175,SP 10,AM,10,Vazquez,32,3:37.538,14:27.292,9:09.674,5,Mercedes-AMG GT4,2026-05-17 00:37:07.850157
75,967,Cup 3,PRO,11,Rich,32,4:43.684,12:27.187,9:23.859,4,Porsche 718 Cayman GT4 Clubsport (Typ 982),2026-05-17 00:37:07.850157
76,169,SP 10,AM,11,Sander,32,6:17.398,11:22.768,9:17.197,4,Aston Martin Vantage AMR GT4,2026-05-17 00:37:07.850157
77,969,Cup 3,AM,12,Stewart,32,7:59.567,14:42.301,9:27.071,4,Porsche 718 Cayman GT4 Clubsport (Typ 982),2026-05-17 00:37:07.850157
78,317,SP 3T,,1,Haugg,32,8:06.494,11:33.965,9:34.061,5,Audi TTs,2026-05-17 00:37:07.850157
79,37,SP 9,AM,33,Wahl,32,8:50.048,10:58.050,8:37.093,6,Aston Martin Vantage AMR GT3,2026-05-17 00:37:07.850157
80,978,Cup 3,AM,13,Lamsouguer,32,9:12.763,11:59.053,9:33.831,4,Porsche 718 Cayman GT4 Clubsport (Typ 982),2026-05-17 00:37:07.850157
81,50,SP 4T,,2,Hammel,32,,12:43.149,8:57.956,5,VW Golf GTI Clubsport 24h,2026-05-17 00:37:07.850157
82,977,Cup 3,AM,14,Zimmermann,31,----LAP 31,15:24.480,9:48.521,4,Porsche 718 Cayman GT4 Clubsport (Typ 982),2026-05-17 00:37:07.850157
83,898,BMW,,1,Dacher,31,1:05.744,13:51.961,9:44.883,4,BMW M2 Racing (G87)*,2026-05-17 00:37:07.850157
84,396,V6,,1,Büllesbach,31,1:21.832,13:56.021,9:38.681,5,Porsche Cayman S*,2026-05-17 00:37:07.850157
85,519,VT2 Hecka,,1,Tack,31,1:41.539,13:57.228,9:48.700,4,Toyota Supra*,2026-05-17 00:37:07.850157
86,878,BMW,,2,Schlichenmeier,31,3:23.677,13:19.396,9:51.694,5,BMW M2 Racing (G87)*,2026-05-17 00:37:07.850157
87,480,VT2 Front,,1,Dupré,31,3:33.421,14:09.687,9:49.819,5,Audi S3-Lim*,2026-05-17 00:37:07.850157
88,500,VT2 Hecka,,2,Zils,31,3:43.021,14:13.527,9:49.234,4,BMW 330i*,2026-05-17 00:37:07.850157
89,669,BMW M240i,,1,Petrolo,31,4:24.742,11:36.917,9:43.196,4,BMW M240i Racing Cup*,2026-05-17 00:37:07.850157
90,577,TCR,,2,Rosam,31,4:32.804,14:29.589,9:25.597,4,Cupra Leon Competición TCR,2026-05-17 00:37:07.850157
91,658,BMW M240i,,2,Sari,31,6:03.699,14:18.871,9:58.764,5,BMW M240i Racing Cup*,2026-05-17 00:37:07.850157
92,652,BMW M240i,,3,Opran,31,7:03.941,11:26.506,9:37.792,5,BMW M240i Racing Cup*,2026-05-17 00:37:07.850157
93,321,SP 3T,,2,Mache,31,7:06.034,11:04.483,9:20.461,7,VW GOLF 7 GTI TCR DSG,2026-05-17 00:37:07.850157
94,170,SP 10,,12,Koyama,31,7:43.043,12:04.323,9:00.540,5,Toyota GR Supra GT4 EVO2,2026-05-17 00:37:07.850157
95,448,V6,,2,Müller,31,8:02.754,11:29.673,9:38.614,6,Porsche Cayman S*,2026-05-17 00:37:07.850157
96,665,BMW M240i,,4,Reinhard,31,8:26.417,11:37.264,9:41.802,5,BMW M240i Racing Cup*,2026-05-17 00:37:07.850157
97,653,BMW M240i,,5,Fitzgerald,31,8:31.562,11:53.340,9:45.564,6,BMW M240i Racing Cup*,2026-05-17 00:37:07.850157
98,941,Cup 3,PRO,15,van der Snel,31,,10:29.524,9:05.659,4,Porsche 718 Cayman GT4 Clubsport (Typ 982),2026-05-17 00:37:07.850157
99,471,VT2 Front,,2,Eichhorn,30,----LAP 30,15:27.227,9:59.750,5,Cupra Leon KL*,2026-05-17 00:37:07.850157
100,474,VT2 Front,,3,Hrubesch,30,58.548,12:31.480,10:15.189,5,VW Golf GTI *,2026-05-17 00:37:07.850157
101,444,V5,,1,Korn,30,1:10.053,11:29.534,9:54.131,5,Porsche Cayman CM12*,2026-05-17 00:37:07.850157
102,40,SP 9,AM,34,Posavac,30,1:51.295,18:34.705,8:53.859,4,BMW E89 Z4 (EVO 2013),2026-05-17 00:37:07.850157
103,89,TCR,,3,Groneck,30,2:44.765,11:46.191,9:55.499,5,VW GOLF 7 GTI TCR DSG,2026-05-17 00:37:07.850157
104,454,V5,,2,Hansen,30,2:51.041,12:44.455,10:10.380,4,Porsche Cayman CM12*,2026-05-17 00:37:07.850157
105,524,VT2 Hecka,,3,Ooms,30,3:11.869,14:39.846,9:48.602,4,Toyota Supra*,2026-05-17 00:37:07.850157
106,670,BMW M240i,,6,Paviot,30,3:24.566,15:10.843,9:58.466,5,BMW M240i Racing Cup*,2026-05-17 00:37:07.850157
107,870,BMW,,3,Kreutzpointner,30,3:50.919,12:48.925,9:46.793,5,BMW M2 Racing (G87)*,2026-05-17 00:37:07.850157
108,520,VT2 Hecka,,4,Horino,30,6:30.561,15:21.149,9:56.492,4,Toyota Supra*,2026-05-17 00:37:07.850157
109,667,BMW M240i,,7,Fontes,30,8:27.985,15:43.246,9:49.349,5,BMW M240i Racing Cup*,2026-05-17 00:37:07.850157
110,503,VT2 Hecka,,5,Ehrhardt,30,9:20.423,12:26.495,10:07.362,5,Toyota Supra*,2026-05-17 00:37:07.850157
111,420,SP 7,,2,Schöni,30,10:43.247,12:10.508,9:15.838,4,Porsche 718 Cayman GT4 Clubsport (Typ 982),2026-05-17 00:37:07.850157
112,472,VT2 Front,,4,Füting,30,8:50.097,13:46.616,10:15.934,5,Cupra Leon KL*,2026-05-17 00:37:07.850157
113,651,BMW M240i,,8,Silva,29,----LAP 29,14:13.951,9:38.161,5,BMW M240i Racing Cup*,2026-05-17 00:37:07.850157
114,100,BMW 325i,,1,Gruber,29,29.161,13:30.483,10:21.172,3,BMW 325i*,2026-05-17 00:37:07.850157
115,821,SP 3T,,3,Epp,29,4:52.428,11:26.989,9:40.639,6,Audi RS3 LMS DSG*,2026-05-17 00:37:07.850157
116,650,BMW M240i,,9,Fübrich,29,5:53.753,13:41.324,9:29.559,5,BMW M240i Racing Cup*,2026-05-17 00:37:07.850157
117,418,V6,,3,Lamadrid,29,6:58.680,13:13.372,10:12.681,6,Porsche Cayman S*,2026-05-17 00:37:07.850157
118,514,VT2 Hecka,,6,De Groot,29,8:12.480,14:01.960,9:47.916,4,BMW 330i*,2026-05-17 00:37:07.850157
119,415,V6,,4,Rings,29,,11:17.984,9:39.386,5,Porsche 911 Carrera*,2026-05-17 00:37:07.850157
120,320,AT2,,2,López Cesaratto,28,----LAP 28,11:28.727,8:57.689,5,Porsche 911 GT3 Cup (992.1),2026-05-17 00:37:07.850157
121,979,Cup 3,PRO,16,Surzyshyn,28,16.982,15:22.144,9:18.187,4,Porsche 718 Cayman GT4 Clubsport (Typ 982),2026-05-17 00:37:07.850157
122,959,Cup 3,PRO,17,Haughton,28,1:58.013,12:37.460,9:01.126,4,Porsche 718 Cayman GT4 Clubsport (Typ 982),2026-05-17 00:37:07.850157
123,101,BMW 325i,,2,Schwolow,28,2:43.903,16:18.352,10:43.196,4,BMW 325i (e90)*,2026-05-17 00:37:07.850157
124,505,VT2 Hecka,,7,Van Vooren,28,3:48.982,12:35.313,10:43.608,4,BMW 330i*,2026-05-17 00:37:07.850157
125,112,BMW 325i,,3,Küpper,28,7:46.577,15:25.422,10:33.637,5,BMW 325i (e90)*,2026-05-17 00:37:07.850157
126,455,V5,,3,Trinius,28,,22:54.838,10:35.030,5,Porsche Cayman CM12*,2026-05-17 00:37:07.850157
127,303,SP 4T,,3,Shin,28,6:48.392,13:21.674,9:29.769,4,Hyundai Motor Company ELANTRAN1 RP,2026-05-17 00:37:07.850157
128,830,TCR,,4,Basseng,27,----LAP 27,10:39.103,8:54.740,4,Hyundai Motor Company ELANTRA N TCR,2026-05-17 00:37:07.850157
129,445,V5,,4,Welker,27,21.872,13:12.587,10:41.778,5,Porsche Cayman CM12*,2026-05-17 00:37:07.850157
130,440,V5,,5,Ebener,27,2:02.254,11:57.419,10:09.194,5,Porsche Cayman CM12*,2026-05-17 00:37:07.850157
131,477,VT2 Front,,5,Mennecke,27,2:32.773,13:18.035,10:56.392,5,VW Scirocco R TSI*,2026-05-17 00:37:07.850157
132,380,SP 2T,,1,Schäffer,27,3:45.168,19:09.641,10:43.078,4,Opel Corsa GS Line 130*,2026-05-17 00:37:07.850157
133,152,SP 4,,1,Koger,27,4:03.662,20:12.305,11:21.667,4,BMW 325CI*,2026-05-17 00:37:07.850157
134,109,SP 2T,,2,Oshima,27,,18:49.537,9:33.699,6,Toyota GR Yaris,2026-05-17 00:37:07.850157
135,10,SP 3T,,4,Lenz,27,7:15.347,11:26.459,9:32.312,6,VW Golf GTI Clubsport 24h,2026-05-17 00:37:07.850157
136,300,SP 3T,,5,Geilfus,26,----LAP 26,18:06.125,10:22.613,6,Dacia Logan,2026-05-17 00:37:07.850157
137,82,SP 7,,3,Schröder,26,3:01.171,11:28.128,9:42.820,6,Porsche 718 Cayman GT4 Clubsport (Typ 982),2026-05-17 00:37:07.850157
138,59,SP 8T,,1,Weishar,26,4:17.848,14:35.374,8:57.891,4,McLaren Artura Trophy Evo,2026-05-17 00:37:07.850157
139,786,SP 9,AM,35,Nana,26,,15:57.033,8:28.245,6,Lamborghini Huracan GT3 EVO2,2026-05-17 00:37:07.850157
140,302,SP 4T,,4,Azcona,25,----LAP 25,13:07.400,9:21.541,3,Hyundai Motor Company ELANTRAN1 RP,2026-05-17 00:37:07.850157
141,911,SP 9,PRO,36,Estre,24,----LAP 24,12:05.638,8:13.671,3,Porsche 911 GT3 R (992) Evo26,2026-05-17 00:37:07.850157
142,64,SP 9,PRO,37,Maini,24,1:16.175,9:15.199,8:14.825,3,Ford Mustang GT3 EVO (2026),2026-05-17 00:37:07.850157
143,677,BMW M240i,,10,Tauber,24,1:57:46.141,14:42.815,10:17.190,5,BMW M240i Racing Cup*,2026-05-17 00:37:07.850157
144,800,SP 3T,,6,Oepen,23,----LAP 23,15:44.814,9:44.296,7,VW GOLF 7 GTI TCR DSG,2026-05-17 00:37:07.850157
145,76,SP 4T,,5,Hochwind,21,----LAP 21,1:26:49.596,9:03.336,5,VW Golf GTI Clubsport 24h,2026-05-17 00:37:07.850157
146,569,VT2 Hecka,,8,Van‘t veer,20,----LAP 20,14:14.953,10:14.652,5,BMW 328i*,2026-05-17 00:37:07.850157
147,501,VT2 Hecka,,9,Vortkamp,17,----LAP 17,13:48.642,10:19.031,3,BMW 330i*,2026-05-17 00:37:07.850157
148,808,SP 3T,,7,Geon,17,2:42:29.877,16:54.324,10:03.234,2,Cupra TCR DSG,2026-05-17 00:37:07.850157
149,108,BMW 325i,,4,Grilli,16,----LAP 16,17:57.423,10:40.183,4,BMW 325i (e90)*,2026-05-17 00:37:07.850157
150,277,SP 3,,1,Harris,16,,27:12.894,10:17.533,5,BMW 318ti (E36)*,2026-05-17 00:37:07.850157
151,16,SP 9,PRO,38,Sims,16,,20:15.798,8:13.543,3,Audi R8 LMS GT3 evo II,2026-05-17 00:37:07.850157
152,47,SP 9,PRO,39,Krohn,15,----LAP 15,9:34.941,8:13.404,2,Mercedes-AMG GT3,2026-05-17 00:37:07.850157
153,189,SP 10,AM,13,Kroll,15,23:04.326,13:14.547,9:02.852,2,BMW M4 GT4 EVO (G82),2026-05-17 00:37:07.850157
154,45,SP 9,PRO,40,Vermeulen,14,----LAP 14,12:21.623,8:12.515,2,Ferrari 296 GT3 Evo26,2026-05-17 00:37:07.850157
155,75,AT1,PROAM,2,Fugel,11,----LAP 11,8:31.376,8:20.316,1,Audi R8 LMS GT3 evo II,2026-05-17 00:37:07.850157
156,195,BMW M240i,,11,Hoenjet,10,----LAP 10,10:18.132,9:31.981,1,BMW M240i Racing Cup*,2026-05-17 00:37:07.850157
157,110,SP 2T,,3,Sasaki,7,----LAP 7,12:50.416,11:05.842,2,Toyota GR Yaris,2026-05-17 00:37:07.850157
158,410,V6,,5,Croci,6,----LAP 6,10:08.339,10:20.292,1,Porsche Cayman GTS*,2026-05-17 00:37:07.850157
159,35,SP 9,PROAM,41,Fernandez Laser,4,----LAP 4,10:19.256,8:29.335,1,Aston Martin Vantage AMR GT3 EVO,2026-05-17 00:37:07.850157
NormalQualified,NormalQualified,NormalQualified,NormalQualified,NormalQualified,NormalQualified,NormalQualified,NormalQualified,NormalQualified,NormalQualified,NormalQualified,NormalQualified,2026-05-17 00:37:07.850157
1,3,SP 9,PRO,1,Auer,38,----LAP 38,9:46.909,8:13.690,5,Mercedes-AMG GT3,2026-05-17 00:37:37.997715
2,80,SP 9,PRO,2,Schiller,38,01.256,9:46.499,8:14.337,5,Mercedes-AMG GT3,2026-05-17 00:37:37.997715
3,34,SP 9,PRO,3,Drudi,38,2:30.942,9:54.983,8:17.432,5,Aston Martin Vantage AMR GT3 EVO,2026-05-17 00:37:37.997715
4,99,SP 9,PRO,4,Harper,38,2:42.383,9:36.895,8:18.953,5,BMW M4 GT3 EVO,2026-05-17 00:37:37.997715
5,81,SP-X,PRO,1,de Phillippi,38,2:53.478,10:22.802,8:17.045,5,BMW M3 Touring 24h,2026-05-17 00:37:37.997715
6,44,SP 9,PRO,5,Bachler,38,3:07.071,10:06.254,8:17.284,5,Porsche 911 GT3 R (992) Evo26,2026-05-17 00:37:37.997715
7,24,SP 9,PRO,6,Vanthoor,37,----LAP 37,10:17.071,8:18.141,4,Porsche 911 GT3 R (992) Evo26,2026-05-17 00:37:37.997715
8,1,SP 9,PRO,7,Farfus,37,2:13.571,10:01.248,8:16.257,5,BMW M4 GT3 EVO,2026-05-17 00:37:37.997715
9,54,SP 9,PRO,8,Christensen,37,2:17.910,10:10.236,8:21.411,4,Porsche 911 GT3 R (992) Evo26,2026-05-17 00:37:37.997715
10,67,SP 9,PRO,9,Vervisch,37,2:24.442,12:56.190,8:16.169,5,Ford Mustang GT3 EVO (2026),2026-05-17 00:37:37.997715
11,65,SP 9,PROAM,10,Caresani,37,2:56.722,9:56.987,8:15.271,5,Ford Mustang GT3 EVO (2026),2026-05-17 00:37:37.997715
12,86,SP 9,PROAM,11,King,37,3:36.131,9:40.795,8:24.189,5,Porsche 911 GT3 R (992) Evo26,2026-05-17 00:37:37.997715
13,26,SP 9,PRO,12,Böckmann,37,3:38.370,9:56.205,8:14.685,5,Mercedes-AMG GT3,2026-05-17 00:37:37.997715
14,84,SP 9,PRO,13,Bortolotti,37,4:02.714,9:52.288,8:11.149,5,Lamborghini Huracan GT3 EVO2,2026-05-17 00:37:37.997715
15,77,SP 9,PRO,14,Frijns,37,5:18.515,10:24.817,8:14.452,5,BMW M4 GT3 EVO,2026-05-17 00:37:37.997715
16,48,SP 9,PROAM,15,Müller,37,5:22.171,10:17.979,8:17.605,5,Porsche 911 GT3 R (992) Evo26,2026-05-17 00:37:37.997715
17,11,SP 9,PROAM,16,Härtling,37,5:34.897,10:15.253,8:19.388,5,Mercedes-AMG GT3,2026-05-17 00:37:37.997715
18,55,SP 9,PRO,17,Sturm,37,6:04.112,10:06.096,8:27.508,6,Porsche 911 GT3 R (992) Evo26,2026-05-17 00:37:37.997715
19,18,SP 9,PROAM,18,Kolb,37,6:49.328,9:52.824,8:24.640,5,Porsche 911 GT3 R (992) Evo26,2026-05-17 00:37:37.997715
20,17,SP 9,PRO,19,Menzel,37,7:00.368,9:36.782,8:18.394,6,Porsche 911 GT3 R (992) Evo26,2026-05-17 00:37:37.997715
21,69,SP 9,PRO,20,Dörr,37,8:07.562,10:03.009,8:18.493,5,McLaren 720S-GT3,2026-05-17 00:37:37.997715
22,123,SP 9,PROAM,21,Brundle,37,9:23.107,9:55.584,8:25.985,5,Porsche 911 GT3 R (992) Evo26,2026-05-17 00:37:37.997715
23,7,SP 9,PRO,22,Paul,37,9:25.612,9:50.406,8:14.446,5,Lamborghini Huracan GT3 EVO2,2026-05-17 00:37:37.997715
24,5,SP 9,AM,23,Kiefer,37,9:57.213,10:14.902,8:18.760,5,Porsche 911 GT3 R (992) Evo26,2026-05-17 00:37:37.997715
25,4,SP 9,PROAM,24,Fontana,37,10:18.568,10:03.121,8:22.099,5,Porsche 911 GT3 R (992) Evo26,2026-05-17 00:37:37.997715
26,30,SP 9,PROAM,25,Seefried,36,----LAP 36,10:10.548,8:24.267,5,Porsche 911 GT3 R (992) Evo26,2026-05-17 00:37:37.997715
27,39,SP 9,PROAM,26,Hantke,36,1:19.673,10:33.894,8:28.420,5,Aston Martin Vantage AMR GT3 EVO,2026-05-17 00:37:37.997715
28,32,SP 9,PROAM,27,Nakayama,36,2:23.188,12:49.674,8:31.507,5,Mercedes-AMG GT3,2026-05-17 00:37:37.997715
29,66,SP-X,PROAM,2,Hörr,36,5:19.610,10:54.172,8:31.491,5,KTM X-Bow GTX,2026-05-17 00:37:37.997715
30,130,SP 9,PRO,28,Yelloly,36,5:19.715,23:54.448,8:14.351,5,Lamborghini Huracan GT3 EVO2,2026-05-17 00:37:37.997715
31,900,Cup 2,PRO,1,Meijer,36,6:26.220,10:25.087,8:31.415,4,Porsche 911 GT3 Cup (992),2026-05-17 00:37:37.997715
32,902,Cup 2,PRO,2,Rennhofer,36,7:04.893,10:16.282,8:31.047,4,Porsche 911 GT3 Cup (992),2026-05-17 00:37:37.997715
33,918,Cup 2,PRO,3,Scheerbarth,35,----LAP 35,10:17.408,8:32.495,4,Porsche 911 GT3 Cup (992),2026-05-17 00:37:37.997715
34,71,SP 9,PROAM,29,Kaffer,35,19.409,12:08.440,8:27.786,5,Audi R8 LMS GT3 evo II,2026-05-17 00:37:37.997715
35,19,AT1,PROAM,1,Coronel,35,4:18.732,10:11.285,8:26.868,5,Audi R8 LMS GT3 evo II,2026-05-17 00:37:37.997715
36,61,SP-X,PRO,3,Arnold,35,6:57.879,10:47.814,8:49.118,5,HWA EVO.R,2026-05-17 00:37:37.997715
37,992,SP-PRO,PROAM,1,Griesemann,35,7:47.015,13:55.477,8:36.238,5,Porsche 911 GT3 CUP MR,2026-05-17 00:37:37.997715
38,8,SP 9,AM,30,Veremenko,35,8:01.970,10:15.222,8:31.131,5,Audi R8 LMS GT3 evo II,2026-05-17 00:37:37.997715
39,62,SP-X,PRO,4,Adelson,35,9:07.983,11:59.157,8:44.071,4,HWA EVO.R,2026-05-17 00:37:37.997715
40,33,SP 9,PROAM,31,Di Martino,35,3:44.903,15:55.817,8:33.316,6,Audi R8 LMS GT3 evo II,2026-05-17 00:37:37.997715
41,88,SP 4T,,1,Kubo,35,9:32.227,11:48.582,8:58.132,4,Subaru WRX,2026-05-17 00:37:37.997715
42,925,Cup 2,PRO,4,Miller,35,10:18.017,10:27.198,8:50.061,4,Porsche 911 GT3 Cup (992),2026-05-17 00:37:37.997715
43,909,Cup 2,AM,5,Messenger,34,----LAP 34,11:46.048,8:38.719,4,Porsche 911 GT3 Cup (992),2026-05-17 00:37:37.997715
44,63,SP-X,PRO,5,Holstad,34,1:36.117,11:28.262,8:50.353,5,HWA EVO.R,2026-05-17 00:37:37.997715
45,904,Cup 2,AM,6,Kranz,34,1:38.328,11:50.541,8:34.272,5,Porsche 911 GT3 Cup (992),2026-05-17 00:37:37.997715
46,632,AT2,,1,Charoudin,34,1:49.295,10:58.906,8:33.391,5,Porsche 911 GT3 Cup (992.1),2026-05-17 00:37:37.997715
47,777,Cup 2,AM,7,Jönsson,34,1:58.988,11:56.590,8:37.406,4,Porsche 911 GT3 Cup (992),2026-05-17 00:37:37.997715
48,962,Cup 3,PRO,1,Wiedmann,34,2:32.422,11:02.774,9:00.773,4,Porsche 718 Cayman GT4 Clubsport (Typ 982),2026-05-17 00:37:37.997715
49,908,Cup 2,AM,8,Mühlenz,34,3:16.430,14:27.960,8:48.446,4,Porsche 911 GT3 Cup (992),2026-05-17 00:37:37.997715
50,919,Cup 2,PRO,9,Chrzanowski,34,3:34.029,10:19.602,8:34.385,5,Porsche 911 GT3 Cup (992),2026-05-17 00:37:37.997715
51,176,SP 10,PROAM,1,de Oliveira,34,3:40.890,14:35.624,9:00.405,4,Mercedes-AMG GT4,2026-05-17 00:37:37.997715
52,888,SP 10,PROAM,2,Wiskirchen,34,3:41.587,15:08.293,8:54.980,4,BMW M4 GT4 EVO (G82),2026-05-17 00:37:37.997715
53,187,SP 10,PROAM,3,Link,34,4:21.441,14:10.688,8:57.978,5,BMW M4 GT4 (G82),2026-05-17 00:37:37.997715
54,180,SP 10,AM,4,Ogburn,34,7:17.778,11:11.857,8:56.749,5,BMW M4 GT4 EVO (G82),2026-05-17 00:37:37.997715
55,971,Cup 3,PRO,2,Braun,34,7:33.468,12:09.207,9:00.846,4,Porsche 718 Cayman GT4 Clubsport (Typ 982),2026-05-17 00:37:37.997715
56,145,SP 10,PROAM,5,Bleekemolen,34,8:01.924,11:10.870,8:57.361,5,BMW M4 GT4 EVO (G82),2026-05-17 00:37:37.997715
57,36,SP 9,AM,32,Scherer,34,9:13.981,11:57.971,9:05.727,5,BMW E89 Z4 (EVO 2013),2026-05-17 00:37:37.997715
58,177,SP 10,PROAM,6,Nicolae,34,9:38.292,10:54.145,9:00.667,4,BMW M4 GT4 EVO (G82),2026-05-17 00:37:37.997715
59,91,SP 7,,1,Ertl,34,10:53.297,11:49.779,8:49.797,5,Porsche 911 GT3 Cup (991),2026-05-17 00:37:37.997715
60,90,SP 10,PROAM,7,Sagrera,34,9:13.749,10:51.396,8:59.380,5,Toyota GR Supra GT4 EVO2,2026-05-17 00:37:37.997715
61,961,Cup 3,PRO,3,Lu,33,----LAP 33,11:27.088,9:08.057,4,Porsche 718 Cayman GT4 Clubsport (Typ 982),2026-05-17 00:37:37.997715
62,949,Cup 3,AM,4,Wenisch,33,34.207,11:51.720,9:12.020,5,Porsche 718 Cayman GT4 Clubsport (Typ 982),2026-05-17 00:37:37.997715
63,966,Cup 3,PRO,5,Oehme,33,40.847,13:02.320,9:17.003,6,Porsche 718 Cayman GT4 Clubsport (Typ 982),2026-05-17 00:37:37.997715
64,776,TCR,,1,Gabbiani,33,3:15.191,15:24.742,9:20.188,6,Audi RS3 LMS SEQ,2026-05-17 00:37:37.997715
65,939,Cup 3,AM,6,Schwenk,33,4:24.151,13:55.264,9:15.697,5,Porsche 718 Cayman GT4 Clubsport (Typ 982),2026-05-17 00:37:37.997715
66,171,SP 10,AM,8,Ullström,33,4:26.833,15:20.512,9:23.892,5,Porsche 718 Cayman GT4 RS CS,2026-05-17 00:37:37.997715
67,952,Cup 3,PRO,7,Kraus,33,6:31.792,11:46.208,9:27.223,4,Porsche 718 Cayman GT4 Clubsport (Typ 982),2026-05-17 00:37:37.997715
68,982,Cup 3,AM,8,Duffner,33,6:50.250,11:50.968,9:22.333,4,Porsche 718 Cayman GT4 Clubsport (Typ 982),2026-05-17 00:37:37.997715
69,945,Cup 3,AM,9,Okumura,33,8:01.516,12:19.504,9:41.427,4,Porsche 718 Cayman GT4 Clubsport (Typ 982),2026-05-17 00:37:37.997715
70,13,Cup 2,AM,10,Ecke,33,9:41.117,14:38.366,9:17.807,4,Porsche 911 GT3 Cup (992),2026-05-17 00:37:37.997715
71,95,Cup 2,PRO,11,Rettenbacher,33,9:51.217,10:20.139,8:38.526,7,Porsche 911 GT3 Cup (992),2026-05-17 00:37:37.997715
72,999,Cup 3,PRO,10,Riemer,32,----LAP 32,11:22.012,9:07.084,5,Porsche 718 Cayman GT4 Clubsport (Typ 982),2026-05-17 00:37:37.997715
73,164,SP 10,PROAM,9,Brodmerkel,32,40.266,15:37.230,8:59.910,5,Porsche 718 Cayman GT4 RS CS,2026-05-17 00:37:37.997715
74,175,SP 10,AM,10,Vazquez,32,2:46.048,14:27.292,9:09.674,5,Mercedes-AMG GT4,2026-05-17 00:37:37.997715
75,967,Cup 3,PRO,11,Rich,32,3:53.021,12:27.187,9:23.859,4,Porsche 718 Cayman GT4 Clubsport (Typ 982),2026-05-17 00:37:37.997715
76,169,SP 10,AM,11,Sander,32,5:40.996,11:22.768,9:17.197,4,Aston Martin Vantage AMR GT4,2026-05-17 00:37:37.997715
77,969,Cup 3,AM,12,Stewart,32,7:31.693,14:42.301,9:27.071,4,Porsche 718 Cayman GT4 Clubsport (Typ 982),2026-05-17 00:37:37.997715
78,317,SP 3T,,1,Haugg,32,7:33.336,11:33.965,9:34.061,5,Audi TTs,2026-05-17 00:37:37.997715
79,37,SP 9,AM,33,Wahl,32,8:18.130,10:58.050,8:37.093,6,Aston Martin Vantage AMR GT3,2026-05-17 00:37:37.997715
80,978,Cup 3,AM,13,Lamsouguer,32,8:40.845,11:59.053,9:33.831,4,Porsche 718 Cayman GT4 Clubsport (Typ 982),2026-05-17 00:37:37.997715
81,50,SP 4T,,2,Hammel,32,,12:43.149,8:57.956,5,VW Golf GTI Clubsport 24h,2026-05-17 00:37:37.997715
82,977,Cup 3,AM,14,Zimmermann,32,11:12.515,11:51.011,9:48.521,4,Porsche 718 Cayman GT4 Clubsport (Typ 982),2026-05-17 00:37:37.997715
83,898,BMW,,1,Dacher,31,----LAP 31,13:51.961,9:44.883,4,BMW M2 Racing (G87)*,2026-05-17 00:37:37.997715
84,396,V6,,1,Büllesbach,31,16.088,13:56.021,9:38.681,5,Porsche Cayman S*,2026-05-17 00:37:37.997715
85,519,VT2 Hecka,,1,Tack,31,35.795,13:57.228,9:48.700,4,Toyota Supra*,2026-05-17 00:37:37.997715
86,878,BMW,,2,Schlichenmeier,31,2:17.933,13:19.396,9:51.694,5,BMW M2 Racing (G87)*,2026-05-17 00:37:37.997715
87,480,VT2 Front,,1,Dupré,31,2:27.677,14:09.687,9:49.819,5,Audi S3-Lim*,2026-05-17 00:37:37.997715
88,500,VT2 Hecka,,2,Zils,31,2:37.277,14:13.527,9:49.234,4,BMW 330i*,2026-05-17 00:37:37.997715
89,669,BMW M240i,,1,Petrolo,31,3:15.512,11:36.917,9:43.196,4,BMW M240i Racing Cup*,2026-05-17 00:37:37.997715
90,577,TCR,,2,Rosam,31,3:20.334,14:29.589,9:25.597,4,Cupra Leon Competición TCR,2026-05-17 00:37:37.997715
91,658,BMW M240i,,2,Sari,31,4:46.701,14:18.871,9:58.764,5,BMW M240i Racing Cup*,2026-05-17 00:37:37.997715
92,652,BMW M240i,,3,Opran,31,5:46.943,11:26.506,9:37.792,5,BMW M240i Racing Cup*,2026-05-17 00:37:37.997715
93,321,SP 3T,,2,Mache,31,5:49.036,11:04.483,9:20.461,7,VW GOLF 7 GTI TCR DSG,2026-05-17 00:37:37.997715
94,170,SP 10,,12,Koyama,31,6:26.045,12:04.323,9:00.540,5,Toyota GR Supra GT4 EVO2,2026-05-17 00:37:37.997715
95,448,V6,,2,Müller,31,6:42.488,11:29.673,9:38.614,6,Porsche Cayman S*,2026-05-17 00:37:37.997715
96,665,BMW M240i,,4,Reinhard,31,7:05.852,11:37.264,9:41.802,5,BMW M240i Racing Cup*,2026-05-17 00:37:37.997715
97,653,BMW M240i,,5,Fitzgerald,31,7:11.938,11:53.340,9:45.564,6,BMW M240i Racing Cup*,2026-05-17 00:37:37.997715
98,941,Cup 3,PRO,15,van der Snel,31,,10:29.524,9:05.659,4,Porsche 718 Cayman GT4 Clubsport (Typ 982),2026-05-17 00:37:37.997715
99,471,VT2 Front,,2,Eichhorn,30,----LAP 30,15:27.227,9:59.750,5,Cupra Leon KL*,2026-05-17 00:37:37.997715
100,474,VT2 Front,,3,Hrubesch,30,58.548,12:31.480,10:15.189,5,VW Golf GTI *,2026-05-17 00:37:37.997715
101,444,V5,,1,Korn,30,1:10.053,11:29.534,9:54.131,5,Porsche Cayman CM12*,2026-05-17 00:37:37.997715
102,40,SP 9,AM,34,Posavac,30,1:51.295,18:34.705,8:53.859,4,BMW E89 Z4 (EVO 2013),2026-05-17 00:37:37.997715
103,89,TCR,,3,Groneck,30,2:44.765,11:46.191,9:55.499,5,VW GOLF 7 GTI TCR DSG,2026-05-17 00:37:37.997715
104,454,V5,,2,Hansen,30,2:51.041,12:44.455,10:10.380,4,Porsche Cayman CM12*,2026-05-17 00:37:37.997715
105,524,VT2 Hecka,,3,Ooms,30,3:11.869,14:39.846,9:48.602,4,Toyota Supra*,2026-05-17 00:37:37.997715
106,670,BMW M240i,,6,Paviot,30,3:24.566,15:10.843,9:58.466,5,BMW M240i Racing Cup*,2026-05-17 00:37:37.997715
107,870,BMW,,3,Kreutzpointner,30,3:50.919,12:48.925,9:46.793,5,BMW M2 Racing (G87)*,2026-05-17 00:37:37.997715
108,520,VT2 Hecka,,4,Horino,30,6:30.561,15:21.149,9:56.492,4,Toyota Supra*,2026-05-17 00:37:37.997715
109,667,BMW M240i,,7,Fontes,30,8:27.985,15:43.246,9:49.349,5,BMW M240i Racing Cup*,2026-05-17 00:37:37.997715
110,503,VT2 Hecka,,5,Ehrhardt,30,9:21.441,12:26.495,10:07.362,5,Toyota Supra*,2026-05-17 00:37:37.997715
111,420,SP 7,,2,Schöni,30,10:43.247,12:10.508,9:15.838,4,Porsche 718 Cayman GT4 Clubsport (Typ 982),2026-05-17 00:37:37.997715
112,472,VT2 Front,,4,Füting,30,8:50.097,13:46.616,10:15.934,5,Cupra Leon KL*,2026-05-17 00:37:37.997715
113,651,BMW M240i,,8,Silva,29,----LAP 29,14:13.951,9:38.161,5,BMW M240i Racing Cup*,2026-05-17 00:37:37.997715
114,100,BMW 325i,,1,Gruber,29,29.161,13:30.483,10:21.172,3,BMW 325i*,2026-05-17 00:37:37.997715
115,821,SP 3T,,3,Epp,29,4:45.446,11:26.989,9:40.639,6,Audi RS3 LMS DSG*,2026-05-17 00:37:37.997715
116,650,BMW M240i,,9,Fübrich,29,5:53.753,13:41.324,9:29.559,5,BMW M240i Racing Cup*,2026-05-17 00:37:37.997715
117,418,V6,,3,Lamadrid,29,7:07.353,13:13.372,10:12.681,6,Porsche Cayman S*,2026-05-17 00:37:37.997715
118,514,VT2 Hecka,,6,De Groot,29,8:12.480,14:01.960,9:47.916,4,BMW 330i*,2026-05-17 00:37:37.997715
119,415,V6,,4,Rings,29,,11:17.984,9:39.386,5,Porsche 911 Carrera*,2026-05-17 00:37:37.997715
120,320,AT2,,2,López Cesaratto,28,----LAP 28,11:28.727,8:57.689,5,Porsche 911 GT3 Cup (992.1),2026-05-17 00:37:37.997715
121,979,Cup 3,PRO,16,Surzyshyn,28,16.982,15:22.144,9:18.187,4,Porsche 718 Cayman GT4 Clubsport (Typ 982),2026-05-17 00:37:37.997715
122,959,Cup 3,PRO,17,Haughton,28,1:58.013,12:37.460,9:01.126,4,Porsche 718 Cayman GT4 Clubsport (Typ 982),2026-05-17 00:37:37.997715
123,101,BMW 325i,,2,Schwolow,28,2:54.860,16:18.352,10:43.196,4,BMW 325i (e90)*,2026-05-17 00:37:37.997715
124,505,VT2 Hecka,,7,Van Vooren,28,3:48.982,12:35.313,10:43.608,4,BMW 330i*,2026-05-17 00:37:37.997715
125,112,BMW 325i,,3,Küpper,28,7:46.577,15:25.422,10:33.637,5,BMW 325i (e90)*,2026-05-17 00:37:37.997715
126,455,V5,,3,Trinius,28,,22:54.838,10:35.030,5,Porsche Cayman CM12*,2026-05-17 00:37:37.997715
127,303,SP 4T,,3,Shin,28,6:48.392,13:21.674,9:29.769,4,Hyundai Motor Company ELANTRAN1 RP,2026-05-17 00:37:37.997715
128,830,TCR,,4,Basseng,27,----LAP 27,10:39.103,8:54.740,4,Hyundai Motor Company ELANTRA N TCR,2026-05-17 00:37:37.997715
129,445,V5,,4,Welker,27,21.872,13:12.587,10:41.778,5,Porsche Cayman CM12*,2026-05-17 00:37:37.997715
130,440,V5,,5,Ebener,27,2:03.693,11:57.419,10:09.194,5,Porsche Cayman CM12*,2026-05-17 00:37:37.997715
131,477,VT2 Front,,5,Mennecke,27,2:32.773,13:18.035,10:56.392,5,VW Scirocco R TSI*,2026-05-17 00:37:37.997715
132,380,SP 2T,,1,Schäffer,27,3:45.168,19:09.641,10:43.078,4,Opel Corsa GS Line 130*,2026-05-17 00:37:37.997715
133,152,SP 4,,1,Koger,27,4:03.662,20:12.305,11:21.667,4,BMW 325CI*,2026-05-17 00:37:37.997715
134,109,SP 2T,,2,Oshima,27,,18:49.537,9:33.699,6,Toyota GR Yaris,2026-05-17 00:37:37.997715
135,10,SP 3T,,4,Lenz,27,7:15.347,11:26.459,9:32.312,6,VW Golf GTI Clubsport 24h,2026-05-17 00:37:37.997715
136,300,SP 3T,,5,Geilfus,26,----LAP 26,18:06.125,10:22.613,6,Dacia Logan,2026-05-17 00:37:37.997715
137,82,SP 7,,3,Schröder,26,3:01.171,11:28.128,9:42.820,6,Porsche 718 Cayman GT4 Clubsport (Typ 982),2026-05-17 00:37:37.997715
138,59,SP 8T,,1,Weishar,26,4:17.848,14:35.374,8:57.891,4,McLaren Artura Trophy Evo,2026-05-17 00:37:37.997715
139,786,SP 9,AM,35,Nana,26,,15:57.033,8:28.245,6,Lamborghini Huracan GT3 EVO2,2026-05-17 00:37:37.997715
140,302,SP 4T,,4,Azcona,25,----LAP 25,13:07.400,9:21.541,3,Hyundai Motor Company ELANTRAN1 RP,2026-05-17 00:37:37.997715
141,911,SP 9,PRO,36,Estre,24,----LAP 24,12:05.638,8:13.671,3,Porsche 911 GT3 R (992) Evo26,2026-05-17 00:37:37.997715
142,64,SP 9,PRO,37,Maini,24,1:16.175,9:15.199,8:14.825,3,Ford Mustang GT3 EVO (2026),2026-05-17 00:37:37.997715
143,677,BMW M240i,,10,Tauber,24,1:57:46.141,14:42.815,10:17.190,5,BMW M240i Racing Cup*,2026-05-17 00:37:37.997715
144,800,SP 3T,,6,Oepen,23,----LAP 23,15:44.814,9:44.296,7,VW GOLF 7 GTI TCR DSG,2026-05-17 00:37:37.997715
145,76,SP 4T,,5,Hochwind,21,----LAP 21,1:26:49.596,9:03.336,5,VW Golf GTI Clubsport 24h,2026-05-17 00:37:37.997715
146,569,VT2 Hecka,,8,Van‘t veer,20,----LAP 20,14:14.953,10:14.652,5,BMW 328i*,2026-05-17 00:37:37.997715
147,501,VT2 Hecka,,9,Vortkamp,17,----LAP 17,13:48.642,10:19.031,3,BMW 330i*,2026-05-17 00:37:37.997715
148,808,SP 3T,,7,Geon,17,2:42:29.877,16:54.324,10:03.234,2,Cupra TCR DSG,2026-05-17 00:37:37.997715
149,108,BMW 325i,,4,Grilli,16,----LAP 16,17:57.423,10:40.183,4,BMW 325i (e90)*,2026-05-17 00:37:37.997715
150,277,SP 3,,1,Harris,16,,27:12.894,10:17.533,5,BMW 318ti (E36)*,2026-05-17 00:37:37.997715
151,16,SP 9,PRO,38,Sims,16,,20:15.798,8:13.543,3,Audi R8 LMS GT3 evo II,2026-05-17 00:37:37.997715
152,47,SP 9,PRO,39,Krohn,15,----LAP 15,9:34.941,8:13.404,2,Mercedes-AMG GT3,2026-05-17 00:37:37.997715
153,189,SP 10,AM,13,Kroll,15,23:04.326,13:14.547,9:02.852,2,BMW M4 GT4 EVO (G82),2026-05-17 00:37:37.997715
154,45,SP 9,PRO,40,Vermeulen,14,----LAP 14,12:21.623,8:12.515,2,Ferrari 296 GT3 Evo26,2026-05-17 00:37:37.997715
155,75,AT1,PROAM,2,Fugel,11,----LAP 11,8:31.376,8:20.316,1,Audi R8 LMS GT3 evo II,2026-05-17 00:37:37.997715
156,195,BMW M240i,,11,Hoenjet,10,----LAP 10,10:18.132,9:31.981,1,BMW M240i Racing Cup*,2026-05-17 00:37:37.997715
157,110,SP 2T,,3,Sasaki,7,----LAP 7,12:50.416,11:05.842,2,Toyota GR Yaris,2026-05-17 00:37:37.997715
158,410,V6,,5,Croci,6,----LAP 6,10:08.339,10:20.292,1,Porsche Cayman GTS*,2026-05-17 00:37:37.997715
159,35,SP 9,PROAM,41,Fernandez Laser,4,----LAP 4,10:19.256,8:29.335,1,Aston Martin Vantage AMR GT3 EVO,2026-05-17 00:37:37.997715
NormalQualified,NormalQualified,NormalQualified,NormalQualified,NormalQualified,NormalQualified,NormalQualified,NormalQualified,NormalQualified,NormalQualified,NormalQualified,NormalQualified,2026-05-17 00:37:37.997715
1,3,SP 9,PRO,1,Auer,38,----LAP 38,9:46.909,8:13.690,5,Mercedes-AMG GT3,2026-05-17 00:38:08.163544
2,80,SP 9,PRO,2,Schiller,38,01.256,9:46.499,8:14.337,5,Mercedes-AMG GT3,2026-05-17 00:38:08.163544
3,34,SP 9,PRO,3,Drudi,38,2:30.542,9:54.983,8:17.432,5,Aston Martin Vantage AMR GT3 EVO,2026-05-17 00:38:08.163544
4,99,SP 9,PRO,4,Harper,38,2:42.383,9:36.895,8:18.953,5,BMW M4 GT3 EVO,2026-05-17 00:38:08.163544
5,81,SP-X,PRO,1,de Phillippi,38,2:56.152,10:22.802,8:17.045,5,BMW M3 Touring 24h,2026-05-17 00:38:08.163544
6,44,SP 9,PRO,5,Bachler,38,3:07.563,10:06.254,8:17.284,5,Porsche 911 GT3 R (992) Evo26,2026-05-17 00:38:08.163544
7,24,SP 9,PRO,6,Vanthoor,37,----LAP 37,10:17.071,8:18.141,4,Porsche 911 GT3 R (992) Evo26,2026-05-17 00:38:08.163544
8,1,SP 9,PRO,7,Farfus,37,2:13.571,10:01.248,8:16.257,5,BMW M4 GT3 EVO,2026-05-17 00:38:08.163544
9,54,SP 9,PRO,8,Christensen,37,2:17.910,10:10.236,8:21.411,4,Porsche 911 GT3 R (992) Evo26,2026-05-17 00:38:08.163544
10,67,SP 9,PRO,9,Vervisch,37,2:24.442,12:56.190,8:16.169,5,Ford Mustang GT3 EVO (2026),2026-05-17 00:38:08.163544
11,65,SP 9,PROAM,10,Caresani,37,2:56.722,9:56.987,8:15.271,5,Ford Mustang GT3 EVO (2026),2026-05-17 00:38:08.163544
12,86,SP 9,PROAM,11,King,37,3:36.131,9:40.795,8:24.189,5,Porsche 911 GT3 R (992) Evo26,2026-05-17 00:38:08.163544
13,26,SP 9,PRO,12,Böckmann,37,3:38.370,9:56.205,8:14.685,5,Mercedes-AMG GT3,2026-05-17 00:38:08.163544
14,84,SP 9,PRO,13,Bortolotti,37,3:51.542,9:52.288,8:11.149,5,Lamborghini Huracan GT3 EVO2,2026-05-17 00:38:08.163544
15,77,SP 9,PRO,14,Frijns,37,4:48.437,10:24.817,8:14.452,5,BMW M4 GT3 EVO,2026-05-17 00:38:08.163544
16,48,SP 9,PROAM,15,Müller,37,4:57.433,10:17.979,8:17.605,5,Porsche 911 GT3 R (992) Evo26,2026-05-17 00:38:08.163544
17,11,SP 9,PROAM,16,Härtling,37,5:34.897,10:15.253,8:19.388,5,Mercedes-AMG GT3,2026-05-17 00:38:08.163544
18,55,SP 9,PRO,17,Sturm,37,6:04.112,10:06.096,8:27.508,6,Porsche 911 GT3 R (992) Evo26,2026-05-17 00:38:08.163544
19,18,SP 9,PROAM,18,Kolb,37,6:49.328,9:52.824,8:24.640,5,Porsche 911 GT3 R (992) Evo26,2026-05-17 00:38:08.163544
20,17,SP 9,PRO,19,Menzel,37,7:00.368,9:36.782,8:18.394,6,Porsche 911 GT3 R (992) Evo26,2026-05-17 00:38:08.163544
21,69,SP 9,PRO,20,Dörr,37,8:07.562,10:03.009,8:18.493,5,McLaren 720S-GT3,2026-05-17 00:38:08.163544
22,123,SP 9,PROAM,21,Brundle,37,9:22.197,9:55.584,8:25.985,5,Porsche 911 GT3 R (992) Evo26,2026-05-17 00:38:08.163544
23,7,SP 9,PRO,22,Paul,37,9:25.612,9:50.406,8:14.446,5,Lamborghini Huracan GT3 EVO2,2026-05-17 00:38:08.163544
24,5,SP 9,AM,23,Kiefer,37,9:58.182,10:14.902,8:18.760,5,Porsche 911 GT3 R (992) Evo26,2026-05-17 00:38:08.163544
25,4,SP 9,PROAM,24,Fontana,37,10:18.763,10:03.121,8:22.099,5,Porsche 911 GT3 R (992) Evo26,2026-05-17 00:38:08.163544
26,30,SP 9,PROAM,25,Seefried,36,----LAP 36,10:10.548,8:24.267,5,Porsche 911 GT3 R (992) Evo26,2026-05-17 00:38:08.163544
27,39,SP 9,PROAM,26,Hantke,36,1:19.673,10:33.894,8:28.420,5,Aston Martin Vantage AMR GT3 EVO,2026-05-17 00:38:08.163544
28,32,SP 9,PROAM,27,Nakayama,36,2:23.188,12:49.674,8:31.507,5,Mercedes-AMG GT3,2026-05-17 00:38:08.163544
29,66,SP-X,PROAM,2,Hörr,36,5:19.610,10:54.172,8:31.491,5,KTM X-Bow GTX,2026-05-17 00:38:08.163544
30,130,SP 9,PRO,28,Yelloly,36,5:19.715,23:54.448,8:14.351,5,Lamborghini Huracan GT3 EVO2,2026-05-17 00:38:08.163544
31,900,Cup 2,PRO,1,Meijer,36,6:27.450,10:25.087,8:31.415,4,Porsche 911 GT3 Cup (992),2026-05-17 00:38:08.163544
32,902,Cup 2,PRO,2,Rennhofer,36,7:04.893,10:16.282,8:31.047,4,Porsche 911 GT3 Cup (992),2026-05-17 00:38:08.163544
33,918,Cup 2,PRO,3,Scheerbarth,36,9:19.060,10:38.620,8:32.495,4,Porsche 911 GT3 Cup (992),2026-05-17 00:38:08.163544
34,71,SP 9,PROAM,29,Kaffer,35,----LAP 35,12:08.440,8:27.786,5,Audi R8 LMS GT3 evo II,2026-05-17 00:38:08.163544
35,19,AT1,PROAM,1,Coronel,35,3:36.957,10:11.285,8:26.868,5,Audi R8 LMS GT3 evo II,2026-05-17 00:38:08.163544
36,61,SP-X,PRO,3,Arnold,35,6:16.297,10:47.814,8:49.118,5,HWA EVO.R,2026-05-17 00:38:08.163544
37,992,SP-PRO,PROAM,1,Griesemann,35,7:08.729,13:55.477,8:36.238,5,Porsche 911 GT3 CUP MR,2026-05-17 00:38:08.163544
38,8,SP 9,AM,30,Veremenko,35,7:17.398,10:15.222,8:31.131,5,Audi R8 LMS GT3 evo II,2026-05-17 00:38:08.163544
39,62,SP-X,PRO,4,Adelson,35,8:34.166,11:59.157,8:44.071,4,HWA EVO.R,2026-05-17 00:38:08.163544
40,925,Cup 2,PRO,4,Miller,35,9:40.104,10:27.198,8:50.061,4,Porsche 911 GT3 Cup (992),2026-05-17 00:38:08.163544
41,33,SP 9,PROAM,31,Di Martino,35,3:06.759,15:55.817,8:33.316,6,Audi R8 LMS GT3 evo II,2026-05-17 00:38:08.163544
42,88,SP 4T,,1,Kubo,35,8:54.083,11:48.582,8:58.132,4,Subaru WRX,2026-05-17 00:38:08.163544
43,909,Cup 2,AM,5,Messenger,35,10:06.881,12:26.851,8:38.719,4,Porsche 911 GT3 Cup (992),2026-05-17 00:38:08.163544
44,904,Cup 2,AM,6,Kranz,34,----LAP 34,11:50.541,8:34.272,5,Porsche 911 GT3 Cup (992),2026-05-17 00:38:08.163544
45,63,SP-X,PRO,5,Holstad,34,19.587,11:28.262,8:50.353,5,HWA EVO.R,2026-05-17 00:38:08.163544
46,632,AT2,,1,Charoudin,34,10.967,10:58.906,8:33.391,5,Porsche 911 GT3 Cup (992.1),2026-05-17 00:38:08.163544
47,777,Cup 2,AM,7,Jönsson,34,20.660,11:56.590,8:37.406,4,Porsche 911 GT3 Cup (992),2026-05-17 00:38:08.163544
48,962,Cup 3,PRO,1,Wiedmann,34,54.094,11:02.774,9:00.773,4,Porsche 718 Cayman GT4 Clubsport (Typ 982),2026-05-17 00:38:08.163544
49,908,Cup 2,AM,8,Mühlenz,34,1:38.102,14:27.960,8:48.446,4,Porsche 911 GT3 Cup (992),2026-05-17 00:38:08.163544
50,919,Cup 2,PRO,9,Chrzanowski,34,1:55.701,10:19.602,8:34.385,5,Porsche 911 GT3 Cup (992),2026-05-17 00:38:08.163544
51,176,SP 10,PROAM,1,de Oliveira,34,2:02.562,14:35.624,9:00.405,4,Mercedes-AMG GT4,2026-05-17 00:38:08.163544
52,888,SP 10,PROAM,2,Wiskirchen,34,2:03.259,15:08.293,8:54.980,4,BMW M4 GT4 EVO (G82),2026-05-17 00:38:08.163544
53,187,SP 10,PROAM,3,Link,34,2:43.113,14:10.688,8:57.978,5,BMW M4 GT4 (G82),2026-05-17 00:38:08.163544
54,180,SP 10,AM,4,Ogburn,34,4:53.922,11:11.857,8:56.749,5,BMW M4 GT4 EVO (G82),2026-05-17 00:38:08.163544
55,971,Cup 3,PRO,2,Braun,34,5:09.612,12:09.207,9:00.846,4,Porsche 718 Cayman GT4 Clubsport (Typ 982),2026-05-17 00:38:08.163544
56,145,SP 10,PROAM,5,Bleekemolen,34,5:38.068,11:10.870,8:57.361,5,BMW M4 GT4 EVO (G82),2026-05-17 00:38:08.163544
57,36,SP 9,AM,32,Scherer,34,6:44.232,11:57.971,9:05.727,5,BMW E89 Z4 (EVO 2013),2026-05-17 00:38:08.163544
58,177,SP 10,PROAM,6,Nicolae,34,7:03.786,10:54.145,9:00.667,4,BMW M4 GT4 EVO (G82),2026-05-17 00:38:08.163544
59,91,SP 7,,1,Ertl,34,8:15.624,11:49.779,8:49.797,5,Porsche 911 GT3 Cup (991),2026-05-17 00:38:08.163544
60,90,SP 10,PROAM,7,Sagrera,34,6:32.773,10:51.396,8:59.380,5,Toyota GR Supra GT4 EVO2,2026-05-17 00:38:08.163544
61,961,Cup 3,PRO,3,Lu,33,----LAP 33,11:27.088,9:08.057,4,Porsche 718 Cayman GT4 Clubsport (Typ 982),2026-05-17 00:38:08.163544
62,949,Cup 3,AM,4,Wenisch,33,34.207,11:51.720,9:12.020,5,Porsche 718 Cayman GT4 Clubsport (Typ 982),2026-05-17 00:38:08.163544
63,966,Cup 3,PRO,5,Oehme,33,40.847,13:02.320,9:17.003,6,Porsche 718 Cayman GT4 Clubsport (Typ 982),2026-05-17 00:38:08.163544
64,776,TCR,,1,Gabbiani,33,3:13.700,15:24.742,9:20.188,6,Audi RS3 LMS SEQ,2026-05-17 00:38:08.163544
65,939,Cup 3,AM,6,Schwenk,33,4:24.151,13:55.264,9:15.697,5,Porsche 718 Cayman GT4 Clubsport (Typ 982),2026-05-17 00:38:08.163544
66,171,SP 10,AM,8,Ullström,33,4:26.833,15:20.512,9:23.892,5,Porsche 718 Cayman GT4 RS CS,2026-05-17 00:38:08.163544
67,952,Cup 3,PRO,7,Kraus,33,6:31.207,11:46.208,9:27.223,4,Porsche 718 Cayman GT4 Clubsport (Typ 982),2026-05-17 00:38:08.163544
68,982,Cup 3,AM,8,Duffner,33,6:48.318,11:50.968,9:22.333,4,Porsche 718 Cayman GT4 Clubsport (Typ 982),2026-05-17 00:38:08.163544
69,945,Cup 3,AM,9,Okumura,33,8:01.516,12:19.504,9:41.427,4,Porsche 718 Cayman GT4 Clubsport (Typ 982),2026-05-17 00:38:08.163544
70,13,Cup 2,AM,10,Ecke,33,9:41.117,14:38.366,9:17.807,4,Porsche 911 GT3 Cup (992),2026-05-17 00:38:08.163544
71,95,Cup 2,PRO,11,Rettenbacher,33,9:50.259,10:20.139,8:38.526,7,Porsche 911 GT3 Cup (992),2026-05-17 00:38:08.163544
72,999,Cup 3,PRO,10,Riemer,32,----LAP 32,11:22.012,9:07.084,5,Porsche 718 Cayman GT4 Clubsport (Typ 982),2026-05-17 00:38:08.163544
73,164,SP 10,PROAM,9,Brodmerkel,32,40.266,15:37.230,8:59.910,5,Porsche 718 Cayman GT4 RS CS,2026-05-17 00:38:08.163544
74,175,SP 10,AM,10,Vazquez,32,2:46.048,14:27.292,9:09.674,5,Mercedes-AMG GT4,2026-05-17 00:38:08.163544
75,967,Cup 3,PRO,11,Rich,32,3:53.021,12:27.187,9:23.859,4,Porsche 718 Cayman GT4 Clubsport (Typ 982),2026-05-17 00:38:08.163544
76,169,SP 10,AM,11,Sander,32,5:26.779,11:22.768,9:17.197,4,Aston Martin Vantage AMR GT4,2026-05-17 00:38:08.163544
77,969,Cup 3,AM,12,Stewart,32,7:31.693,14:42.301,9:27.071,4,Porsche 718 Cayman GT4 Clubsport (Typ 982),2026-05-17 00:38:08.163544
78,317,SP 3T,,1,Haugg,32,7:33.336,11:33.965,9:34.061,5,Audi TTs,2026-05-17 00:38:08.163544
79,37,SP 9,AM,33,Wahl,32,8:07.286,10:58.050,8:37.093,6,Aston Martin Vantage AMR GT3,2026-05-17 00:38:08.163544
80,978,Cup 3,AM,13,Lamsouguer,32,8:40.845,11:59.053,9:33.831,4,Porsche 718 Cayman GT4 Clubsport (Typ 982),2026-05-17 00:38:08.163544
81,977,Cup 3,AM,14,Zimmermann,32,11:12.713,11:51.011,9:48.521,4,Porsche 718 Cayman GT4 Clubsport (Typ 982),2026-05-17 00:38:08.163544
82,50,SP 4T,,2,Hammel,32,,12:43.149,8:57.956,5,VW Golf GTI Clubsport 24h,2026-05-17 00:38:08.163544
83,898,BMW,,1,Dacher,31,----LAP 31,13:51.961,9:44.883,4,BMW M2 Racing (G87)*,2026-05-17 00:38:08.163544
84,396,V6,,1,Büllesbach,31,18.567,13:56.021,9:38.681,5,Porsche Cayman S*,2026-05-17 00:38:08.163544
85,519,VT2 Hecka,,1,Tack,31,35.795,13:57.228,9:48.700,4,Toyota Supra*,2026-05-17 00:38:08.163544
86,878,BMW,,2,Schlichenmeier,31,2:17.933,13:19.396,9:51.694,5,BMW M2 Racing (G87)*,2026-05-17 00:38:08.163544
87,480,VT2 Front,,1,Dupré,31,2:27.677,14:09.687,9:49.819,5,Audi S3-Lim*,2026-05-17 00:38:08.163544
88,500,VT2 Hecka,,2,Zils,31,2:37.277,14:13.527,9:49.234,4,BMW 330i*,2026-05-17 00:38:08.163544
89,669,BMW M240i,,1,Petrolo,31,3:15.512,11:36.917,9:43.196,4,BMW M240i Racing Cup*,2026-05-17 00:38:08.163544
90,577,TCR,,2,Rosam,31,3:20.334,14:29.589,9:25.597,4,Cupra Leon Competición TCR,2026-05-17 00:38:08.163544
91,658,BMW M240i,,2,Sari,31,4:48.000,14:18.871,9:58.764,5,BMW M240i Racing Cup*,2026-05-17 00:38:08.163544
92,652,BMW M240i,,3,Opran,31,5:46.943,11:26.506,9:37.792,5,BMW M240i Racing Cup*,2026-05-17 00:38:08.163544
93,321,SP 3T,,2,Mache,31,5:49.036,11:04.483,9:20.461,7,VW GOLF 7 GTI TCR DSG,2026-05-17 00:38:08.163544
94,170,SP 10,,12,Koyama,31,6:26.045,12:04.323,9:00.540,5,Toyota GR Supra GT4 EVO2,2026-05-17 00:38:08.163544
95,448,V6,,2,Müller,31,6:42.488,11:29.673,9:38.614,6,Porsche Cayman S*,2026-05-17 00:38:08.163544
96,665,BMW M240i,,4,Reinhard,31,7:05.414,11:37.264,9:41.802,5,BMW M240i Racing Cup*,2026-05-17 00:38:08.163544
97,653,BMW M240i,,5,Fitzgerald,31,7:11.748,11:53.340,9:45.564,6,BMW M240i Racing Cup*,2026-05-17 00:38:08.163544
98,941,Cup 3,PRO,15,van der Snel,31,,10:29.524,9:05.659,4,Porsche 718 Cayman GT4 Clubsport (Typ 982),2026-05-17 00:38:08.163544
99,471,VT2 Front,,2,Eichhorn,31,10:35.060,11:39.860,9:59.750,5,Cupra Leon KL*,2026-05-17 00:38:08.163544
100,444,V5,,1,Korn,30,----LAP 30,11:29.534,9:54.131,5,Porsche Cayman CM12*,2026-05-17 00:38:08.163544
101,474,VT2 Front,,3,Hrubesch,30,10.198,12:31.480,10:15.189,5,VW Golf GTI *,2026-05-17 00:38:08.163544
102,40,SP 9,AM,34,Posavac,30,41.242,18:34.705,8:53.859,4,BMW E89 Z4 (EVO 2013),2026-05-17 00:38:08.163544
103,89,TCR,,3,Groneck,30,1:34.712,11:46.191,9:55.499,5,VW GOLF 7 GTI TCR DSG,2026-05-17 00:38:08.163544
104,454,V5,,2,Hansen,30,1:40.988,12:44.455,10:10.380,4,Porsche Cayman CM12*,2026-05-17 00:38:08.163544
105,524,VT2 Hecka,,3,Ooms,30,2:01.816,14:39.846,9:48.602,4,Toyota Supra*,2026-05-17 00:38:08.163544
106,670,BMW M240i,,6,Paviot,30,2:14.513,15:10.843,9:58.466,5,BMW M240i Racing Cup*,2026-05-17 00:38:08.163544
107,870,BMW,,3,Kreutzpointner,30,2:40.866,12:48.925,9:46.793,5,BMW M2 Racing (G87)*,2026-05-17 00:38:08.163544
108,520,VT2 Hecka,,4,Horino,30,5:31.567,15:21.149,9:56.492,4,Toyota Supra*,2026-05-17 00:38:08.163544
109,667,BMW M240i,,7,Fontes,30,7:29.646,15:43.246,9:49.349,5,BMW M240i Racing Cup*,2026-05-17 00:38:08.163544
110,503,VT2 Hecka,,5,Ehrhardt,30,8:21.771,12:26.495,10:07.362,5,Toyota Supra*,2026-05-17 00:38:08.163544
111,420,SP 7,,2,Schöni,30,9:43.850,12:10.508,9:15.838,4,Porsche 718 Cayman GT4 Clubsport (Typ 982),2026-05-17 00:38:08.163544
112,472,VT2 Front,,4,Füting,30,7:49.843,13:46.616,10:15.934,5,Cupra Leon KL*,2026-05-17 00:38:08.163544
113,651,BMW M240i,,8,Silva,29,----LAP 29,14:13.951,9:38.161,5,BMW M240i Racing Cup*,2026-05-17 00:38:08.163544
114,100,BMW 325i,,1,Gruber,29,29.161,13:30.483,10:21.172,3,BMW 325i*,2026-05-17 00:38:08.163544
115,821,SP 3T,,3,Epp,29,4:45.446,11:26.989,9:40.639,6,Audi RS3 LMS DSG*,2026-05-17 00:38:08.163544
116,650,BMW M240i,,9,Fübrich,29,5:53.753,13:41.324,9:29.559,5,BMW M240i Racing Cup*,2026-05-17 00:38:08.163544
117,418,V6,,3,Lamadrid,29,7:07.353,13:13.372,10:12.681,6,Porsche Cayman S*,2026-05-17 00:38:08.163544
118,514,VT2 Hecka,,6,De Groot,29,8:09.168,14:01.960,9:47.916,4,BMW 330i*,2026-05-17 00:38:08.163544
119,415,V6,,4,Arnold,29,11:05.509,11:17.984,9:39.386,5,Porsche 911 Carrera*,2026-05-17 00:38:08.163544
120,320,AT2,,2,López Cesaratto,28,----LAP 28,11:28.727,8:57.689,5,Porsche 911 GT3 Cup (992.1),2026-05-17 00:38:08.163544
121,979,Cup 3,PRO,16,Surzyshyn,28,16.982,15:22.144,9:18.187,4,Porsche 718 Cayman GT4 Clubsport (Typ 982),2026-05-17 00:38:08.163544
122,959,Cup 3,PRO,17,Haughton,28,1:58.013,12:37.460,9:01.126,4,Porsche 718 Cayman GT4 Clubsport (Typ 982),2026-05-17 00:38:08.163544
123,101,BMW 325i,,2,Schwolow,28,2:54.860,16:18.352,10:43.196,4,BMW 325i (e90)*,2026-05-17 00:38:08.163544
124,505,VT2 Hecka,,7,Van Vooren,28,3:59.966,12:35.313,10:43.608,4,BMW 330i*,2026-05-17 00:38:08.163544
125,112,BMW 325i,,3,Küpper,28,7:57.767,15:25.422,10:33.637,5,BMW 325i (e90)*,2026-05-17 00:38:08.163544
126,455,V5,,3,Trinius,28,,22:54.838,10:35.030,5,Porsche Cayman CM12*,2026-05-17 00:38:08.163544
127,303,SP 4T,,3,Shin,28,6:48.392,13:21.674,9:29.769,4,Hyundai Motor Company ELANTRAN1 RP,2026-05-17 00:38:08.163544
128,830,TCR,,4,Basseng,27,----LAP 27,10:39.103,8:54.740,4,Hyundai Motor Company ELANTRA N TCR,2026-05-17 00:38:08.163544
129,445,V5,,4,Welker,27,21.872,13:12.587,10:41.778,5,Porsche Cayman CM12*,2026-05-17 00:38:08.163544
130,440,V5,,5,Ebener,27,2:03.693,11:57.419,10:09.194,5,Porsche Cayman CM12*,2026-05-17 00:38:08.163544
131,477,VT2 Front,,5,Mennecke,27,2:34.058,13:18.035,10:56.392,5,VW Scirocco R TSI*,2026-05-17 00:38:08.163544
132,380,SP 2T,,1,Schäffer,27,3:37.535,19:09.641,10:43.078,4,Opel Corsa GS Line 130*,2026-05-17 00:38:08.163544
133,152,SP 4,,1,Koger,27,4:03.662,20:12.305,11:21.667,4,BMW 325CI*,2026-05-17 00:38:08.163544
134,109,SP 2T,,2,Oshima,27,,18:49.537,9:33.699,6,Toyota GR Yaris,2026-05-17 00:38:08.163544
135,10,SP 3T,,4,Lenz,27,7:15.347,11:26.459,9:32.312,6,VW Golf GTI Clubsport 24h,2026-05-17 00:38:08.163544
136,300,SP 3T,,5,Geilfus,27,9:36.141,13:02.217,10:22.613,6,Dacia Logan,2026-05-17 00:38:08.163544
137,82,SP 7,,3,Schröder,26,----LAP 26,11:28.128,9:42.820,6,Porsche 718 Cayman GT4 Clubsport (Typ 982),2026-05-17 00:38:08.163544
138,59,SP 8T,,1,Weishar,26,1:16.677,14:35.374,8:57.891,4,McLaren Artura Trophy Evo,2026-05-17 00:38:08.163544
139,786,SP 9,AM,35,Nana,26,,15:57.033,8:28.245,6,Lamborghini Huracan GT3 EVO2,2026-05-17 00:38:08.163544
140,302,SP 4T,,4,Azcona,25,----LAP 25,13:07.400,9:21.541,3,Hyundai Motor Company ELANTRAN1 RP,2026-05-17 00:38:08.163544
141,911,SP 9,PRO,36,Estre,24,----LAP 24,12:05.638,8:13.671,3,Porsche 911 GT3 R (992) Evo26,2026-05-17 00:38:08.163544
142,64,SP 9,PRO,37,Maini,24,1:16.175,9:15.199,8:14.825,3,Ford Mustang GT3 EVO (2026),2026-05-17 00:38:08.163544
143,677,BMW M240i,,10,Tauber,24,1:57:46.141,14:42.815,10:17.190,5,BMW M240i Racing Cup*,2026-05-17 00:38:08.163544
144,800,SP 3T,,6,Oepen,23,----LAP 23,15:44.814,9:44.296,7,VW GOLF 7 GTI TCR DSG,2026-05-17 00:38:08.163544
145,76,SP 4T,,5,Hochwind,21,----LAP 21,1:26:49.596,9:03.336,5,VW Golf GTI Clubsport 24h,2026-05-17 00:38:08.163544
146,569,VT2 Hecka,,8,Van‘t veer,20,----LAP 20,14:14.953,10:14.652,5,BMW 328i*,2026-05-17 00:38:08.163544
147,501,VT2 Hecka,,9,Vortkamp,17,----LAP 17,13:48.642,10:19.031,3,BMW 330i*,2026-05-17 00:38:08.163544
148,808,SP 3T,,7,Geon,17,2:42:29.877,16:54.324,10:03.234,2,Cupra TCR DSG,2026-05-17 00:38:08.163544
149,108,BMW 325i,,4,Grilli,16,----LAP 16,17:57.423,10:40.183,4,BMW 325i (e90)*,2026-05-17 00:38:08.163544
150,277,SP 3,,1,Harris,16,,27:12.894,10:17.533,5,BMW 318ti (E36)*,2026-05-17 00:38:08.163544
151,16,SP 9,PRO,38,Sims,16,,20:15.798,8:13.543,3,Audi R8 LMS GT3 evo II,2026-05-17 00:38:08.163544
152,47,SP 9,PRO,39,Krohn,15,----LAP 15,9:34.941,8:13.404,2,Mercedes-AMG GT3,2026-05-17 00:38:08.163544
153,189,SP 10,AM,13,Kroll,15,23:04.326,13:14.547,9:02.852,2,BMW M4 GT4 EVO (G82),2026-05-17 00:38:08.163544
154,45,SP 9,PRO,40,Vermeulen,14,----LAP 14,12:21.623,8:12.515,2,Ferrari 296 GT3 Evo26,2026-05-17 00:38:08.163544
155,75,AT1,PROAM,2,Fugel,11,----LAP 11,8:31.376,8:20.316,1,Audi R8 LMS GT3 evo II,2026-05-17 00:38:08.163544
156,195,BMW M240i,,11,Hoenjet,10,----LAP 10,10:18.132,9:31.981,1,BMW M240i Racing Cup*,2026-05-17 00:38:08.163544
157,110,SP 2T,,3,Sasaki,7,----LAP 7,12:50.416,11:05.842,2,Toyota GR Yaris,2026-05-17 00:38:08.163544
158,410,V6,,5,Croci,6,----LAP 6,10:08.339,10:20.292,1,Porsche Cayman GTS*,2026-05-17 00:38:08.163544
159,35,SP 9,PROAM,41,Fernandez Laser,4,----LAP 4,10:19.256,8:29.335,1,Aston Martin Vantage AMR GT3 EVO,2026-05-17 00:38:08.163544
NormalQualified,NormalQualified,NormalQualified,NormalQualified,NormalQualified,NormalQualified,NormalQualified,NormalQualified,NormalQualified,NormalQualified,NormalQualified,NormalQualified,2026-05-17 00:38:08.163544
1,3,SP 9,PRO,1,Auer,38,----LAP 38,9:46.909,8:13.690,5,Mercedes-AMG GT3,2026-05-17 00:38:38.318006
2,80,SP 9,PRO,2,Schiller,38,01.256,9:46.499,8:14.337,5,Mercedes-AMG GT3,2026-05-17 00:38:38.318006
3,34,SP 9,PRO,3,Drudi,38,2:30.542,9:54.983,8:17.432,5,Aston Martin Vantage AMR GT3 EVO,2026-05-17 00:38:38.318006
4,99,SP 9,PRO,4,Harper,38,2:41.985,9:36.895,8:18.953,5,BMW M4 GT3 EVO,2026-05-17 00:38:38.318006
5,81,SP-X,PRO,1,de Phillippi,38,3:00.506,10:22.802,8:17.045,5,BMW M3 Touring 24h,2026-05-17 00:38:38.318006
6,44,SP 9,PRO,5,Bachler,38,3:07.563,10:06.254,8:17.284,5,Porsche 911 GT3 R (992) Evo26,2026-05-17 00:38:38.318006
7,24,SP 9,PRO,6,Vanthoor,38,4:14.044,11:06.357,8:18.141,4,Porsche 911 GT3 R (992) Evo26,2026-05-17 00:38:38.318006
8,1,SP 9,PRO,7,Farfus,37,----LAP 37,10:01.248,8:16.257,5,BMW M4 GT3 EVO,2026-05-17 00:38:38.318006
9,54,SP 9,PRO,8,Christensen,37,04.339,10:10.236,8:21.411,4,Porsche 911 GT3 R (992) Evo26,2026-05-17 00:38:38.318006
10,67,SP 9,PRO,9,Vervisch,37,10.871,12:56.190,8:16.169,5,Ford Mustang GT3 EVO (2026),2026-05-17 00:38:38.318006
11,65,SP 9,PROAM,10,Caresani,37,43.151,9:56.987,8:15.271,5,Ford Mustang GT3 EVO (2026),2026-05-17 00:38:38.318006
12,86,SP 9,PROAM,11,King,37,1:22.560,9:40.795,8:24.189,5,Porsche 911 GT3 R (992) Evo26,2026-05-17 00:38:38.318006
13,26,SP 9,PRO,12,Böckmann,37,1:24.799,9:56.205,8:14.685,5,Mercedes-AMG GT3,2026-05-17 00:38:38.318006
14,84,SP 9,PRO,13,Bortolotti,37,1:37.971,9:52.288,8:11.149,5,Lamborghini Huracan GT3 EVO2,2026-05-17 00:38:38.318006
15,77,SP 9,PRO,14,Frijns,37,2:24.357,10:24.817,8:14.452,5,BMW M4 GT3 EVO,2026-05-17 00:38:38.318006
16,48,SP 9,PROAM,15,Müller,37,2:37.907,10:17.979,8:17.605,5,Porsche 911 GT3 R (992) Evo26,2026-05-17 00:38:38.318006
17,11,SP 9,PROAM,16,Härtling,37,2:48.800,10:15.253,8:19.388,5,Mercedes-AMG GT3,2026-05-17 00:38:38.318006
18,55,SP 9,PRO,17,Sturm,37,3:13.877,10:06.096,8:27.508,6,Porsche 911 GT3 R (992) Evo26,2026-05-17 00:38:38.318006
19,18,SP 9,PROAM,18,Kolb,37,4:08.067,9:52.824,8:24.640,5,Porsche 911 GT3 R (992) Evo26,2026-05-17 00:38:38.318006
20,17,SP 9,PRO,19,Menzel,37,4:19.107,9:36.782,8:18.394,6,Porsche 911 GT3 R (992) Evo26,2026-05-17 00:38:38.318006
21,69,SP 9,PRO,20,Dörr,37,5:22.089,10:03.009,8:18.493,5,McLaren 720S-GT3,2026-05-17 00:38:38.318006
22,123,SP 9,PROAM,21,Brundle,37,6:36.692,9:55.584,8:25.985,5,Porsche 911 GT3 R (992) Evo26,2026-05-17 00:38:38.318006
23,7,SP 9,PRO,22,Paul,37,6:40.762,9:50.406,8:14.446,5,Lamborghini Huracan GT3 EVO2,2026-05-17 00:38:38.318006
24,5,SP 9,AM,23,Kiefer,37,7:13.862,10:14.902,8:18.760,5,Porsche 911 GT3 R (992) Evo26,2026-05-17 00:38:38.318006
25,4,SP 9,PROAM,24,Fontana,37,7:34.354,10:03.121,8:22.099,5,Porsche 911 GT3 R (992) Evo26,2026-05-17 00:38:38.318006
26,30,SP 9,PROAM,25,Seefried,36,----LAP 36,10:10.548,8:24.267,5,Porsche 911 GT3 R (992) Evo26,2026-05-17 00:38:38.318006
27,39,SP 9,PROAM,26,Hantke,36,1:19.673,10:33.894,8:28.420,5,Aston Martin Vantage AMR GT3 EVO,2026-05-17 00:38:38.318006
28,32,SP 9,PROAM,27,Nakayama,36,2:23.188,12:49.674,8:31.507,5,Mercedes-AMG GT3,2026-05-17 00:38:38.318006
29,66,SP-X,PROAM,2,Hörr,36,5:19.610,10:54.172,8:31.491,5,KTM X-Bow GTX,2026-05-17 00:38:38.318006
30,130,SP 9,PRO,28,Yelloly,36,5:19.715,23:54.448,8:14.351,5,Lamborghini Huracan GT3 EVO2,2026-05-17 00:38:38.318006
31,900,Cup 2,PRO,1,Meijer,36,6:27.450,10:25.087,8:31.415,4,Porsche 911 GT3 Cup (992),2026-05-17 00:38:38.318006
32,902,Cup 2,PRO,2,Rennhofer,36,7:08.603,10:16.282,8:31.047,4,Porsche 911 GT3 Cup (992),2026-05-17 00:38:38.318006
33,918,Cup 2,PRO,3,Scheerbarth,36,9:19.060,10:38.620,8:32.495,4,Porsche 911 GT3 Cup (992),2026-05-17 00:38:38.318006
34,71,SP 9,PROAM,29,Kaffer,36,9:39.741,10:21.220,8:27.786,5,Audi R8 LMS GT3 evo II,2026-05-17 00:38:38.318006
35,19,AT1,PROAM,1,Coronel,35,----LAP 35,10:11.285,8:26.868,5,Audi R8 LMS GT3 evo II,2026-05-17 00:38:38.318006
36,61,SP-X,PRO,3,Arnold,35,2:31.521,10:47.814,8:49.118,5,HWA EVO.R,2026-05-17 00:38:38.318006
37,992,SP-PRO,PROAM,1,Griesemann,35,3:24.068,13:55.477,8:36.238,5,Porsche 911 GT3 CUP MR,2026-05-17 00:38:38.318006
38,8,SP 9,AM,30,Veremenko,35,3:31.660,10:15.222,8:31.131,5,Audi R8 LMS GT3 evo II,2026-05-17 00:38:38.318006
39,62,SP-X,PRO,4,Adelson,35,4:47.696,11:59.157,8:44.071,4,HWA EVO.R,2026-05-17 00:38:38.318006
40,925,Cup 2,PRO,4,Miller,35,5:53.274,10:27.198,8:50.061,4,Porsche 911 GT3 Cup (992),2026-05-17 00:38:38.318006
41,909,Cup 2,AM,5,Messenger,35,6:21.212,12:26.851,8:38.719,4,Porsche 911 GT3 Cup (992),2026-05-17 00:38:38.318006
42,33,SP 9,PROAM,31,Di Martino,35,,15:55.817,8:33.316,6,Audi R8 LMS GT3 evo II,2026-05-17 00:38:38.318006
43,88,SP 4T,,1,Kubo,35,5:08.183,11:48.582,8:58.132,4,Subaru WRX,2026-05-17 00:38:38.318006
44,904,Cup 2,AM,6,Kranz,34,----LAP 34,11:50.541,8:34.272,5,Porsche 911 GT3 Cup (992),2026-05-17 00:38:38.318006
45,63,SP-X,PRO,5,Holstad,34,21.452,11:28.262,8:50.353,5,HWA EVO.R,2026-05-17 00:38:38.318006
46,632,AT2,,1,Charoudin,34,27.212,10:58.906,8:33.391,5,Porsche 911 GT3 Cup (992.1),2026-05-17 00:38:38.318006
47,777,Cup 2,AM,7,Jönsson,34,20.660,11:56.590,8:37.406,4,Porsche 911 GT3 Cup (992),2026-05-17 00:38:38.318006
48,962,Cup 3,PRO,1,Wiedmann,34,54.094,11:02.774,9:00.773,4,Porsche 718 Cayman GT4 Clubsport (Typ 982),2026-05-17 00:38:38.318006
49,908,Cup 2,AM,8,Mühlenz,34,1:38.102,14:27.960,8:48.446,4,Porsche 911 GT3 Cup (992),2026-05-17 00:38:38.318006
50,919,Cup 2,PRO,9,Chrzanowski,34,1:55.701,10:19.602,8:34.385,5,Porsche 911 GT3 Cup (992),2026-05-17 00:38:38.318006
51,176,SP 10,PROAM,1,de Oliveira,34,2:02.562,14:35.624,9:00.405,4,Mercedes-AMG GT4,2026-05-17 00:38:38.318006
52,888,SP 10,PROAM,2,Wiskirchen,34,2:03.259,15:08.293,8:54.980,4,BMW M4 GT4 EVO (G82),2026-05-17 00:38:38.318006
53,187,SP 10,PROAM,3,Link,34,2:43.113,14:10.688,8:57.978,5,BMW M4 GT4 (G82),2026-05-17 00:38:38.318006
54,180,SP 10,AM,4,Ogburn,34,4:53.922,11:11.857,8:56.749,5,BMW M4 GT4 EVO (G82),2026-05-17 00:38:38.318006
55,971,Cup 3,PRO,2,Braun,34,5:09.612,12:09.207,9:00.846,4,Porsche 718 Cayman GT4 Clubsport (Typ 982),2026-05-17 00:38:38.318006
56,145,SP 10,PROAM,5,Bleekemolen,34,5:38.068,11:10.870,8:57.361,5,BMW M4 GT4 EVO (G82),2026-05-17 00:38:38.318006
57,36,SP 9,AM,32,Scherer,34,6:44.232,11:57.971,9:05.727,5,BMW E89 Z4 (EVO 2013),2026-05-17 00:38:38.318006
58,177,SP 10,PROAM,6,Nicolae,34,7:02.130,10:54.145,9:00.667,4,BMW M4 GT4 EVO (G82),2026-05-17 00:38:38.318006
59,91,SP 7,,1,Ertl,34,8:15.624,11:49.779,8:49.797,5,Porsche 911 GT3 Cup (991),2026-05-17 00:38:38.318006
60,90,SP 10,PROAM,7,Sagrera,34,6:32.773,10:51.396,8:59.380,5,Toyota GR Supra GT4 EVO2,2026-05-17 00:38:38.318006
61,961,Cup 3,PRO,3,Lu,33,----LAP 33,11:27.088,9:08.057,4,Porsche 718 Cayman GT4 Clubsport (Typ 982),2026-05-17 00:38:38.318006
62,949,Cup 3,AM,4,Wenisch,33,34.207,11:51.720,9:12.020,5,Porsche 718 Cayman GT4 Clubsport (Typ 982),2026-05-17 00:38:38.318006
63,966,Cup 3,PRO,5,Oehme,33,40.847,13:02.320,9:17.003,6,Porsche 718 Cayman GT4 Clubsport (Typ 982),2026-05-17 00:38:38.318006
64,776,TCR,,1,Gabbiani,33,3:13.700,15:24.742,9:20.188,6,Audi RS3 LMS SEQ,2026-05-17 00:38:38.318006
65,939,Cup 3,AM,6,Schwenk,33,4:18.337,13:55.264,9:15.697,5,Porsche 718 Cayman GT4 Clubsport (Typ 982),2026-05-17 00:38:38.318006
66,171,SP 10,AM,8,Ullström,33,4:19.810,15:20.512,9:23.892,5,Porsche 718 Cayman GT4 RS CS,2026-05-17 00:38:38.318006
67,952,Cup 3,PRO,7,Kraus,33,6:31.207,11:46.208,9:27.223,4,Porsche 718 Cayman GT4 Clubsport (Typ 982),2026-05-17 00:38:38.318006
68,982,Cup 3,AM,8,Duffner,33,6:48.318,11:50.968,9:22.333,4,Porsche 718 Cayman GT4 Clubsport (Typ 982),2026-05-17 00:38:38.318006
69,945,Cup 3,AM,9,Okumura,33,8:01.516,12:19.504,9:41.427,4,Porsche 718 Cayman GT4 Clubsport (Typ 982),2026-05-17 00:38:38.318006
70,13,Cup 2,AM,10,Ecke,33,9:41.669,14:38.366,9:17.807,4,Porsche 911 GT3 Cup (992),2026-05-17 00:38:38.318006
71,95,Cup 2,PRO,11,Rettenbacher,33,9:46.272,10:20.139,8:38.526,7,Porsche 911 GT3 Cup (992),2026-05-17 00:38:38.318006
72,999,Cup 3,PRO,10,Riemer,33,10:43.898,12:05.131,9:07.084,6,Porsche 718 Cayman GT4 Clubsport (Typ 982),2026-05-17 00:38:38.318006
73,164,SP 10,PROAM,9,Brodmerkel,32,----LAP 32,15:37.230,8:59.910,5,Porsche 718 Cayman GT4 RS CS,2026-05-17 00:38:38.318006
74,175,SP 10,AM,10,Vazquez,32,2:05.782,14:27.292,9:09.674,5,Mercedes-AMG GT4,2026-05-17 00:38:38.318006
75,967,Cup 3,PRO,11,Rich,32,3:12.755,12:27.187,9:23.859,4,Porsche 718 Cayman GT4 Clubsport (Typ 982),2026-05-17 00:38:38.318006
76,169,SP 10,AM,11,Sander,32,4:49.717,11:22.768,9:17.197,4,Aston Martin Vantage AMR GT4,2026-05-17 00:38:38.318006
77,969,Cup 3,AM,12,Stewart,32,7:15.242,14:42.301,9:27.071,4,Porsche 718 Cayman GT4 Clubsport (Typ 982),2026-05-17 00:38:38.318006
78,317,SP 3T,,1,Haugg,32,7:16.885,11:33.965,9:34.061,5,Audi TTs,2026-05-17 00:38:38.318006
79,37,SP 9,AM,33,Wahl,32,7:50.835,10:58.050,8:37.093,6,Aston Martin Vantage AMR GT3,2026-05-17 00:38:38.318006
80,978,Cup 3,AM,13,Lamsouguer,32,8:21.112,11:59.053,9:33.831,4,Porsche 718 Cayman GT4 Clubsport (Typ 982),2026-05-17 00:38:38.318006
81,977,Cup 3,AM,14,Zimmermann,32,11:17.853,11:51.011,9:48.521,4,Porsche 718 Cayman GT4 Clubsport (Typ 982),2026-05-17 00:38:38.318006
82,50,SP 4T,,2,Hammel,32,,12:43.149,8:57.956,5,VW Golf GTI Clubsport 24h,2026-05-17 00:38:38.318006
83,898,BMW,,1,Dacher,32,12:16.623,11:22.392,9:44.883,4,BMW M2 Racing (G87)*,2026-05-17 00:38:38.318006
84,396,V6,,1,Büllesbach,31,----LAP 31,13:56.021,9:38.681,5,Porsche Cayman S*,2026-05-17 00:38:38.318006
85,519,VT2 Hecka,,1,Tack,31,23.698,13:57.228,9:48.700,4,Toyota Supra*,2026-05-17 00:38:38.318006
86,878,BMW,,2,Schlichenmeier,31,2:01.845,13:19.396,9:51.694,5,BMW M2 Racing (G87)*,2026-05-17 00:38:38.318006
87,480,VT2 Front,,1,Dupré,31,2:11.589,14:09.687,9:49.819,5,Audi S3-Lim*,2026-05-17 00:38:38.318006
88,500,VT2 Hecka,,2,Zils,31,2:21.189,14:13.527,9:49.234,4,BMW 330i*,2026-05-17 00:38:38.318006
89,669,BMW M240i,,1,Petrolo,31,2:59.424,11:36.917,9:43.196,4,BMW M240i Racing Cup*,2026-05-17 00:38:38.318006
90,577,TCR,,2,Rosam,31,3:04.246,14:29.589,9:25.597,4,Cupra Leon Competición TCR,2026-05-17 00:38:38.318006
91,658,BMW M240i,,2,Sari,31,4:34.271,14:18.871,9:58.764,5,BMW M240i Racing Cup*,2026-05-17 00:38:38.318006
92,652,BMW M240i,,3,Opran,31,5:43.689,11:26.506,9:37.792,5,BMW M240i Racing Cup*,2026-05-17 00:38:38.318006
93,321,SP 3T,,2,Mache,31,5:45.782,11:04.483,9:20.461,7,VW GOLF 7 GTI TCR DSG,2026-05-17 00:38:38.318006
94,170,SP 10,,12,Koyama,31,6:22.791,12:04.323,9:00.540,5,Toyota GR Supra GT4 EVO2,2026-05-17 00:38:38.318006
95,448,V6,,2,Müller,31,6:39.234,11:29.673,9:38.614,6,Porsche Cayman S*,2026-05-17 00:38:38.318006
96,665,BMW M240i,,4,Reinhard,31,7:02.160,11:37.264,9:41.802,5,BMW M240i Racing Cup*,2026-05-17 00:38:38.318006
97,653,BMW M240i,,5,Fitzgerald,31,7:08.494,11:53.340,9:45.564,6,BMW M240i Racing Cup*,2026-05-17 00:38:38.318006
98,941,Cup 3,PRO,15,van der Snel,31,,10:29.524,9:05.659,4,Porsche 718 Cayman GT4 Clubsport (Typ 982),2026-05-17 00:38:38.318006
99,471,VT2 Front,,2,Eichhorn,31,10:41.921,11:39.860,9:59.750,5,Cupra Leon KL*,2026-05-17 00:38:38.318006
100,444,V5,,1,Korn,30,----LAP 30,11:29.534,9:54.131,5,Porsche Cayman CM12*,2026-05-17 00:38:38.318006
101,474,VT2 Front,,3,Hrubesch,30,10.956,12:31.480,10:15.189,5,VW Golf GTI *,2026-05-17 00:38:38.318006
102,40,SP 9,AM,34,Posavac,30,29.946,18:34.705,8:53.859,4,BMW E89 Z4 (EVO 2013),2026-05-17 00:38:38.318006
103,89,TCR,,3,Groneck,30,1:34.712,11:46.191,9:55.499,5,VW GOLF 7 GTI TCR DSG,2026-05-17 00:38:38.318006
104,454,V5,,2,Hansen,30,1:40.988,12:44.455,10:10.380,4,Porsche Cayman CM12*,2026-05-17 00:38:38.318006
105,524,VT2 Hecka,,3,Ooms,30,2:01.816,14:39.846,9:48.602,4,Toyota Supra*,2026-05-17 00:38:38.318006
106,670,BMW M240i,,6,Paviot,30,2:14.513,15:10.843,9:58.466,5,BMW M240i Racing Cup*,2026-05-17 00:38:38.318006
107,870,BMW,,3,Kreutzpointner,30,2:40.866,12:48.925,9:46.793,5,BMW M2 Racing (G87)*,2026-05-17 00:38:38.318006
108,520,VT2 Hecka,,4,Horino,30,5:31.567,15:21.149,9:56.492,4,Toyota Supra*,2026-05-17 00:38:38.318006
109,667,BMW M240i,,7,Fontes,30,7:29.646,15:43.246,9:49.349,5,BMW M240i Racing Cup*,2026-05-17 00:38:38.318006
110,503,VT2 Hecka,,5,Ehrhardt,30,8:21.771,12:26.495,10:07.362,5,Toyota Supra*,2026-05-17 00:38:38.318006
111,420,SP 7,,2,Schöni,30,9:43.600,12:10.508,9:15.838,4,Porsche 718 Cayman GT4 Clubsport (Typ 982),2026-05-17 00:38:38.318006
112,651,BMW M240i,,8,Silva,30,11:19.582,11:40.582,9:38.161,5,BMW M240i Racing Cup*,2026-05-17 00:38:38.318006
113,472,VT2 Front,,4,Füting,30,7:49.843,13:46.616,10:15.934,5,Cupra Leon KL*,2026-05-17 00:38:38.318006
114,100,BMW 325i,,1,Gruber,29,----LAP 29,13:30.483,10:21.172,3,BMW 325i*,2026-05-17 00:38:38.318006
115,821,SP 3T,,3,Epp,29,4:12.790,11:26.989,9:40.639,6,Audi RS3 LMS DSG*,2026-05-17 00:38:38.318006
116,650,BMW M240i,,9,Fübrich,29,5:25.792,13:41.324,9:29.559,5,BMW M240i Racing Cup*,2026-05-17 00:38:38.318006
117,418,V6,,3,Lamadrid,29,7:29.108,13:13.372,10:12.681,6,Porsche Cayman S*,2026-05-17 00:38:38.318006
118,514,VT2 Hecka,,6,De Groot,29,8:30.053,14:01.960,9:47.916,4,BMW 330i*,2026-05-17 00:38:38.318006
119,415,V6,,4,Arnold,29,11:47.272,11:17.984,9:39.386,5,Porsche 911 Carrera*,2026-05-17 00:38:38.318006
120,320,AT2,,2,López Cesaratto,28,----LAP 28,11:28.727,8:57.689,5,Porsche 911 GT3 Cup (992.1),2026-05-17 00:38:38.318006
121,979,Cup 3,PRO,16,Surzyshyn,28,16.982,15:22.144,9:18.187,4,Porsche 718 Cayman GT4 Clubsport (Typ 982),2026-05-17 00:38:38.318006
122,959,Cup 3,PRO,17,Haughton,28,1:58.013,12:37.460,9:01.126,4,Porsche 718 Cayman GT4 Clubsport (Typ 982),2026-05-17 00:38:38.318006
123,101,BMW 325i,,2,Schwolow,28,2:54.860,16:18.352,10:43.196,4,BMW 325i (e90)*,2026-05-17 00:38:38.318006
124,505,VT2 Hecka,,7,Van Vooren,28,3:59.966,12:35.313,10:43.608,4,BMW 330i*,2026-05-17 00:38:38.318006
125,112,BMW 325i,,3,Küpper,28,7:57.767,15:25.422,10:33.637,5,BMW 325i (e90)*,2026-05-17 00:38:38.318006
126,455,V5,,3,Trinius,28,,22:54.838,10:35.030,5,Porsche Cayman CM12*,2026-05-17 00:38:38.318006
127,303,SP 4T,,3,Shin,28,6:48.392,13:21.674,9:29.769,4,Hyundai Motor Company ELANTRAN1 RP,2026-05-17 00:38:38.318006
128,830,TCR,,4,Basseng,27,----LAP 27,10:39.103,8:54.740,4,Hyundai Motor Company ELANTRA N TCR,2026-05-17 00:38:38.318006
129,445,V5,,4,Welker,27,21.872,13:12.587,10:41.778,5,Porsche Cayman CM12*,2026-05-17 00:38:38.318006
130,440,V5,,5,Ebener,27,2:03.693,11:57.419,10:09.194,5,Porsche Cayman CM12*,2026-05-17 00:38:38.318006
131,477,VT2 Front,,5,Mennecke,27,2:34.058,13:18.035,10:56.392,5,VW Scirocco R TSI*,2026-05-17 00:38:38.318006
132,380,SP 2T,,1,Schäffer,27,3:37.535,19:09.641,10:43.078,4,Opel Corsa GS Line 130*,2026-05-17 00:38:38.318006
133,152,SP 4,,1,Koger,27,4:11.343,20:12.305,11:21.667,4,BMW 325CI*,2026-05-17 00:38:38.318006
134,10,SP 3T,,4,Lenz,27,7:16.868,11:26.459,9:32.312,6,VW Golf GTI Clubsport 24h,2026-05-17 00:38:38.318006
135,109,SP 2T,,2,Oshima,27,,18:49.537,9:33.699,6,Toyota GR Yaris,2026-05-17 00:38:38.318006
136,300,SP 3T,,5,Geilfus,27,9:36.141,13:02.217,10:22.613,6,Dacia Logan,2026-05-17 00:38:38.318006
137,82,SP 7,,3,Schröder,26,----LAP 26,11:28.128,9:42.820,6,Porsche 718 Cayman GT4 Clubsport (Typ 982),2026-05-17 00:38:38.318006
138,59,SP 8T,,1,Weishar,26,1:16.677,14:35.374,8:57.891,4,McLaren Artura Trophy Evo,2026-05-17 00:38:38.318006
139,786,SP 9,AM,35,Nana,26,,15:57.033,8:28.245,6,Lamborghini Huracan GT3 EVO2,2026-05-17 00:38:38.318006
140,302,SP 4T,,4,Azcona,25,----LAP 25,13:07.400,9:21.541,3,Hyundai Motor Company ELANTRAN1 RP,2026-05-17 00:38:38.318006
141,911,SP 9,PRO,36,Estre,24,----LAP 24,12:05.638,8:13.671,3,Porsche 911 GT3 R (992) Evo26,2026-05-17 00:38:38.318006
142,64,SP 9,PRO,37,Maini,24,1:16.175,9:15.199,8:14.825,3,Ford Mustang GT3 EVO (2026),2026-05-17 00:38:38.318006
143,677,BMW M240i,,10,Tauber,24,1:57:46.141,14:42.815,10:17.190,5,BMW M240i Racing Cup*,2026-05-17 00:38:38.318006
144,800,SP 3T,,6,Oepen,23,----LAP 23,15:44.814,9:44.296,7,VW GOLF 7 GTI TCR DSG,2026-05-17 00:38:38.318006
145,76,SP 4T,,5,Hochwind,21,----LAP 21,1:26:49.596,9:03.336,5,VW Golf GTI Clubsport 24h,2026-05-17 00:38:38.318006
146,569,VT2 Hecka,,8,Van‘t veer,20,----LAP 20,14:14.953,10:14.652,5,BMW 328i*,2026-05-17 00:38:38.318006
147,501,VT2 Hecka,,9,Vortkamp,17,----LAP 17,13:48.642,10:19.031,3,BMW 330i*,2026-05-17 00:38:38.318006
148,808,SP 3T,,7,Geon,17,2:42:45.034,16:54.324,10:03.234,2,Cupra TCR DSG,2026-05-17 00:38:38.318006
149,108,BMW 325i,,4,Grilli,16,----LAP 16,17:57.423,10:40.183,4,BMW 325i (e90)*,2026-05-17 00:38:38.318006
150,277,SP 3,,1,Harris,16,,27:12.894,10:17.533,5,BMW 318ti (E36)*,2026-05-17 00:38:38.318006
151,16,SP 9,PRO,38,Sims,16,,20:15.798,8:13.543,3,Audi R8 LMS GT3 evo II,2026-05-17 00:38:38.318006
152,47,SP 9,PRO,39,Krohn,15,----LAP 15,9:34.941,8:13.404,2,Mercedes-AMG GT3,2026-05-17 00:38:38.318006
153,189,SP 10,AM,13,Kroll,15,23:04.326,13:14.547,9:02.852,2,BMW M4 GT4 EVO (G82),2026-05-17 00:38:38.318006
154,45,SP 9,PRO,40,Vermeulen,14,----LAP 14,12:21.623,8:12.515,2,Ferrari 296 GT3 Evo26,2026-05-17 00:38:38.318006
155,75,AT1,PROAM,2,Fugel,11,----LAP 11,8:31.376,8:20.316,1,Audi R8 LMS GT3 evo II,2026-05-17 00:38:38.318006
156,195,BMW M240i,,11,Hoenjet,10,----LAP 10,10:18.132,9:31.981,1,BMW M240i Racing Cup*,2026-05-17 00:38:38.318006
157,110,SP 2T,,3,Sasaki,7,----LAP 7,12:50.416,11:05.842,2,Toyota GR Yaris,2026-05-17 00:38:38.318006
158,410,V6,,5,Croci,6,----LAP 6,10:08.339,10:20.292,1,Porsche Cayman GTS*,2026-05-17 00:38:38.318006
159,35,SP 9,PROAM,41,Fernandez Laser,4,----LAP 4,10:19.256,8:29.335,1,Aston Martin Vantage AMR GT3 EVO,2026-05-17 00:38:38.318006
NormalQualified,NormalQualified,NormalQualified,NormalQualified,NormalQualified,NormalQualified,NormalQualified,NormalQualified,NormalQualified,NormalQualified,NormalQualified,NormalQualified,2026-05-17 00:38:38.318006
1,3,SP 9,PRO,1,Auer,38,----LAP 38,9:46.909,8:13.690,5,Mercedes-AMG GT3,2026-05-17 00:39:08.504770
2,80,SP 9,PRO,2,Schiller,38,01.256,9:46.499,8:14.337,5,Mercedes-AMG GT3,2026-05-17 00:39:08.504770
3,34,SP 9,PRO,3,Drudi,38,2:30.542,9:54.983,8:17.432,5,Aston Martin Vantage AMR GT3 EVO,2026-05-17 00:39:08.504770
4,99,SP 9,PRO,4,Harper,38,2:41.985,9:36.895,8:18.953,5,BMW M4 GT3 EVO,2026-05-17 00:39:08.504770
5,81,SP-X,PRO,1,de Phillippi,38,3:00.506,10:22.802,8:17.045,5,BMW M3 Touring 24h,2026-05-17 00:39:08.504770
6,44,SP 9,PRO,5,Bachler,38,3:08.994,10:06.254,8:17.284,5,Porsche 911 GT3 R (992) Evo26,2026-05-17 00:39:08.504770
7,24,SP 9,PRO,6,Vanthoor,38,4:14.044,11:06.357,8:18.141,4,Porsche 911 GT3 R (992) Evo26,2026-05-17 00:39:08.504770
8,1,SP 9,PRO,7,Farfus,37,----LAP 37,10:01.248,8:16.257,5,BMW M4 GT3 EVO,2026-05-17 00:39:08.504770
9,54,SP 9,PRO,8,Christensen,37,04.339,10:10.236,8:21.411,4,Porsche 911 GT3 R (992) Evo26,2026-05-17 00:39:08.504770
10,67,SP 9,PRO,9,Vervisch,37,10.871,12:56.190,8:16.169,5,Ford Mustang GT3 EVO (2026),2026-05-17 00:39:08.504770
11,65,SP 9,PROAM,10,Caresani,37,43.151,9:56.987,8:15.271,5,Ford Mustang GT3 EVO (2026),2026-05-17 00:39:08.504770
12,86,SP 9,PROAM,11,King,37,1:22.560,9:40.795,8:24.189,5,Porsche 911 GT3 R (992) Evo26,2026-05-17 00:39:08.504770
13,26,SP 9,PRO,12,Böckmann,37,1:24.799,9:56.205,8:14.685,5,Mercedes-AMG GT3,2026-05-17 00:39:08.504770
14,84,SP 9,PRO,13,Bortolotti,37,1:37.971,9:52.288,8:11.149,5,Lamborghini Huracan GT3 EVO2,2026-05-17 00:39:08.504770
15,77,SP 9,PRO,14,Frijns,37,2:24.357,10:24.817,8:14.452,5,BMW M4 GT3 EVO,2026-05-17 00:39:08.504770
16,48,SP 9,PROAM,15,Müller,37,2:37.456,10:17.979,8:17.605,5,Porsche 911 GT3 R (992) Evo26,2026-05-17 00:39:08.504770
17,11,SP 9,PROAM,16,Härtling,37,2:46.506,10:15.253,8:19.388,5,Mercedes-AMG GT3,2026-05-17 00:39:08.504770
18,55,SP 9,PRO,17,Sturm,37,3:13.877,10:06.096,8:27.508,6,Porsche 911 GT3 R (992) Evo26,2026-05-17 00:39:08.504770
19,18,SP 9,PROAM,18,Kolb,37,4:08.067,9:52.824,8:24.640,5,Porsche 911 GT3 R (992) Evo26,2026-05-17 00:39:08.504770
20,17,SP 9,PRO,19,Menzel,37,4:19.107,9:36.782,8:18.394,6,Porsche 911 GT3 R (992) Evo26,2026-05-17 00:39:08.504770
21,69,SP 9,PRO,20,Dörr,37,5:22.089,10:03.009,8:18.493,5,McLaren 720S-GT3,2026-05-17 00:39:08.504770
22,123,SP 9,PROAM,21,Brundle,37,6:36.692,9:55.584,8:25.985,5,Porsche 911 GT3 R (992) Evo26,2026-05-17 00:39:08.504770
23,7,SP 9,PRO,22,Paul,37,6:40.762,9:50.406,8:14.446,5,Lamborghini Huracan GT3 EVO2,2026-05-17 00:39:08.504770
24,5,SP 9,AM,23,Kiefer,37,7:13.707,10:14.902,8:18.760,5,Porsche 911 GT3 R (992) Evo26,2026-05-17 00:39:08.504770
25,4,SP 9,PROAM,24,Fontana,37,7:34.354,10:03.121,8:22.099,5,Porsche 911 GT3 R (992) Evo26,2026-05-17 00:39:08.504770
26,30,SP 9,PROAM,25,Seefried,36,----LAP 36,10:10.548,8:24.267,5,Porsche 911 GT3 R (992) Evo26,2026-05-17 00:39:08.504770
27,39,SP 9,PROAM,26,Hantke,36,1:19.673,10:33.894,8:28.420,5,Aston Martin Vantage AMR GT3 EVO,2026-05-17 00:39:08.504770
28,32,SP 9,PROAM,27,Nakayama,36,2:23.188,12:49.674,8:31.507,5,Mercedes-AMG GT3,2026-05-17 00:39:08.504770
29,66,SP-X,PROAM,2,Hörr,36,5:19.610,10:54.172,8:31.491,5,KTM X-Bow GTX,2026-05-17 00:39:08.504770
30,130,SP 9,PRO,28,Yelloly,36,5:19.715,23:54.448,8:14.351,5,Lamborghini Huracan GT3 EVO2,2026-05-17 00:39:08.504770
31,900,Cup 2,PRO,1,Meijer,36,6:27.450,10:25.087,8:31.415,4,Porsche 911 GT3 Cup (992),2026-05-17 00:39:08.504770
32,902,Cup 2,PRO,2,Rennhofer,36,7:08.726,10:16.282,8:31.047,4,Porsche 911 GT3 Cup (992),2026-05-17 00:39:08.504770
33,918,Cup 2,PRO,3,Scheerbarth,36,9:21.506,10:38.620,8:32.495,4,Porsche 911 GT3 Cup (992),2026-05-17 00:39:08.504770
34,71,SP 9,PROAM,29,Kaffer,36,9:39.741,10:21.220,8:27.786,5,Audi R8 LMS GT3 evo II,2026-05-17 00:39:08.504770
35,19,AT1,PROAM,1,Coronel,35,----LAP 35,10:11.285,8:26.868,5,Audi R8 LMS GT3 evo II,2026-05-17 00:39:08.504770
36,61,SP-X,PRO,3,Arnold,35,2:31.521,10:47.814,8:49.118,5,HWA EVO.R,2026-05-17 00:39:08.504770
37,992,SP-PRO,PROAM,1,Griesemann,35,3:24.068,13:55.477,8:36.238,5,Porsche 911 GT3 CUP MR,2026-05-17 00:39:08.504770
38,8,SP 9,AM,30,Veremenko,35,3:31.660,10:15.222,8:31.131,5,Audi R8 LMS GT3 evo II,2026-05-17 00:39:08.504770
39,62,SP-X,PRO,4,Adelson,35,4:47.696,11:59.157,8:44.071,4,HWA EVO.R,2026-05-17 00:39:08.504770
40,925,Cup 2,PRO,4,Miller,35,5:53.274,10:27.198,8:50.061,4,Porsche 911 GT3 Cup (992),2026-05-17 00:39:08.504770
41,909,Cup 2,AM,5,Messenger,35,6:20.468,12:26.851,8:38.719,4,Porsche 911 GT3 Cup (992),2026-05-17 00:39:08.504770
42,904,Cup 2,AM,6,Kranz,35,6:59.783,10:24.706,8:34.272,5,Porsche 911 GT3 Cup (992),2026-05-17 00:39:08.504770
43,33,SP 9,PROAM,31,Di Martino,35,,15:55.817,8:33.316,6,Audi R8 LMS GT3 evo II,2026-05-17 00:39:08.504770
44,88,SP 4T,,1,Kubo,35,5:08.183,11:48.582,8:58.132,4,Subaru WRX,2026-05-17 00:39:08.504770
45,63,SP-X,PRO,5,Holstad,34,----LAP 34,11:28.262,8:50.353,5,HWA EVO.R,2026-05-17 00:39:08.504770
46,632,AT2,,1,Charoudin,34,05.760,10:58.906,8:33.391,5,Porsche 911 GT3 Cup (992.1),2026-05-17 00:39:08.504770
47,777,Cup 2,AM,7,Jönsson,34,22.871,11:56.590,8:37.406,4,Porsche 911 GT3 Cup (992),2026-05-17 00:39:08.504770
48,962,Cup 3,PRO,1,Wiedmann,34,56.305,11:02.774,9:00.773,4,Porsche 718 Cayman GT4 Clubsport (Typ 982),2026-05-17 00:39:08.504770
49,908,Cup 2,AM,8,Mühlenz,34,1:40.313,14:27.960,8:48.446,4,Porsche 911 GT3 Cup (992),2026-05-17 00:39:08.504770
50,919,Cup 2,PRO,9,Chrzanowski,34,1:57.912,10:19.602,8:34.385,5,Porsche 911 GT3 Cup (992),2026-05-17 00:39:08.504770
51,176,SP 10,PROAM,1,de Oliveira,34,2:04.773,14:35.624,9:00.405,4,Mercedes-AMG GT4,2026-05-17 00:39:08.504770
52,888,SP 10,PROAM,2,Wiskirchen,34,2:05.470,15:08.293,8:54.980,4,BMW M4 GT4 EVO (G82),2026-05-17 00:39:08.504770
53,187,SP 10,PROAM,3,Link,34,2:45.324,14:10.688,8:57.978,5,BMW M4 GT4 (G82),2026-05-17 00:39:08.504770
54,180,SP 10,AM,4,Ogburn,34,4:55.864,11:11.857,8:56.749,5,BMW M4 GT4 EVO (G82),2026-05-17 00:39:08.504770
55,971,Cup 3,PRO,2,Braun,34,5:32.871,12:09.207,9:00.846,4,Porsche 718 Cayman GT4 Clubsport (Typ 982),2026-05-17 00:39:08.504770
56,145,SP 10,PROAM,5,Bleekemolen,34,6:01.327,11:10.870,8:57.361,5,BMW M4 GT4 EVO (G82),2026-05-17 00:39:08.504770
57,36,SP 9,AM,32,Scherer,34,7:07.491,11:57.971,9:05.727,5,BMW E89 Z4 (EVO 2013),2026-05-17 00:39:08.504770
58,177,SP 10,PROAM,6,Nicolae,34,7:25.389,10:54.145,9:00.667,4,BMW M4 GT4 EVO (G82),2026-05-17 00:39:08.504770
59,91,SP 7,,1,Ertl,34,8:41.522,11:49.779,8:49.797,5,Porsche 911 GT3 Cup (991),2026-05-17 00:39:08.504770
60,90,SP 10,PROAM,7,Sagrera,34,7:08.202,10:51.396,8:59.380,5,Toyota GR Supra GT4 EVO2,2026-05-17 00:39:08.504770
61,961,Cup 3,PRO,3,Lu,33,----LAP 33,11:27.088,9:08.057,4,Porsche 718 Cayman GT4 Clubsport (Typ 982),2026-05-17 00:39:08.504770
62,949,Cup 3,AM,4,Wenisch,33,34.207,11:51.720,9:12.020,5,Porsche 718 Cayman GT4 Clubsport (Typ 982),2026-05-17 00:39:08.504770
63,966,Cup 3,PRO,5,Oehme,33,40.847,13:02.320,9:17.003,6,Porsche 718 Cayman GT4 Clubsport (Typ 982),2026-05-17 00:39:08.504770
64,776,TCR,,1,Gabbiani,33,3:13.700,15:24.742,9:20.188,6,Audi RS3 LMS SEQ,2026-05-17 00:39:08.504770
65,939,Cup 3,AM,6,Schwenk,33,4:18.337,13:55.264,9:15.697,5,Porsche 718 Cayman GT4 Clubsport (Typ 982),2026-05-17 00:39:08.504770
66,171,SP 10,AM,8,Ullström,33,4:19.810,15:20.512,9:23.892,5,Porsche 718 Cayman GT4 RS CS,2026-05-17 00:39:08.504770
67,952,Cup 3,PRO,7,Kraus,33,6:31.207,11:46.208,9:27.223,4,Porsche 718 Cayman GT4 Clubsport (Typ 982),2026-05-17 00:39:08.504770
68,982,Cup 3,AM,8,Duffner,33,6:48.318,11:50.968,9:22.333,4,Porsche 718 Cayman GT4 Clubsport (Typ 982),2026-05-17 00:39:08.504770
69,945,Cup 3,AM,9,Okumura,33,8:01.516,12:19.504,9:41.427,4,Porsche 718 Cayman GT4 Clubsport (Typ 982),2026-05-17 00:39:08.504770
70,13,Cup 2,AM,10,Ecke,33,9:41.669,14:38.366,9:17.807,4,Porsche 911 GT3 Cup (992),2026-05-17 00:39:08.504770
71,95,Cup 2,PRO,11,Rettenbacher,33,9:46.272,10:20.139,8:38.526,7,Porsche 911 GT3 Cup (992),2026-05-17 00:39:08.504770
72,999,Cup 3,PRO,10,Riemer,33,10:43.898,12:05.131,9:07.084,6,Porsche 718 Cayman GT4 Clubsport (Typ 982),2026-05-17 00:39:08.504770
73,164,SP 10,PROAM,9,Brodmerkel,32,----LAP 32,15:37.230,8:59.910,5,Porsche 718 Cayman GT4 RS CS,2026-05-17 00:39:08.504770
74,175,SP 10,AM,10,Vazquez,32,2:05.782,14:27.292,9:09.674,5,Mercedes-AMG GT4,2026-05-17 00:39:08.504770
75,967,Cup 3,PRO,11,Rich,32,3:12.755,12:27.187,9:23.859,4,Porsche 718 Cayman GT4 Clubsport (Typ 982),2026-05-17 00:39:08.504770
76,169,SP 10,AM,11,Sander,32,4:41.236,11:22.768,9:17.197,4,Aston Martin Vantage AMR GT4,2026-05-17 00:39:08.504770
77,969,Cup 3,AM,12,Stewart,32,7:15.242,14:42.301,9:27.071,4,Porsche 718 Cayman GT4 Clubsport (Typ 982),2026-05-17 00:39:08.504770
78,317,SP 3T,,1,Haugg,32,7:16.885,11:33.965,9:34.061,5,Audi TTs,2026-05-17 00:39:08.504770
79,37,SP 9,AM,33,Wahl,32,7:50.835,10:58.050,8:37.093,6,Aston Martin Vantage AMR GT3,2026-05-17 00:39:08.504770
80,978,Cup 3,AM,13,Lamsouguer,32,8:21.112,11:59.053,9:33.831,4,Porsche 718 Cayman GT4 Clubsport (Typ 982),2026-05-17 00:39:08.504770
81,977,Cup 3,AM,14,Zimmermann,32,11:17.853,11:51.011,9:48.521,4,Porsche 718 Cayman GT4 Clubsport (Typ 982),2026-05-17 00:39:08.504770
82,898,BMW,,1,Dacher,32,12:16.448,11:22.392,9:44.883,4,BMW M2 Racing (G87)*,2026-05-17 00:39:08.504770
83,50,SP 4T,,2,Hammel,32,,12:43.149,8:57.956,5,VW Golf GTI Clubsport 24h,2026-05-17 00:39:08.504770
84,396,V6,,1,Büllesbach,32,12:36.416,11:50.248,9:38.681,5,Porsche Cayman S*,2026-05-17 00:39:08.504770
85,519,VT2 Hecka,,1,Tack,31,----LAP 31,13:57.228,9:48.700,4,Toyota Supra*,2026-05-17 00:39:08.504770
86,878,BMW,,2,Schlichenmeier,31,1:42.138,13:19.396,9:51.694,5,BMW M2 Racing (G87)*,2026-05-17 00:39:08.504770
87,480,VT2 Front,,1,Dupré,31,1:51.882,14:09.687,9:49.819,5,Audi S3-Lim*,2026-05-17 00:39:08.504770
88,500,VT2 Hecka,,2,Zils,31,2:01.482,14:13.527,9:49.234,4,BMW 330i*,2026-05-17 00:39:08.504770
89,669,BMW M240i,,1,Petrolo,31,2:39.717,11:36.917,9:43.196,4,BMW M240i Racing Cup*,2026-05-17 00:39:08.504770
90,577,TCR,,2,Rosam,31,2:44.539,14:29.589,9:25.597,4,Cupra Leon Competición TCR,2026-05-17 00:39:08.504770
91,658,BMW M240i,,2,Sari,31,4:15.509,14:18.871,9:58.764,5,BMW M240i Racing Cup*,2026-05-17 00:39:08.504770
92,321,SP 3T,,2,Mache,31,5:06.703,11:04.483,9:20.461,7,VW GOLF 7 GTI TCR DSG,2026-05-17 00:39:08.504770
93,652,BMW M240i,,3,Opran,31,5:11.464,11:26.506,9:37.792,5,BMW M240i Racing Cup*,2026-05-17 00:39:08.504770
94,170,SP 10,,12,Koyama,31,6:07.922,12:04.323,9:00.540,5,Toyota GR Supra GT4 EVO2,2026-05-17 00:39:08.504770
95,448,V6,,2,Müller,31,6:24.365,11:29.673,9:38.614,6,Porsche Cayman S*,2026-05-17 00:39:08.504770
96,665,BMW M240i,,4,Reinhard,31,6:47.291,11:37.264,9:41.802,5,BMW M240i Racing Cup*,2026-05-17 00:39:08.504770
97,653,BMW M240i,,5,Fitzgerald,31,6:53.625,11:53.340,9:45.564,6,BMW M240i Racing Cup*,2026-05-17 00:39:08.504770
98,941,Cup 3,PRO,15,van der Snel,31,,10:29.524,9:05.659,4,Porsche 718 Cayman GT4 Clubsport (Typ 982),2026-05-17 00:39:08.504770
99,471,VT2 Front,,2,Eichhorn,31,10:21.305,11:39.860,9:59.750,5,Cupra Leon KL*,2026-05-17 00:39:08.504770
100,444,V5,,1,Korn,31,11:29.259,11:47.663,9:54.131,5,Porsche Cayman CM12*,2026-05-17 00:39:08.504770
101,474,VT2 Front,,3,Hrubesch,30,----LAP 30,12:31.480,10:15.189,5,VW Golf GTI *,2026-05-17 00:39:08.504770
102,40,SP 9,AM,34,Posavac,30,16.340,18:34.705,8:53.859,4,BMW E89 Z4 (EVO 2013),2026-05-17 00:39:08.504770
103,89,TCR,,3,Groneck,30,1:46.217,11:46.191,9:55.499,5,VW GOLF 7 GTI TCR DSG,2026-05-17 00:39:08.504770
104,454,V5,,2,Hansen,30,1:52.493,12:44.455,10:10.380,4,Porsche Cayman CM12*,2026-05-17 00:39:08.504770
105,524,VT2 Hecka,,3,Ooms,30,2:13.321,14:39.846,9:48.602,4,Toyota Supra*,2026-05-17 00:39:08.504770
106,670,BMW M240i,,6,Paviot,30,2:26.018,15:10.843,9:58.466,5,BMW M240i Racing Cup*,2026-05-17 00:39:08.504770
107,870,BMW,,3,Kreutzpointner,30,2:52.371,12:48.925,9:46.793,5,BMW M2 Racing (G87)*,2026-05-17 00:39:08.504770
108,520,VT2 Hecka,,4,Horino,30,5:54.491,15:21.149,9:56.492,4,Toyota Supra*,2026-05-17 00:39:08.504770
109,667,BMW M240i,,7,Fontes,30,7:52.570,15:43.246,9:49.349,5,BMW M240i Racing Cup*,2026-05-17 00:39:08.504770
110,503,VT2 Hecka,,5,Ehrhardt,30,8:48.218,12:26.495,10:07.362,5,Toyota Supra*,2026-05-17 00:39:08.504770
111,420,SP 7,,2,Schöni,30,10:13.007,12:10.508,9:15.838,4,Porsche 718 Cayman GT4 Clubsport (Typ 982),2026-05-17 00:39:08.504770
112,651,BMW M240i,,8,Silva,30,11:51.049,11:40.582,9:38.161,5,BMW M240i Racing Cup*,2026-05-17 00:39:08.504770
113,472,VT2 Front,,4,Füting,30,8:21.788,13:46.616,10:15.934,5,Cupra Leon KL*,2026-05-17 00:39:08.504770
114,100,BMW 325i,,1,Gruber,29,----LAP 29,13:30.483,10:21.172,3,BMW 325i*,2026-05-17 00:39:08.504770
115,821,SP 3T,,3,Epp,29,4:12.790,11:26.989,9:40.639,6,Audi RS3 LMS DSG*,2026-05-17 00:39:08.504770
116,650,BMW M240i,,9,Fübrich,29,5:25.792,13:41.324,9:29.559,5,BMW M240i Racing Cup*,2026-05-17 00:39:08.504770
117,418,V6,,3,Lamadrid,29,7:29.108,13:13.372,10:12.681,6,Porsche Cayman S*,2026-05-17 00:39:08.504770
118,514,VT2 Hecka,,6,De Groot,29,8:30.053,14:01.960,9:47.916,4,BMW 330i*,2026-05-17 00:39:08.504770
119,415,V6,,4,Arnold,29,11:47.272,11:17.984,9:39.386,5,Porsche 911 Carrera*,2026-05-17 00:39:08.504770
120,320,AT2,,2,López Cesaratto,29,12:58.726,10:43.146,8:57.689,5,Porsche 911 GT3 Cup (992.1),2026-05-17 00:39:08.504770
121,979,Cup 3,PRO,16,Surzyshyn,28,----LAP 28,15:22.144,9:18.187,4,Porsche 718 Cayman GT4 Clubsport (Typ 982),2026-05-17 00:39:08.504770
122,959,Cup 3,PRO,17,Haughton,28,1:41.031,12:37.460,9:01.126,4,Porsche 718 Cayman GT4 Clubsport (Typ 982),2026-05-17 00:39:08.504770
123,101,BMW 325i,,2,Schwolow,28,2:37.878,16:18.352,10:43.196,4,BMW 325i (e90)*,2026-05-17 00:39:08.504770
124,505,VT2 Hecka,,7,Van Vooren,28,3:52.831,12:35.313,10:43.608,4,BMW 330i*,2026-05-17 00:39:08.504770
125,112,BMW 325i,,3,Küpper,28,8:33.844,15:25.422,10:33.637,5,BMW 325i (e90)*,2026-05-17 00:39:08.504770
126,455,V5,,3,Trinius,28,33:51.403,22:54.838,10:35.030,5,Porsche Cayman CM12*,2026-05-17 00:39:08.504770
127,303,SP 4T,,3,Shin,28,47:06.780,13:21.674,9:29.769,4,Hyundai Motor Company ELANTRAN1 RP,2026-05-17 00:39:08.504770
128,830,TCR,,4,Basseng,27,----LAP 27,10:39.103,8:54.740,4,Hyundai Motor Company ELANTRA N TCR,2026-05-17 00:39:08.504770
129,445,V5,,4,Welker,27,21.872,13:12.587,10:41.778,5,Porsche Cayman CM12*,2026-05-17 00:39:08.504770
130,440,V5,,5,Ebener,27,2:03.693,11:57.419,10:09.194,5,Porsche Cayman CM12*,2026-05-17 00:39:08.504770
131,477,VT2 Front,,5,Mennecke,27,2:34.058,13:18.035,10:56.392,5,VW Scirocco R TSI*,2026-05-17 00:39:08.504770
132,380,SP 2T,,1,Schäffer,27,3:35.579,19:09.641,10:43.078,4,Opel Corsa GS Line 130*,2026-05-17 00:39:08.504770
133,152,SP 4,,1,Koger,27,4:11.343,20:12.305,11:21.667,4,BMW 325CI*,2026-05-17 00:39:08.504770
134,10,SP 3T,,4,Lenz,27,7:18.472,11:26.459,9:32.312,6,VW Golf GTI Clubsport 24h,2026-05-17 00:39:08.504770
135,109,SP 2T,,2,Oshima,27,,18:49.537,9:33.699,6,Toyota GR Yaris,2026-05-17 00:39:08.504770
136,300,SP 3T,,5,Geilfus,27,9:44.440,13:02.217,10:22.613,6,Dacia Logan,2026-05-17 00:39:08.504770
137,82,SP 7,,3,Schröder,26,----LAP 26,11:28.128,9:42.820,6,Porsche 718 Cayman GT4 Clubsport (Typ 982),2026-05-17 00:39:08.504770
138,59,SP 8T,,1,Weishar,26,1:16.677,14:35.374,8:57.891,4,McLaren Artura Trophy Evo,2026-05-17 00:39:08.504770
139,786,SP 9,AM,35,Nana,26,,15:57.033,8:28.245,6,Lamborghini Huracan GT3 EVO2,2026-05-17 00:39:08.504770
140,302,SP 4T,,4,Azcona,25,----LAP 25,13:07.400,9:21.541,3,Hyundai Motor Company ELANTRAN1 RP,2026-05-17 00:39:08.504770
141,911,SP 9,PRO,36,Estre,24,----LAP 24,12:05.638,8:13.671,3,Porsche 911 GT3 R (992) Evo26,2026-05-17 00:39:08.504770
142,64,SP 9,PRO,37,Maini,24,1:16.175,9:15.199,8:14.825,3,Ford Mustang GT3 EVO (2026),2026-05-17 00:39:08.504770
143,677,BMW M240i,,10,Tauber,24,1:57:46.141,14:42.815,10:17.190,5,BMW M240i Racing Cup*,2026-05-17 00:39:08.504770
144,800,SP 3T,,6,Oepen,23,----LAP 23,15:44.814,9:44.296,7,VW GOLF 7 GTI TCR DSG,2026-05-17 00:39:08.504770
145,76,SP 4T,,5,Hochwind,21,----LAP 21,1:26:49.596,9:03.336,5,VW Golf GTI Clubsport 24h,2026-05-17 00:39:08.504770
146,569,VT2 Hecka,,8,Van‘t veer,20,----LAP 20,14:14.953,10:14.652,5,BMW 328i*,2026-05-17 00:39:08.504770
147,501,VT2 Hecka,,9,Vortkamp,17,----LAP 17,13:48.642,10:19.031,3,BMW 330i*,2026-05-17 00:39:08.504770
148,808,SP 3T,,7,Geon,17,2:42:45.034,16:54.324,10:03.234,2,Cupra TCR DSG,2026-05-17 00:39:08.504770
149,108,BMW 325i,,4,Grilli,16,----LAP 16,17:57.423,10:40.183,4,BMW 325i (e90)*,2026-05-17 00:39:08.504770
150,277,SP 3,,1,Harris,16,,27:12.894,10:17.533,5,BMW 318ti (E36)*,2026-05-17 00:39:08.504770
151,16,SP 9,PRO,38,Sims,16,,20:15.798,8:13.543,3,Audi R8 LMS GT3 evo II,2026-05-17 00:39:08.504770
152,47,SP 9,PRO,39,Krohn,15,----LAP 15,9:34.941,8:13.404,2,Mercedes-AMG GT3,2026-05-17 00:39:08.504770
153,189,SP 10,AM,13,Kroll,15,23:04.326,13:14.547,9:02.852,2,BMW M4 GT4 EVO (G82),2026-05-17 00:39:08.504770
154,45,SP 9,PRO,40,Vermeulen,14,----LAP 14,12:21.623,8:12.515,2,Ferrari 296 GT3 Evo26,2026-05-17 00:39:08.504770
155,75,AT1,PROAM,2,Fugel,11,----LAP 11,8:31.376,8:20.316,1,Audi R8 LMS GT3 evo II,2026-05-17 00:39:08.504770
156,195,BMW M240i,,11,Hoenjet,10,----LAP 10,10:18.132,9:31.981,1,BMW M240i Racing Cup*,2026-05-17 00:39:08.504770
157,110,SP 2T,,3,Sasaki,7,----LAP 7,12:50.416,11:05.842,2,Toyota GR Yaris,2026-05-17 00:39:08.504770
158,410,V6,,5,Croci,6,----LAP 6,10:08.339,10:20.292,1,Porsche Cayman GTS*,2026-05-17 00:39:08.504770
159,35,SP 9,PROAM,41,Fernandez Laser,4,----LAP 4,10:19.256,8:29.335,1,Aston Martin Vantage AMR GT3 EVO,2026-05-17 00:39:08.504770
NormalQualified,NormalQualified,NormalQualified,NormalQualified,NormalQualified,NormalQualified,NormalQualified,NormalQualified,NormalQualified,NormalQualified,NormalQualified,NormalQualified,2026-05-17 00:39:08.504770
1,3,SP 9,PRO,1,Auer,38,----LAP 38,9:46.909,8:13.690,5,Mercedes-AMG GT3,2026-05-17 00:39:38.676809
2,80,SP 9,PRO,2,Schiller,38,01.256,9:46.499,8:14.337,5,Mercedes-AMG GT3,2026-05-17 00:39:38.676809
3,34,SP 9,PRO,3,Drudi,38,2:30.542,9:54.983,8:17.432,5,Aston Martin Vantage AMR GT3 EVO,2026-05-17 00:39:38.676809
4,99,SP 9,PRO,4,Harper,38,2:41.985,9:36.895,8:18.953,5,BMW M4 GT3 EVO,2026-05-17 00:39:38.676809
5,81,SP-X,PRO,1,de Phillippi,38,3:00.506,10:22.802,8:17.045,5,BMW M3 Touring 24h,2026-05-17 00:39:38.676809
6,44,SP 9,PRO,5,Bachler,38,3:08.994,10:06.254,8:17.284,5,Porsche 911 GT3 R (992) Evo26,2026-05-17 00:39:38.676809
7,24,SP 9,PRO,6,Vanthoor,38,4:14.044,11:06.357,8:18.141,4,Porsche 911 GT3 R (992) Evo26,2026-05-17 00:39:38.676809
8,1,SP 9,PRO,7,Farfus,37,----LAP 37,10:01.248,8:16.257,5,BMW M4 GT3 EVO,2026-05-17 00:39:38.676809
9,54,SP 9,PRO,8,Christensen,37,04.339,10:10.236,8:21.411,4,Porsche 911 GT3 R (992) Evo26,2026-05-17 00:39:38.676809
10,67,SP 9,PRO,9,Vervisch,37,10.871,12:56.190,8:16.169,5,Ford Mustang GT3 EVO (2026),2026-05-17 00:39:38.676809
11,65,SP 9,PROAM,10,Caresani,37,43.151,9:56.987,8:15.271,5,Ford Mustang GT3 EVO (2026),2026-05-17 00:39:38.676809
12,86,SP 9,PROAM,11,King,37,1:22.560,9:40.795,8:24.189,5,Porsche 911 GT3 R (992) Evo26,2026-05-17 00:39:38.676809
13,26,SP 9,PRO,12,Böckmann,37,1:24.799,9:56.205,8:14.685,5,Mercedes-AMG GT3,2026-05-17 00:39:38.676809
14,84,SP 9,PRO,13,Bortolotti,37,1:37.971,9:52.288,8:11.149,5,Lamborghini Huracan GT3 EVO2,2026-05-17 00:39:38.676809
15,77,SP 9,PRO,14,Frijns,37,2:24.357,10:24.817,8:14.452,5,BMW M4 GT3 EVO,2026-05-17 00:39:38.676809
16,48,SP 9,PROAM,15,Müller,37,2:37.456,10:17.979,8:17.605,5,Porsche 911 GT3 R (992) Evo26,2026-05-17 00:39:38.676809
17,11,SP 9,PROAM,16,Härtling,37,2:46.506,10:15.253,8:19.388,5,Mercedes-AMG GT3,2026-05-17 00:39:38.676809
18,55,SP 9,PRO,17,Sturm,37,3:13.877,10:06.096,8:27.508,6,Porsche 911 GT3 R (992) Evo26,2026-05-17 00:39:38.676809
19,18,SP 9,PROAM,18,Kolb,37,4:08.067,9:52.824,8:24.640,5,Porsche 911 GT3 R (992) Evo26,2026-05-17 00:39:38.676809
20,17,SP 9,PRO,19,Menzel,37,4:19.107,9:36.782,8:18.394,6,Porsche 911 GT3 R (992) Evo26,2026-05-17 00:39:38.676809
21,69,SP 9,PRO,20,Dörr,37,5:22.089,10:03.009,8:18.493,5,McLaren 720S-GT3,2026-05-17 00:39:38.676809
22,123,SP 9,PROAM,21,Brundle,37,6:36.692,9:55.584,8:25.985,5,Porsche 911 GT3 R (992) Evo26,2026-05-17 00:39:38.676809
23,7,SP 9,PRO,22,Paul,37,6:40.762,9:50.406,8:14.446,5,Lamborghini Huracan GT3 EVO2,2026-05-17 00:39:38.676809
24,5,SP 9,AM,23,Kiefer,37,7:13.707,10:14.902,8:18.760,5,Porsche 911 GT3 R (992) Evo26,2026-05-17 00:39:38.676809
25,4,SP 9,PROAM,24,Fontana,37,7:33.242,10:03.121,8:22.099,5,Porsche 911 GT3 R (992) Evo26,2026-05-17 00:39:38.676809
26,30,SP 9,PROAM,25,Seefried,36,----LAP 36,10:10.548,8:24.267,5,Porsche 911 GT3 R (992) Evo26,2026-05-17 00:39:38.676809
27,39,SP 9,PROAM,26,Hantke,36,1:19.673,10:33.894,8:28.420,5,Aston Martin Vantage AMR GT3 EVO,2026-05-17 00:39:38.676809
28,32,SP 9,PROAM,27,Nakayama,36,2:23.188,12:49.674,8:31.507,5,Mercedes-AMG GT3,2026-05-17 00:39:38.676809
29,130,SP 9,PRO,28,Yelloly,36,4:54.363,23:54.448,8:14.351,5,Lamborghini Huracan GT3 EVO2,2026-05-17 00:39:38.676809
30,66,SP-X,PROAM,2,Hörr,36,5:19.610,10:54.172,8:31.491,5,KTM X-Bow GTX,2026-05-17 00:39:38.676809
31,900,Cup 2,PRO,1,Meijer,36,6:27.450,10:25.087,8:31.415,4,Porsche 911 GT3 Cup (992),2026-05-17 00:39:38.676809
32,902,Cup 2,PRO,2,Rennhofer,36,7:08.726,10:16.282,8:31.047,4,Porsche 911 GT3 Cup (992),2026-05-17 00:39:38.676809
33,918,Cup 2,PRO,3,Scheerbarth,36,9:21.506,10:38.620,8:32.495,4,Porsche 911 GT3 Cup (992),2026-05-17 00:39:38.676809
34,71,SP 9,PROAM,29,Kaffer,36,9:42.600,10:21.220,8:27.786,5,Audi R8 LMS GT3 evo II,2026-05-17 00:39:38.676809
35,19,AT1,PROAM,1,Coronel,35,----LAP 35,10:11.285,8:26.868,5,Audi R8 LMS GT3 evo II,2026-05-17 00:39:38.676809
36,61,SP-X,PRO,3,Arnold,35,2:31.521,10:47.814,8:49.118,5,HWA EVO.R,2026-05-17 00:39:38.676809
37,992,SP-PRO,PROAM,1,Griesemann,35,3:24.068,13:55.477,8:36.238,5,Porsche 911 GT3 CUP MR,2026-05-17 00:39:38.676809
38,8,SP 9,AM,30,Veremenko,35,3:31.660,10:15.222,8:31.131,5,Audi R8 LMS GT3 evo II,2026-05-17 00:39:38.676809
39,62,SP-X,PRO,4,Adelson,35,4:47.696,11:59.157,8:44.071,4,HWA EVO.R,2026-05-17 00:39:38.676809
40,925,Cup 2,PRO,4,Miller,35,5:53.274,10:27.198,8:50.061,4,Porsche 911 GT3 Cup (992),2026-05-17 00:39:38.676809
41,909,Cup 2,AM,5,Messenger,35,6:20.468,12:26.851,8:38.719,4,Porsche 911 GT3 Cup (992),2026-05-17 00:39:38.676809
42,904,Cup 2,AM,6,Kranz,35,6:59.783,10:24.706,8:34.272,5,Porsche 911 GT3 Cup (992),2026-05-17 00:39:38.676809
43,33,SP 9,PROAM,31,Di Martino,35,,15:55.817,8:33.316,6,Audi R8 LMS GT3 evo II,2026-05-17 00:39:38.676809
44,88,SP 4T,,1,Kubo,35,5:08.183,11:48.582,8:58.132,4,Subaru WRX,2026-05-17 00:39:38.676809
45,63,SP-X,PRO,5,Holstad,34,----LAP 34,11:28.262,8:50.353,5,HWA EVO.R,2026-05-17 00:39:38.676809
46,632,AT2,,1,Charoudin,34,05.760,10:58.906,8:33.391,5,Porsche 911 GT3 Cup (992.1),2026-05-17 00:39:38.676809
47,962,Cup 3,PRO,1,Wiedmann,34,53.331,11:02.774,9:00.773,4,Porsche 718 Cayman GT4 Clubsport (Typ 982),2026-05-17 00:39:38.676809
48,777,Cup 2,AM,7,Jönsson,34,54.563,11:56.590,8:37.406,4,Porsche 911 GT3 Cup (992),2026-05-17 00:39:38.676809
49,908,Cup 2,AM,8,Mühlenz,34,1:40.313,14:27.960,8:48.446,4,Porsche 911 GT3 Cup (992),2026-05-17 00:39:38.676809
50,919,Cup 2,PRO,9,Chrzanowski,34,1:57.912,10:19.602,8:34.385,5,Porsche 911 GT3 Cup (992),2026-05-17 00:39:38.676809
51,176,SP 10,PROAM,1,de Oliveira,34,2:04.773,14:35.624,9:00.405,4,Mercedes-AMG GT4,2026-05-17 00:39:38.676809
52,888,SP 10,PROAM,2,Wiskirchen,34,2:05.470,15:08.293,8:54.980,4,BMW M4 GT4 EVO (G82),2026-05-17 00:39:38.676809
53,187,SP 10,PROAM,3,Link,34,2:45.324,14:10.688,8:57.978,5,BMW M4 GT4 (G82),2026-05-17 00:39:38.676809
54,180,SP 10,AM,4,Ogburn,34,4:55.864,11:11.857,8:56.749,5,BMW M4 GT4 EVO (G82),2026-05-17 00:39:38.676809
55,971,Cup 3,PRO,2,Braun,34,5:32.871,12:09.207,9:00.846,4,Porsche 718 Cayman GT4 Clubsport (Typ 982),2026-05-17 00:39:38.676809
56,145,SP 10,PROAM,5,Bleekemolen,34,6:01.327,11:10.870,8:57.361,5,BMW M4 GT4 EVO (G82),2026-05-17 00:39:38.676809
57,36,SP 9,AM,32,Scherer,34,7:07.491,11:57.971,9:05.727,5,BMW E89 Z4 (EVO 2013),2026-05-17 00:39:38.676809
58,177,SP 10,PROAM,6,Nicolae,34,7:25.389,10:54.145,9:00.667,4,BMW M4 GT4 EVO (G82),2026-05-17 00:39:38.676809
59,91,SP 7,,1,Ertl,34,8:41.522,11:49.779,8:49.797,5,Porsche 911 GT3 Cup (991),2026-05-17 00:39:38.676809
60,90,SP 10,PROAM,7,Sagrera,34,7:08.202,10:51.396,8:59.380,5,Toyota GR Supra GT4 EVO2,2026-05-17 00:39:38.676809
61,961,Cup 3,PRO,3,Lu,33,----LAP 33,11:27.088,9:08.057,4,Porsche 718 Cayman GT4 Clubsport (Typ 982),2026-05-17 00:39:38.676809
62,949,Cup 3,AM,4,Wenisch,33,33.508,11:51.720,9:12.020,5,Porsche 718 Cayman GT4 Clubsport (Typ 982),2026-05-17 00:39:38.676809
63,966,Cup 3,PRO,5,Oehme,33,40.847,13:02.320,9:17.003,6,Porsche 718 Cayman GT4 Clubsport (Typ 982),2026-05-17 00:39:38.676809
64,776,TCR,,1,Gabbiani,33,3:13.700,15:24.742,9:20.188,6,Audi RS3 LMS SEQ,2026-05-17 00:39:38.676809
65,939,Cup 3,AM,6,Schwenk,33,4:18.337,13:55.264,9:15.697,5,Porsche 718 Cayman GT4 Clubsport (Typ 982),2026-05-17 00:39:38.676809
66,171,SP 10,AM,8,Ullström,33,4:19.810,15:20.512,9:23.892,5,Porsche 718 Cayman GT4 RS CS,2026-05-17 00:39:38.676809
67,952,Cup 3,PRO,7,Kraus,33,6:31.207,11:46.208,9:27.223,4,Porsche 718 Cayman GT4 Clubsport (Typ 982),2026-05-17 00:39:38.676809
68,982,Cup 3,AM,8,Duffner,33,6:48.318,11:50.968,9:22.333,4,Porsche 718 Cayman GT4 Clubsport (Typ 982),2026-05-17 00:39:38.676809
69,945,Cup 3,AM,9,Okumura,33,8:02.012,12:19.504,9:41.427,4,Porsche 718 Cayman GT4 Clubsport (Typ 982),2026-05-17 00:39:38.676809
70,13,Cup 2,AM,10,Ecke,33,9:41.669,14:38.366,9:17.807,4,Porsche 911 GT3 Cup (992),2026-05-17 00:39:38.676809
71,95,Cup 2,PRO,11,Rettenbacher,33,9:46.272,10:20.139,8:38.526,7,Porsche 911 GT3 Cup (992),2026-05-17 00:39:38.676809
72,999,Cup 3,PRO,10,Riemer,33,10:43.898,12:05.131,9:07.084,6,Porsche 718 Cayman GT4 Clubsport (Typ 982),2026-05-17 00:39:38.676809
73,164,SP 10,PROAM,9,Brodmerkel,32,----LAP 32,15:37.230,8:59.910,5,Porsche 718 Cayman GT4 RS CS,2026-05-17 00:39:38.676809
74,175,SP 10,AM,10,Vazquez,32,2:05.782,14:27.292,9:09.674,5,Mercedes-AMG GT4,2026-05-17 00:39:38.676809
75,967,Cup 3,PRO,11,Rich,32,3:12.755,12:27.187,9:23.859,4,Porsche 718 Cayman GT4 Clubsport (Typ 982),2026-05-17 00:39:38.676809
76,169,SP 10,AM,11,Sander,32,4:41.236,11:22.768,9:17.197,4,Aston Martin Vantage AMR GT4,2026-05-17 00:39:38.676809
77,969,Cup 3,AM,12,Stewart,32,7:15.242,14:42.301,9:27.071,4,Porsche 718 Cayman GT4 Clubsport (Typ 982),2026-05-17 00:39:38.676809
78,317,SP 3T,,1,Haugg,32,7:16.885,11:33.965,9:34.061,5,Audi TTs,2026-05-17 00:39:38.676809
79,37,SP 9,AM,33,Wahl,32,7:50.835,10:58.050,8:37.093,6,Aston Martin Vantage AMR GT3,2026-05-17 00:39:38.676809
80,978,Cup 3,AM,13,Lamsouguer,32,8:21.112,11:59.053,9:33.831,4,Porsche 718 Cayman GT4 Clubsport (Typ 982),2026-05-17 00:39:38.676809
81,977,Cup 3,AM,14,Zimmermann,32,11:17.853,11:51.011,9:48.521,4,Porsche 718 Cayman GT4 Clubsport (Typ 982),2026-05-17 00:39:38.676809
82,898,BMW,,1,Dacher,32,12:16.448,11:22.392,9:44.883,4,BMW M2 Racing (G87)*,2026-05-17 00:39:38.676809
83,396,V6,,1,Büllesbach,32,12:36.467,11:50.248,9:38.681,5,Porsche Cayman S*,2026-05-17 00:39:38.676809
84,50,SP 4T,,2,Hammel,32,,12:43.149,8:57.956,5,VW Golf GTI Clubsport 24h,2026-05-17 00:39:38.676809
85,519,VT2 Hecka,,1,Tack,31,----LAP 31,13:57.228,9:48.700,4,Toyota Supra*,2026-05-17 00:39:38.676809
86,878,BMW,,2,Schlichenmeier,31,1:42.138,13:19.396,9:51.694,5,BMW M2 Racing (G87)*,2026-05-17 00:39:38.676809
87,480,VT2 Front,,1,Dupré,31,1:51.882,14:09.687,9:49.819,5,Audi S3-Lim*,2026-05-17 00:39:38.676809
88,500,VT2 Hecka,,2,Zils,31,2:01.482,14:13.527,9:49.234,4,BMW 330i*,2026-05-17 00:39:38.676809
89,669,BMW M240i,,1,Petrolo,31,2:39.717,11:36.917,9:43.196,4,BMW M240i Racing Cup*,2026-05-17 00:39:38.676809
90,577,TCR,,2,Rosam,31,2:44.539,14:29.589,9:25.597,4,Cupra Leon Competición TCR,2026-05-17 00:39:38.676809
91,658,BMW M240i,,2,Sari,31,4:15.509,14:18.871,9:58.764,5,BMW M240i Racing Cup*,2026-05-17 00:39:38.676809
92,321,SP 3T,,2,Mache,31,5:06.703,11:04.483,9:20.461,7,VW GOLF 7 GTI TCR DSG,2026-05-17 00:39:38.676809
93,652,BMW M240i,,3,Opran,31,5:11.464,11:26.506,9:37.792,5,BMW M240i Racing Cup*,2026-05-17 00:39:38.676809
94,170,SP 10,,12,Koyama,31,6:07.922,12:04.323,9:00.540,5,Toyota GR Supra GT4 EVO2,2026-05-17 00:39:38.676809
95,448,V6,,2,Müller,31,6:24.365,11:29.673,9:38.614,6,Porsche Cayman S*,2026-05-17 00:39:38.676809
96,665,BMW M240i,,4,Reinhard,31,6:47.291,11:37.264,9:41.802,5,BMW M240i Racing Cup*,2026-05-17 00:39:38.676809
97,653,BMW M240i,,5,Fitzgerald,31,6:53.625,11:53.340,9:45.564,6,BMW M240i Racing Cup*,2026-05-17 00:39:38.676809
98,941,Cup 3,PRO,15,van der Snel,31,,10:29.524,9:05.659,4,Porsche 718 Cayman GT4 Clubsport (Typ 982),2026-05-17 00:39:38.676809
99,471,VT2 Front,,2,Eichhorn,31,10:21.305,11:39.860,9:59.750,5,Cupra Leon KL*,2026-05-17 00:39:38.676809
100,444,V5,,1,Korn,31,11:29.338,11:47.663,9:54.131,5,Porsche Cayman CM12*,2026-05-17 00:39:38.676809
101,474,VT2 Front,,3,Hrubesch,30,----LAP 30,12:31.480,10:15.189,5,VW Golf GTI *,2026-05-17 00:39:38.676809
102,40,SP 9,AM,34,Posavac,30,16.340,18:34.705,8:53.859,4,BMW E89 Z4 (EVO 2013),2026-05-17 00:39:38.676809
103,89,TCR,,3,Groneck,30,1:46.217,11:46.191,9:55.499,5,VW GOLF 7 GTI TCR DSG,2026-05-17 00:39:38.676809
104,454,V5,,2,Hansen,30,1:52.493,12:44.455,10:10.380,4,Porsche Cayman CM12*,2026-05-17 00:39:38.676809
105,524,VT2 Hecka,,3,Ooms,30,2:13.321,14:39.846,9:48.602,4,Toyota Supra*,2026-05-17 00:39:38.676809
106,670,BMW M240i,,6,Paviot,30,2:26.018,15:10.843,9:58.466,5,BMW M240i Racing Cup*,2026-05-17 00:39:38.676809
107,870,BMW,,3,Kreutzpointner,30,2:52.371,12:48.925,9:46.793,5,BMW M2 Racing (G87)*,2026-05-17 00:39:38.676809
108,520,VT2 Hecka,,4,Horino,30,5:50.501,15:21.149,9:56.492,4,Toyota Supra*,2026-05-17 00:39:38.676809
109,667,BMW M240i,,7,Fontes,30,7:52.570,15:43.246,9:49.349,5,BMW M240i Racing Cup*,2026-05-17 00:39:38.676809
110,503,VT2 Hecka,,5,Ehrhardt,30,8:46.984,12:26.495,10:07.362,5,Toyota Supra*,2026-05-17 00:39:38.676809
111,420,SP 7,,2,Schöni,30,10:13.007,12:10.508,9:15.838,4,Porsche 718 Cayman GT4 Clubsport (Typ 982),2026-05-17 00:39:38.676809
112,651,BMW M240i,,8,Silva,30,11:51.049,11:40.582,9:38.161,5,BMW M240i Racing Cup*,2026-05-17 00:39:38.676809
113,472,VT2 Front,,4,Füting,30,8:21.788,13:46.616,10:15.934,5,Cupra Leon KL*,2026-05-17 00:39:38.676809
114,100,BMW 325i,,1,Gruber,29,----LAP 29,13:30.483,10:21.172,3,BMW 325i*,2026-05-17 00:39:38.676809
115,821,SP 3T,,3,Epp,29,4:12.790,11:26.989,9:40.639,6,Audi RS3 LMS DSG*,2026-05-17 00:39:38.676809
116,650,BMW M240i,,9,Fübrich,29,5:25.792,13:41.324,9:29.559,5,BMW M240i Racing Cup*,2026-05-17 00:39:38.676809
117,418,V6,,3,Lamadrid,29,7:29.108,13:13.372,10:12.681,6,Porsche Cayman S*,2026-05-17 00:39:38.676809
118,514,VT2 Hecka,,6,De Groot,29,8:30.053,14:01.960,9:47.916,4,BMW 330i*,2026-05-17 00:39:38.676809
119,415,V6,,4,Arnold,29,11:47.272,11:17.984,9:39.386,5,Porsche 911 Carrera*,2026-05-17 00:39:38.676809
120,320,AT2,,2,López Cesaratto,29,12:55.264,10:43.146,8:57.689,5,Porsche 911 GT3 Cup (992.1),2026-05-17 00:39:38.676809
121,979,Cup 3,PRO,16,Surzyshyn,28,----LAP 28,15:22.144,9:18.187,4,Porsche 718 Cayman GT4 Clubsport (Typ 982),2026-05-17 00:39:38.676809
122,959,Cup 3,PRO,17,Haughton,28,1:41.031,12:37.460,9:01.126,4,Porsche 718 Cayman GT4 Clubsport (Typ 982),2026-05-17 00:39:38.676809
123,101,BMW 325i,,2,Schwolow,28,2:37.878,16:18.352,10:43.196,4,BMW 325i (e90)*,2026-05-17 00:39:38.676809
124,505,VT2 Hecka,,7,Van Vooren,28,3:52.831,12:35.313,10:43.608,4,BMW 330i*,2026-05-17 00:39:38.676809
125,112,BMW 325i,,3,Küpper,28,8:33.844,15:25.422,10:33.637,5,BMW 325i (e90)*,2026-05-17 00:39:38.676809
126,455,V5,,3,Trinius,28,33:51.403,22:54.838,10:35.030,5,Porsche Cayman CM12*,2026-05-17 00:39:38.676809
127,303,SP 4T,,3,Shin,28,47:06.780,13:21.674,9:29.769,4,Hyundai Motor Company ELANTRAN1 RP,2026-05-17 00:39:38.676809
128,830,TCR,,4,Basseng,27,----LAP 27,10:39.103,8:54.740,4,Hyundai Motor Company ELANTRA N TCR,2026-05-17 00:39:38.676809
129,445,V5,,4,Welker,27,21.872,13:12.587,10:41.778,5,Porsche Cayman CM12*,2026-05-17 00:39:38.676809
130,440,V5,,5,Ebener,27,2:03.693,11:57.419,10:09.194,5,Porsche Cayman CM12*,2026-05-17 00:39:38.676809
131,477,VT2 Front,,5,Mennecke,27,2:34.058,13:18.035,10:56.392,5,VW Scirocco R TSI*,2026-05-17 00:39:38.676809
132,380,SP 2T,,1,Schäffer,27,3:35.579,19:09.641,10:43.078,4,Opel Corsa GS Line 130*,2026-05-17 00:39:38.676809
133,152,SP 4,,1,Koger,27,4:11.343,20:12.305,11:21.667,4,BMW 325CI*,2026-05-17 00:39:38.676809
134,10,SP 3T,,4,Lenz,27,7:18.472,11:26.459,9:32.312,6,VW Golf GTI Clubsport 24h,2026-05-17 00:39:38.676809
135,109,SP 2T,,2,Oshima,27,,18:49.537,9:33.699,6,Toyota GR Yaris,2026-05-17 00:39:38.676809
136,300,SP 3T,,5,Geilfus,27,9:44.440,13:02.217,10:22.613,6,Dacia Logan,2026-05-17 00:39:38.676809
137,82,SP 7,,3,Schröder,26,----LAP 26,11:28.128,9:42.820,6,Porsche 718 Cayman GT4 Clubsport (Typ 982),2026-05-17 00:39:38.676809
138,59,SP 8T,,1,Weishar,26,1:16.677,14:35.374,8:57.891,4,McLaren Artura Trophy Evo,2026-05-17 00:39:38.676809
139,786,SP 9,AM,35,Nana,26,,15:57.033,8:28.245,6,Lamborghini Huracan GT3 EVO2,2026-05-17 00:39:38.676809
140,302,SP 4T,,4,Azcona,25,----LAP 25,13:07.400,9:21.541,3,Hyundai Motor Company ELANTRAN1 RP,2026-05-17 00:39:38.676809
141,911,SP 9,PRO,36,Estre,24,----LAP 24,12:05.638,8:13.671,3,Porsche 911 GT3 R (992) Evo26,2026-05-17 00:39:38.676809
142,64,SP 9,PRO,37,Maini,24,1:16.175,9:15.199,8:14.825,3,Ford Mustang GT3 EVO (2026),2026-05-17 00:39:38.676809
143,677,BMW M240i,,10,Tauber,24,1:57:46.141,14:42.815,10:17.190,5,BMW M240i Racing Cup*,2026-05-17 00:39:38.676809
144,800,SP 3T,,6,Oepen,23,----LAP 23,15:44.814,9:44.296,7,VW GOLF 7 GTI TCR DSG,2026-05-17 00:39:38.676809
145,76,SP 4T,,5,Hochwind,21,----LAP 21,1:26:49.596,9:03.336,5,VW Golf GTI Clubsport 24h,2026-05-17 00:39:38.676809
146,569,VT2 Hecka,,8,Van‘t veer,20,----LAP 20,14:14.953,10:14.652,5,BMW 328i*,2026-05-17 00:39:38.676809
147,501,VT2 Hecka,,9,Vortkamp,17,----LAP 17,13:48.642,10:19.031,3,BMW 330i*,2026-05-17 00:39:38.676809
148,808,SP 3T,,7,Geon,17,2:42:45.034,16:54.324,10:03.234,2,Cupra TCR DSG,2026-05-17 00:39:38.676809
149,108,BMW 325i,,4,Grilli,16,----LAP 16,17:57.423,10:40.183,4,BMW 325i (e90)*,2026-05-17 00:39:38.676809
150,277,SP 3,,1,Harris,16,,27:12.894,10:17.533,5,BMW 318ti (E36)*,2026-05-17 00:39:38.676809
151,16,SP 9,PRO,38,Sims,16,,20:15.798,8:13.543,3,Audi R8 LMS GT3 evo II,2026-05-17 00:39:38.676809
152,47,SP 9,PRO,39,Krohn,15,----LAP 15,9:34.941,8:13.404,2,Mercedes-AMG GT3,2026-05-17 00:39:38.676809
153,189,SP 10,AM,13,Kroll,15,23:04.326,13:14.547,9:02.852,2,BMW M4 GT4 EVO (G82),2026-05-17 00:39:38.676809
154,45,SP 9,PRO,40,Vermeulen,14,----LAP 14,12:21.623,8:12.515,2,Ferrari 296 GT3 Evo26,2026-05-17 00:39:38.676809
155,75,AT1,PROAM,2,Fugel,11,----LAP 11,8:31.376,8:20.316,1,Audi R8 LMS GT3 evo II,2026-05-17 00:39:38.676809
156,195,BMW M240i,,11,Hoenjet,10,----LAP 10,10:18.132,9:31.981,1,BMW M240i Racing Cup*,2026-05-17 00:39:38.676809
157,110,SP 2T,,3,Sasaki,7,----LAP 7,12:50.416,11:05.842,2,Toyota GR Yaris,2026-05-17 00:39:38.676809
158,410,V6,,5,Croci,6,----LAP 6,10:08.339,10:20.292,1,Porsche Cayman GTS*,2026-05-17 00:39:38.676809
159,35,SP 9,PROAM,41,Fernandez Laser,4,----LAP 4,10:19.256,8:29.335,1,Aston Martin Vantage AMR GT3 EVO,2026-05-17 00:39:38.676809
NormalQualified,NormalQualified,NormalQualified,NormalQualified,NormalQualified,NormalQualified,NormalQualified,NormalQualified,NormalQualified,NormalQualified,NormalQualified,NormalQualified,2026-05-17 00:39:38.676809
1,3,SP 9,PRO,1,Auer,38,----LAP 38,9:46.909,8:13.690,5,Mercedes-AMG GT3,2026-05-17 00:40:08.869509
2,80,SP 9,PRO,2,Schiller,38,02.154,9:46.499,8:14.337,5,Mercedes-AMG GT3,2026-05-17 00:40:08.869509
3,34,SP 9,PRO,3,Drudi,38,2:30.542,9:54.983,8:17.432,5,Aston Martin Vantage AMR GT3 EVO,2026-05-17 00:40:08.869509
4,99,SP 9,PRO,4,Harper,38,2:41.985,9:36.895,8:18.953,5,BMW M4 GT3 EVO,2026-05-17 00:40:08.869509
5,81,SP-X,PRO,1,de Phillippi,38,3:00.506,10:22.802,8:17.045,5,BMW M3 Touring 24h,2026-05-17 00:40:08.869509
6,44,SP 9,PRO,5,Bachler,38,3:08.994,10:06.254,8:17.284,5,Porsche 911 GT3 R (992) Evo26,2026-05-17 00:40:08.869509
7,24,SP 9,PRO,6,Vanthoor,38,4:13.207,11:06.357,8:18.141,4,Porsche 911 GT3 R (992) Evo26,2026-05-17 00:40:08.869509
8,1,SP 9,PRO,7,Farfus,37,----LAP 37,10:01.248,8:16.257,5,BMW M4 GT3 EVO,2026-05-17 00:40:08.869509
9,54,SP 9,PRO,8,Christensen,37,04.339,10:10.236,8:21.411,4,Porsche 911 GT3 R (992) Evo26,2026-05-17 00:40:08.869509
10,67,SP 9,PRO,9,Vervisch,37,10.871,12:56.190,8:16.169,5,Ford Mustang GT3 EVO (2026),2026-05-17 00:40:08.869509
11,65,SP 9,PROAM,10,Caresani,37,43.151,9:56.987,8:15.271,5,Ford Mustang GT3 EVO (2026),2026-05-17 00:40:08.869509
12,86,SP 9,PROAM,11,King,37,1:22.560,9:40.795,8:24.189,5,Porsche 911 GT3 R (992) Evo26,2026-05-17 00:40:08.869509
13,26,SP 9,PRO,12,Böckmann,37,1:24.799,9:56.205,8:14.685,5,Mercedes-AMG GT3,2026-05-17 00:40:08.869509
14,84,SP 9,PRO,13,Bortolotti,37,1:37.971,9:52.288,8:11.149,5,Lamborghini Huracan GT3 EVO2,2026-05-17 00:40:08.869509
15,77,SP 9,PRO,14,Frijns,37,2:24.357,10:24.817,8:14.452,5,BMW M4 GT3 EVO,2026-05-17 00:40:08.869509
16,48,SP 9,PROAM,15,Müller,37,2:37.456,10:17.979,8:17.605,5,Porsche 911 GT3 R (992) Evo26,2026-05-17 00:40:08.869509
17,11,SP 9,PROAM,16,Härtling,37,2:46.506,10:15.253,8:19.388,5,Mercedes-AMG GT3,2026-05-17 00:40:08.869509
18,55,SP 9,PRO,17,Sturm,37,3:11.298,10:06.096,8:27.508,6,Porsche 911 GT3 R (992) Evo26,2026-05-17 00:40:08.869509
19,18,SP 9,PROAM,18,Kolb,37,3:54.884,9:52.824,8:24.640,5,Porsche 911 GT3 R (992) Evo26,2026-05-17 00:40:08.869509
20,17,SP 9,PRO,19,Menzel,37,4:19.107,9:36.782,8:18.394,6,Porsche 911 GT3 R (992) Evo26,2026-05-17 00:40:08.869509
21,69,SP 9,PRO,20,Dörr,37,5:22.089,10:03.009,8:18.493,5,McLaren 720S-GT3,2026-05-17 00:40:08.869509
22,123,SP 9,PROAM,21,Brundle,37,6:36.692,9:55.584,8:25.985,5,Porsche 911 GT3 R (992) Evo26,2026-05-17 00:40:08.869509
23,7,SP 9,PRO,22,Paul,37,6:40.762,9:50.406,8:14.446,5,Lamborghini Huracan GT3 EVO2,2026-05-17 00:40:08.869509
24,5,SP 9,AM,23,Kiefer,37,7:13.707,10:14.902,8:18.760,5,Porsche 911 GT3 R (992) Evo26,2026-05-17 00:40:08.869509
25,4,SP 9,PROAM,24,Fontana,37,7:33.242,10:03.121,8:22.099,5,Porsche 911 GT3 R (992) Evo26,2026-05-17 00:40:08.869509
26,30,SP 9,PROAM,25,Seefried,37,9:10.060,10:32.804,8:24.267,5,Porsche 911 GT3 R (992) Evo26,2026-05-17 00:40:08.869509
27,39,SP 9,PROAM,26,Hantke,36,----LAP 36,10:33.894,8:28.420,5,Aston Martin Vantage AMR GT3 EVO,2026-05-17 00:40:08.869509
28,32,SP 9,PROAM,27,Nakayama,36,1:03.515,12:49.674,8:31.507,5,Mercedes-AMG GT3,2026-05-17 00:40:08.869509
29,130,SP 9,PRO,28,Yelloly,36,3:33.142,23:54.448,8:14.351,5,Lamborghini Huracan GT3 EVO2,2026-05-17 00:40:08.869509
30,66,SP-X,PROAM,2,Hörr,36,3:43.719,10:54.172,8:31.491,5,KTM X-Bow GTX,2026-05-17 00:40:08.869509
31,900,Cup 2,PRO,1,Meijer,36,4:58.410,10:25.087,8:31.415,4,Porsche 911 GT3 Cup (992),2026-05-17 00:40:08.869509
32,902,Cup 2,PRO,2,Rennhofer,36,5:39.686,10:16.282,8:31.047,4,Porsche 911 GT3 Cup (992),2026-05-17 00:40:08.869509
33,918,Cup 2,PRO,3,Scheerbarth,36,8:06.164,10:38.620,8:32.495,4,Porsche 911 GT3 Cup (992),2026-05-17 00:40:08.869509
34,71,SP 9,PROAM,29,Kaffer,36,8:27.258,10:21.220,8:27.786,5,Audi R8 LMS GT3 evo II,2026-05-17 00:40:08.869509
35,19,AT1,PROAM,1,Coronel,35,----LAP 35,10:11.285,8:26.868,5,Audi R8 LMS GT3 evo II,2026-05-17 00:40:08.869509
36,61,SP-X,PRO,3,Arnold,35,2:31.521,10:47.814,8:49.118,5,HWA EVO.R,2026-05-17 00:40:08.869509
37,992,SP-PRO,PROAM,1,Griesemann,35,3:24.068,13:55.477,8:36.238,5,Porsche 911 GT3 CUP MR,2026-05-17 00:40:08.869509
38,8,SP 9,AM,30,Veremenko,35,3:31.660,10:15.222,8:31.131,5,Audi R8 LMS GT3 evo II,2026-05-17 00:40:08.869509
39,62,SP-X,PRO,4,Adelson,35,4:47.696,11:59.157,8:44.071,4,HWA EVO.R,2026-05-17 00:40:08.869509
40,925,Cup 2,PRO,4,Miller,35,5:52.682,10:27.198,8:50.061,4,Porsche 911 GT3 Cup (992),2026-05-17 00:40:08.869509
41,909,Cup 2,AM,5,Messenger,35,6:20.468,12:26.851,8:38.719,4,Porsche 911 GT3 Cup (992),2026-05-17 00:40:08.869509
42,904,Cup 2,AM,6,Kranz,35,6:59.783,10:24.706,8:34.272,5,Porsche 911 GT3 Cup (992),2026-05-17 00:40:08.869509
43,63,SP-X,PRO,5,Holstad,35,7:28.924,11:28.028,8:50.353,5,HWA EVO.R,2026-05-17 00:40:08.869509
44,33,SP 9,PROAM,31,Di Martino,35,,15:55.817,8:33.316,6,Audi R8 LMS GT3 evo II,2026-05-17 00:40:08.869509
45,88,SP 4T,,1,Kubo,35,5:08.183,11:48.582,8:58.132,4,Subaru WRX,2026-05-17 00:40:08.869509
46,632,AT2,,1,Charoudin,35,7:29.549,11:15.362,8:33.391,5,Porsche 911 GT3 Cup (992.1),2026-05-17 00:40:08.869509
47,962,Cup 3,PRO,1,Wiedmann,34,----LAP 34,11:02.774,9:00.773,4,Porsche 718 Cayman GT4 Clubsport (Typ 982),2026-05-17 00:40:08.869509
48,777,Cup 2,AM,7,Jönsson,34,01.232,11:56.590,8:37.406,4,Porsche 911 GT3 Cup (992),2026-05-17 00:40:08.869509
49,908,Cup 2,AM,8,Mühlenz,34,44.008,14:27.960,8:48.446,4,Porsche 911 GT3 Cup (992),2026-05-17 00:40:08.869509
50,919,Cup 2,PRO,9,Chrzanowski,34,1:01.607,10:19.602,8:34.385,5,Porsche 911 GT3 Cup (992),2026-05-17 00:40:08.869509
51,176,SP 10,PROAM,1,de Oliveira,34,1:08.468,14:35.624,9:00.405,4,Mercedes-AMG GT4,2026-05-17 00:40:08.869509
52,888,SP 10,PROAM,2,Wiskirchen,34,1:09.165,15:08.293,8:54.980,4,BMW M4 GT4 EVO (G82),2026-05-17 00:40:08.869509
53,187,SP 10,PROAM,3,Link,34,1:49.019,14:10.688,8:57.978,5,BMW M4 GT4 (G82),2026-05-17 00:40:08.869509
54,180,SP 10,AM,4,Ogburn,34,3:56.606,11:11.857,8:56.749,5,BMW M4 GT4 EVO (G82),2026-05-17 00:40:08.869509
55,971,Cup 3,PRO,2,Braun,34,4:25.601,12:09.207,9:00.846,4,Porsche 718 Cayman GT4 Clubsport (Typ 982),2026-05-17 00:40:08.869509
56,145,SP 10,PROAM,5,Bleekemolen,34,4:54.057,11:10.870,8:57.361,5,BMW M4 GT4 EVO (G82),2026-05-17 00:40:08.869509
57,36,SP 9,AM,32,Scherer,34,6:00.221,11:57.971,9:05.727,5,BMW E89 Z4 (EVO 2013),2026-05-17 00:40:08.869509
58,177,SP 10,PROAM,6,Nicolae,34,6:18.119,10:54.145,9:00.667,4,BMW M4 GT4 EVO (G82),2026-05-17 00:40:08.869509
59,91,SP 7,,1,Ertl,34,7:34.192,11:49.779,8:49.797,5,Porsche 911 GT3 Cup (991),2026-05-17 00:40:08.869509
60,90,SP 10,PROAM,7,Sagrera,34,6:00.569,10:51.396,8:59.380,5,Toyota GR Supra GT4 EVO2,2026-05-17 00:40:08.869509
61,961,Cup 3,PRO,3,Lu,33,----LAP 33,11:27.088,9:08.057,4,Porsche 718 Cayman GT4 Clubsport (Typ 982),2026-05-17 00:40:08.869509
62,949,Cup 3,AM,4,Wenisch,33,33.378,11:51.720,9:12.020,5,Porsche 718 Cayman GT4 Clubsport (Typ 982),2026-05-17 00:40:08.869509
63,966,Cup 3,PRO,5,Oehme,33,48.656,13:02.320,9:17.003,6,Porsche 718 Cayman GT4 Clubsport (Typ 982),2026-05-17 00:40:08.869509
64,776,TCR,,1,Gabbiani,33,3:13.700,15:24.742,9:20.188,6,Audi RS3 LMS SEQ,2026-05-17 00:40:08.869509
65,939,Cup 3,AM,6,Schwenk,33,4:15.496,13:55.264,9:15.697,5,Porsche 718 Cayman GT4 Clubsport (Typ 982),2026-05-17 00:40:08.869509
66,171,SP 10,AM,8,Ullström,33,4:16.171,15:20.512,9:23.892,5,Porsche 718 Cayman GT4 RS CS,2026-05-17 00:40:08.869509
67,952,Cup 3,PRO,7,Kraus,33,6:31.207,11:46.208,9:27.223,4,Porsche 718 Cayman GT4 Clubsport (Typ 982),2026-05-17 00:40:08.869509
68,982,Cup 3,AM,8,Duffner,33,6:48.318,11:50.968,9:22.333,4,Porsche 718 Cayman GT4 Clubsport (Typ 982),2026-05-17 00:40:08.869509
69,945,Cup 3,AM,9,Okumura,33,8:03.291,12:19.504,9:41.427,4,Porsche 718 Cayman GT4 Clubsport (Typ 982),2026-05-17 00:40:08.869509
70,95,Cup 2,PRO,10,Rettenbacher,33,9:42.556,10:20.139,8:38.526,7,Porsche 911 GT3 Cup (992),2026-05-17 00:40:08.869509
71,13,Cup 2,AM,11,Ecke,33,9:43.441,14:38.366,9:17.807,4,Porsche 911 GT3 Cup (992),2026-05-17 00:40:08.869509
72,999,Cup 3,PRO,10,Riemer,33,10:43.898,12:05.131,9:07.084,6,Porsche 718 Cayman GT4 Clubsport (Typ 982),2026-05-17 00:40:08.869509
73,164,SP 10,PROAM,9,Brodmerkel,32,----LAP 32,15:37.230,8:59.910,5,Porsche 718 Cayman GT4 RS CS,2026-05-17 00:40:08.869509
74,175,SP 10,AM,10,Vazquez,32,2:05.782,14:27.292,9:09.674,5,Mercedes-AMG GT4,2026-05-17 00:40:08.869509
75,967,Cup 3,PRO,11,Rich,32,3:12.755,12:27.187,9:23.859,4,Porsche 718 Cayman GT4 Clubsport (Typ 982),2026-05-17 00:40:08.869509
76,169,SP 10,AM,11,Sander,32,4:41.236,11:22.768,9:17.197,4,Aston Martin Vantage AMR GT4,2026-05-17 00:40:08.869509
77,969,Cup 3,AM,12,Stewart,32,7:15.242,14:42.301,9:27.071,4,Porsche 718 Cayman GT4 Clubsport (Typ 982),2026-05-17 00:40:08.869509
78,317,SP 3T,,1,Haugg,32,7:16.885,11:33.965,9:34.061,5,Audi TTs,2026-05-17 00:40:08.869509
79,37,SP 9,AM,33,Wahl,32,7:50.835,10:58.050,8:37.093,6,Aston Martin Vantage AMR GT3,2026-05-17 00:40:08.869509
80,978,Cup 3,AM,13,Lamsouguer,32,8:21.112,11:59.053,9:33.831,4,Porsche 718 Cayman GT4 Clubsport (Typ 982),2026-05-17 00:40:08.869509
81,977,Cup 3,AM,14,Zimmermann,32,11:17.853,11:51.011,9:48.521,4,Porsche 718 Cayman GT4 Clubsport (Typ 982),2026-05-17 00:40:08.869509
82,898,BMW,,1,Dacher,32,12:16.448,11:22.392,9:44.883,4,BMW M2 Racing (G87)*,2026-05-17 00:40:08.869509
83,396,V6,,1,Büllesbach,32,12:36.467,11:50.248,9:38.681,5,Porsche Cayman S*,2026-05-17 00:40:08.869509
84,50,SP 4T,,2,Hammel,32,,12:43.149,8:57.956,5,VW Golf GTI Clubsport 24h,2026-05-17 00:40:08.869509
85,519,VT2 Hecka,,1,Tack,32,12:58.288,11:50.323,9:48.700,4,Toyota Supra*,2026-05-17 00:40:08.869509
86,878,BMW,,2,Schlichenmeier,31,----LAP 31,13:19.396,9:51.694,5,BMW M2 Racing (G87)*,2026-05-17 00:40:08.869509
87,480,VT2 Front,,1,Dupré,31,09.744,14:09.687,9:49.819,5,Audi S3-Lim*,2026-05-17 00:40:08.869509
88,500,VT2 Hecka,,2,Zils,31,19.344,14:13.527,9:49.234,4,BMW 330i*,2026-05-17 00:40:08.869509
89,669,BMW M240i,,1,Petrolo,31,57.579,11:36.917,9:43.196,4,BMW M240i Racing Cup*,2026-05-17 00:40:08.869509
90,577,TCR,,2,Rosam,31,1:02.401,14:29.589,9:25.597,4,Cupra Leon Competición TCR,2026-05-17 00:40:08.869509
91,658,BMW M240i,,2,Sari,31,2:33.371,14:18.871,9:58.764,5,BMW M240i Racing Cup*,2026-05-17 00:40:08.869509
92,321,SP 3T,,2,Mache,31,3:25.830,11:04.483,9:20.461,7,VW GOLF 7 GTI TCR DSG,2026-05-17 00:40:08.869509
93,652,BMW M240i,,3,Opran,31,3:30.591,11:26.506,9:37.792,5,BMW M240i Racing Cup*,2026-05-17 00:40:08.869509
94,170,SP 10,,12,Koyama,31,4:23.751,12:04.323,9:00.540,5,Toyota GR Supra GT4 EVO2,2026-05-17 00:40:08.869509
95,448,V6,,2,Müller,31,4:40.194,11:29.673,9:38.614,6,Porsche Cayman S*,2026-05-17 00:40:08.869509
96,665,BMW M240i,,4,Reinhard,31,5:03.120,11:37.264,9:41.802,5,BMW M240i Racing Cup*,2026-05-17 00:40:08.869509
97,653,BMW M240i,,5,Fitzgerald,31,5:09.454,11:53.340,9:45.564,6,BMW M240i Racing Cup*,2026-05-17 00:40:08.869509
98,941,Cup 3,PRO,15,van der Snel,31,,10:29.524,9:05.659,4,Porsche 718 Cayman GT4 Clubsport (Typ 982),2026-05-17 00:40:08.869509
99,471,VT2 Front,,2,Eichhorn,31,8:30.539,11:39.860,9:59.750,5,Cupra Leon KL*,2026-05-17 00:40:08.869509
100,444,V5,,1,Korn,31,9:36.831,11:47.663,9:54.131,5,Porsche Cayman CM12*,2026-05-17 00:40:08.869509
101,474,VT2 Front,,3,Hrubesch,31,9:52.187,12:34.655,10:15.189,5,VW Golf GTI *,2026-05-17 00:40:08.869509
102,40,SP 9,AM,34,Posavac,31,10:03.587,11:14.612,8:53.859,4,BMW E89 Z4 (EVO 2013),2026-05-17 00:40:08.869509
103,89,TCR,,3,Groneck,30,----LAP 30,11:46.191,9:55.499,5,VW GOLF 7 GTI TCR DSG,2026-05-17 00:40:08.869509
104,454,V5,,2,Hansen,30,06.276,12:44.455,10:10.380,4,Porsche Cayman CM12*,2026-05-17 00:40:08.869509
105,524,VT2 Hecka,,3,Ooms,30,27.104,14:39.846,9:48.602,4,Toyota Supra*,2026-05-17 00:40:08.869509
106,670,BMW M240i,,6,Paviot,30,39.801,15:10.843,9:58.466,5,BMW M240i Racing Cup*,2026-05-17 00:40:08.869509
107,870,BMW,,3,Kreutzpointner,30,1:06.154,12:48.925,9:46.793,5,BMW M2 Racing (G87)*,2026-05-17 00:40:08.869509
108,520,VT2 Hecka,,4,Horino,30,3:59.792,15:21.149,9:56.492,4,Toyota Supra*,2026-05-17 00:40:08.869509
109,667,BMW M240i,,7,Fontes,30,5:52.014,15:43.246,9:49.349,5,BMW M240i Racing Cup*,2026-05-17 00:40:08.869509
110,503,VT2 Hecka,,5,Ehrhardt,30,6:46.428,12:26.495,10:07.362,5,Toyota Supra*,2026-05-17 00:40:08.869509
111,420,SP 7,,2,Schöni,30,8:03.478,12:10.508,9:15.838,4,Porsche 718 Cayman GT4 Clubsport (Typ 982),2026-05-17 00:40:08.869509
112,651,BMW M240i,,8,Silva,30,9:37.444,11:40.582,9:38.161,5,BMW M240i Racing Cup*,2026-05-17 00:40:08.869509
113,472,VT2 Front,,4,Füting,30,6:08.240,13:46.616,10:15.934,5,Cupra Leon KL*,2026-05-17 00:40:08.869509
114,100,BMW 325i,,1,Gruber,29,----LAP 29,13:30.483,10:21.172,3,BMW 325i*,2026-05-17 00:40:08.869509
115,821,SP 3T,,3,Epp,29,4:12.790,11:26.989,9:40.639,6,Audi RS3 LMS DSG*,2026-05-17 00:40:08.869509
116,650,BMW M240i,,9,Fübrich,29,5:25.792,13:41.324,9:29.559,5,BMW M240i Racing Cup*,2026-05-17 00:40:08.869509
117,418,V6,,3,Lamadrid,29,7:29.108,13:13.372,10:12.681,6,Porsche Cayman S*,2026-05-17 00:40:08.869509
118,514,VT2 Hecka,,6,De Groot,29,8:30.053,14:01.960,9:47.916,4,BMW 330i*,2026-05-17 00:40:08.869509
119,415,V6,,4,Arnold,29,11:47.272,11:17.984,9:39.386,5,Porsche 911 Carrera*,2026-05-17 00:40:08.869509
120,320,AT2,,2,López Cesaratto,29,12:55.264,10:43.146,8:57.689,5,Porsche 911 GT3 Cup (992.1),2026-05-17 00:40:08.869509
121,979,Cup 3,PRO,16,Surzyshyn,28,----LAP 28,15:22.144,9:18.187,4,Porsche 718 Cayman GT4 Clubsport (Typ 982),2026-05-17 00:40:08.869509
122,959,Cup 3,PRO,17,Haughton,28,1:41.031,12:37.460,9:01.126,4,Porsche 718 Cayman GT4 Clubsport (Typ 982),2026-05-17 00:40:08.869509
123,101,BMW 325i,,2,Schwolow,28,2:37.878,16:18.352,10:43.196,4,BMW 325i (e90)*,2026-05-17 00:40:08.869509
124,505,VT2 Hecka,,7,Van Vooren,28,3:52.831,12:35.313,10:43.608,4,BMW 330i*,2026-05-17 00:40:08.869509
125,112,BMW 325i,,3,Küpper,28,8:35.398,15:25.422,10:33.637,5,BMW 325i (e90)*,2026-05-17 00:40:08.869509
126,455,V5,,3,Trinius,28,33:51.403,22:54.838,10:35.030,5,Porsche Cayman CM12*,2026-05-17 00:40:08.869509
127,303,SP 4T,,3,Shin,28,47:06.780,13:21.674,9:29.769,4,Hyundai Motor Company ELANTRAN1 RP,2026-05-17 00:40:08.869509
128,830,TCR,,4,Basseng,27,----LAP 27,10:39.103,8:54.740,4,Hyundai Motor Company ELANTRA N TCR,2026-05-17 00:40:08.869509
129,445,V5,,4,Welker,27,21.872,13:12.587,10:41.778,5,Porsche Cayman CM12*,2026-05-17 00:40:08.869509
130,440,V5,,5,Ebener,27,2:03.693,11:57.419,10:09.194,5,Porsche Cayman CM12*,2026-05-17 00:40:08.869509
131,477,VT2 Front,,5,Mennecke,27,2:34.058,13:18.035,10:56.392,5,VW Scirocco R TSI*,2026-05-17 00:40:08.869509
132,380,SP 2T,,1,Schäffer,27,3:35.579,19:09.641,10:43.078,4,Opel Corsa GS Line 130*,2026-05-17 00:40:08.869509
133,152,SP 4,,1,Koger,27,4:11.343,20:12.305,11:21.667,4,BMW 325CI*,2026-05-17 00:40:08.869509
134,10,SP 3T,,4,Lenz,27,7:18.472,11:26.459,9:32.312,6,VW Golf GTI Clubsport 24h,2026-05-17 00:40:08.869509
135,109,SP 2T,,2,Oshima,27,,18:49.537,9:33.699,6,Toyota GR Yaris,2026-05-17 00:40:08.869509
136,300,SP 3T,,5,Geilfus,27,9:44.440,13:02.217,10:22.613,6,Dacia Logan,2026-05-17 00:40:08.869509
137,82,SP 7,,3,Schröder,26,----LAP 26,11:28.128,9:42.820,6,Porsche 718 Cayman GT4 Clubsport (Typ 982),2026-05-17 00:40:08.869509
138,59,SP 8T,,1,Weishar,26,1:16.677,14:35.374,8:57.891,4,McLaren Artura Trophy Evo,2026-05-17 00:40:08.869509
139,786,SP 9,AM,35,Nana,26,,15:57.033,8:28.245,6,Lamborghini Huracan GT3 EVO2,2026-05-17 00:40:08.869509
140,302,SP 4T,,4,Azcona,25,----LAP 25,13:07.400,9:21.541,3,Hyundai Motor Company ELANTRAN1 RP,2026-05-17 00:40:08.869509
141,911,SP 9,PRO,36,Estre,24,----LAP 24,12:05.638,8:13.671,3,Porsche 911 GT3 R (992) Evo26,2026-05-17 00:40:08.869509
142,64,SP 9,PRO,37,Maini,24,1:16.175,9:15.199,8:14.825,3,Ford Mustang GT3 EVO (2026),2026-05-17 00:40:08.869509
143,677,BMW M240i,,10,Tauber,24,1:57:46.141,14:42.815,10:17.190,5,BMW M240i Racing Cup*,2026-05-17 00:40:08.869509
144,800,SP 3T,,6,Oepen,23,----LAP 23,15:44.814,9:44.296,7,VW GOLF 7 GTI TCR DSG,2026-05-17 00:40:08.869509
145,76,SP 4T,,5,Hochwind,21,----LAP 21,1:26:49.596,9:03.336,5,VW Golf GTI Clubsport 24h,2026-05-17 00:40:08.869509
146,569,VT2 Hecka,,8,Van‘t veer,20,----LAP 20,14:14.953,10:14.652,5,BMW 328i*,2026-05-17 00:40:08.869509
147,501,VT2 Hecka,,9,Vortkamp,17,----LAP 17,13:48.642,10:19.031,3,BMW 330i*,2026-05-17 00:40:08.869509
148,808,SP 3T,,7,Geon,17,2:42:45.034,16:54.324,10:03.234,2,Cupra TCR DSG,2026-05-17 00:40:08.869509
149,108,BMW 325i,,4,Grilli,16,----LAP 16,17:57.423,10:40.183,4,BMW 325i (e90)*,2026-05-17 00:40:08.869509
150,277,SP 3,,1,Harris,16,,27:12.894,10:17.533,5,BMW 318ti (E36)*,2026-05-17 00:40:08.869509
151,16,SP 9,PRO,38,Sims,16,,20:15.798,8:13.543,3,Audi R8 LMS GT3 evo II,2026-05-17 00:40:08.869509
152,47,SP 9,PRO,39,Krohn,15,----LAP 15,9:34.941,8:13.404,2,Mercedes-AMG GT3,2026-05-17 00:40:08.869509
153,189,SP 10,AM,13,Kroll,15,23:04.326,13:14.547,9:02.852,2,BMW M4 GT4 EVO (G82),2026-05-17 00:40:08.869509
154,45,SP 9,PRO,40,Vermeulen,14,----LAP 14,12:21.623,8:12.515,2,Ferrari 296 GT3 Evo26,2026-05-17 00:40:08.869509
155,75,AT1,PROAM,2,Fugel,11,----LAP 11,8:31.376,8:20.316,1,Audi R8 LMS GT3 evo II,2026-05-17 00:40:08.869509
156,195,BMW M240i,,11,Hoenjet,10,----LAP 10,10:18.132,9:31.981,1,BMW M240i Racing Cup*,2026-05-17 00:40:08.869509
157,110,SP 2T,,3,Sasaki,7,----LAP 7,12:50.416,11:05.842,2,Toyota GR Yaris,2026-05-17 00:40:08.869509
158,410,V6,,5,Croci,6,----LAP 6,10:08.339,10:20.292,1,Porsche Cayman GTS*,2026-05-17 00:40:08.869509
159,35,SP 9,PROAM,41,Fernandez Laser,4,----LAP 4,10:19.256,8:29.335,1,Aston Martin Vantage AMR GT3 EVO,2026-05-17 00:40:08.869509
NormalQualified,NormalQualified,NormalQualified,NormalQualified,NormalQualified,NormalQualified,NormalQualified,NormalQualified,NormalQualified,NormalQualified,NormalQualified,NormalQualified,2026-05-17 00:40:08.869509
1,3,SP 9,PRO,1,Auer,38,----LAP 38,9:46.909,8:13.690,5,Mercedes-AMG GT3,2026-05-17 00:40:39.024389
2,80,SP 9,PRO,2,Schiller,38,02.154,9:46.499,8:14.337,5,Mercedes-AMG GT3,2026-05-17 00:40:39.024389
3,34,SP 9,PRO,3,Drudi,38,2:31.687,9:54.983,8:17.432,5,Aston Martin Vantage AMR GT3 EVO,2026-05-17 00:40:39.024389
4,99,SP 9,PRO,4,Harper,38,2:41.985,9:36.895,8:18.953,5,BMW M4 GT3 EVO,2026-05-17 00:40:39.024389
5,81,SP-X,PRO,1,de Phillippi,38,3:00.506,10:22.802,8:17.045,5,BMW M3 Touring 24h,2026-05-17 00:40:39.024389
6,44,SP 9,PRO,5,Bachler,38,3:08.994,10:06.254,8:17.284,5,Porsche 911 GT3 R (992) Evo26,2026-05-17 00:40:39.024389
7,24,SP 9,PRO,6,Vanthoor,38,4:13.207,11:06.357,8:18.141,4,Porsche 911 GT3 R (992) Evo26,2026-05-17 00:40:39.024389
8,1,SP 9,PRO,7,Farfus,37,----LAP 37,10:01.248,8:16.257,5,BMW M4 GT3 EVO,2026-05-17 00:40:39.024389
9,67,SP 9,PRO,8,Vervisch,37,16.938,12:56.190,8:16.169,5,Ford Mustang GT3 EVO (2026),2026-05-17 00:40:39.024389
10,54,SP 9,PRO,9,Christensen,37,04.339,10:10.236,8:21.411,4,Porsche 911 GT3 R (992) Evo26,2026-05-17 00:40:39.024389
11,65,SP 9,PROAM,10,Caresani,37,43.151,9:56.987,8:15.271,5,Ford Mustang GT3 EVO (2026),2026-05-17 00:40:39.024389
12,86,SP 9,PROAM,11,King,37,1:22.560,9:40.795,8:24.189,5,Porsche 911 GT3 R (992) Evo26,2026-05-17 00:40:39.024389
13,26,SP 9,PRO,12,Böckmann,37,1:24.799,9:56.205,8:14.685,5,Mercedes-AMG GT3,2026-05-17 00:40:39.024389
14,84,SP 9,PRO,13,Bortolotti,37,1:37.971,9:52.288,8:11.149,5,Lamborghini Huracan GT3 EVO2,2026-05-17 00:40:39.024389
15,77,SP 9,PRO,14,Frijns,37,2:24.357,10:24.817,8:14.452,5,BMW M4 GT3 EVO,2026-05-17 00:40:39.024389
16,48,SP 9,PROAM,15,Müller,37,2:37.456,10:17.979,8:17.605,5,Porsche 911 GT3 R (992) Evo26,2026-05-17 00:40:39.024389
17,11,SP 9,PROAM,16,Härtling,37,2:46.506,10:15.253,8:19.388,5,Mercedes-AMG GT3,2026-05-17 00:40:39.024389
18,55,SP 9,PRO,17,Sturm,37,3:11.298,10:06.096,8:27.508,6,Porsche 911 GT3 R (992) Evo26,2026-05-17 00:40:39.024389
19,18,SP 9,PROAM,18,Kolb,37,3:54.884,9:52.824,8:24.640,5,Porsche 911 GT3 R (992) Evo26,2026-05-17 00:40:39.024389
20,17,SP 9,PRO,19,Menzel,37,4:19.107,9:36.782,8:18.394,6,Porsche 911 GT3 R (992) Evo26,2026-05-17 00:40:39.024389
21,69,SP 9,PRO,20,Dörr,37,5:22.089,10:03.009,8:18.493,5,McLaren 720S-GT3,2026-05-17 00:40:39.024389
22,123,SP 9,PROAM,21,Brundle,37,6:35.565,9:55.584,8:25.985,5,Porsche 911 GT3 R (992) Evo26,2026-05-17 00:40:39.024389
23,7,SP 9,PRO,22,Paul,37,6:40.762,9:50.406,8:14.446,5,Lamborghini Huracan GT3 EVO2,2026-05-17 00:40:39.024389
24,5,SP 9,AM,23,Kiefer,37,7:13.707,10:14.902,8:18.760,5,Porsche 911 GT3 R (992) Evo26,2026-05-17 00:40:39.024389
25,4,SP 9,PROAM,24,Fontana,37,7:33.242,10:03.121,8:22.099,5,Porsche 911 GT3 R (992) Evo26,2026-05-17 00:40:39.024389
26,30,SP 9,PROAM,25,Seefried,37,9:10.720,10:32.804,8:24.267,5,Porsche 911 GT3 R (992) Evo26,2026-05-17 00:40:39.024389
27,39,SP 9,PROAM,26,Hantke,36,----LAP 36,10:33.894,8:28.420,5,Aston Martin Vantage AMR GT3 EVO,2026-05-17 00:40:39.024389
28,32,SP 9,PROAM,27,Nakayama,36,1:03.515,12:49.674,8:31.507,5,Mercedes-AMG GT3,2026-05-17 00:40:39.024389
29,130,SP 9,PRO,28,Yelloly,36,3:33.142,23:54.448,8:14.351,5,Lamborghini Huracan GT3 EVO2,2026-05-17 00:40:39.024389
30,66,SP-X,PROAM,2,Hörr,36,3:43.719,10:54.172,8:31.491,5,KTM X-Bow GTX,2026-05-17 00:40:39.024389
31,900,Cup 2,PRO,1,Meijer,36,4:58.410,10:25.087,8:31.415,4,Porsche 911 GT3 Cup (992),2026-05-17 00:40:39.024389
32,902,Cup 2,PRO,2,Rennhofer,36,5:39.686,10:16.282,8:31.047,4,Porsche 911 GT3 Cup (992),2026-05-17 00:40:39.024389
33,918,Cup 2,PRO,3,Scheerbarth,36,8:06.164,10:38.620,8:32.495,4,Porsche 911 GT3 Cup (992),2026-05-17 00:40:39.024389
34,71,SP 9,PROAM,29,Kaffer,36,8:27.258,10:21.220,8:27.786,5,Audi R8 LMS GT3 evo II,2026-05-17 00:40:39.024389
35,19,AT1,PROAM,1,Coronel,35,----LAP 35,10:11.285,8:26.868,5,Audi R8 LMS GT3 evo II,2026-05-17 00:40:39.024389
36,61,SP-X,PRO,3,Arnold,35,2:31.521,10:47.814,8:49.118,5,HWA EVO.R,2026-05-17 00:40:39.024389
37,992,SP-PRO,PROAM,1,Griesemann,35,3:24.068,13:55.477,8:36.238,5,Porsche 911 GT3 CUP MR,2026-05-17 00:40:39.024389
38,8,SP 9,AM,30,Veremenko,35,3:31.660,10:15.222,8:31.131,5,Audi R8 LMS GT3 evo II,2026-05-17 00:40:39.024389
39,62,SP-X,PRO,4,Adelson,35,4:47.696,11:59.157,8:44.071,4,HWA EVO.R,2026-05-17 00:40:39.024389
40,925,Cup 2,PRO,4,Miller,35,5:52.682,10:27.198,8:50.061,4,Porsche 911 GT3 Cup (992),2026-05-17 00:40:39.024389
41,909,Cup 2,AM,5,Messenger,35,6:20.468,12:26.851,8:38.719,4,Porsche 911 GT3 Cup (992),2026-05-17 00:40:39.024389
42,904,Cup 2,AM,6,Kranz,35,6:58.183,10:24.706,8:34.272,5,Porsche 911 GT3 Cup (992),2026-05-17 00:40:39.024389
43,63,SP-X,PRO,5,Holstad,35,7:28.924,11:28.028,8:50.353,5,HWA EVO.R,2026-05-17 00:40:39.024389
44,632,AT2,,1,Charoudin,35,7:30.304,11:15.362,8:33.391,5,Porsche 911 GT3 Cup (992.1),2026-05-17 00:40:39.024389
45,33,SP 9,PROAM,31,Di Martino,35,,15:55.817,8:33.316,6,Audi R8 LMS GT3 evo II,2026-05-17 00:40:39.024389
46,88,SP 4T,,1,Kubo,35,5:08.183,11:48.582,8:58.132,4,Subaru WRX,2026-05-17 00:40:39.024389
47,962,Cup 3,PRO,1,Wiedmann,34,----LAP 34,11:02.774,9:00.773,4,Porsche 718 Cayman GT4 Clubsport (Typ 982),2026-05-17 00:40:39.024389
48,777,Cup 2,AM,7,Jönsson,34,01.232,11:56.590,8:37.406,4,Porsche 911 GT3 Cup (992),2026-05-17 00:40:39.024389
49,908,Cup 2,AM,8,Mühlenz,34,44.008,14:27.960,8:48.446,4,Porsche 911 GT3 Cup (992),2026-05-17 00:40:39.024389
50,919,Cup 2,PRO,9,Chrzanowski,34,1:01.607,10:19.602,8:34.385,5,Porsche 911 GT3 Cup (992),2026-05-17 00:40:39.024389
51,176,SP 10,PROAM,1,de Oliveira,34,1:08.468,14:35.624,9:00.405,4,Mercedes-AMG GT4,2026-05-17 00:40:39.024389
52,888,SP 10,PROAM,2,Wiskirchen,34,1:09.165,15:08.293,8:54.980,4,BMW M4 GT4 EVO (G82),2026-05-17 00:40:39.024389
53,187,SP 10,PROAM,3,Link,34,1:49.019,14:10.688,8:57.978,5,BMW M4 GT4 (G82),2026-05-17 00:40:39.024389
54,180,SP 10,AM,4,Ogburn,34,3:56.606,11:11.857,8:56.749,5,BMW M4 GT4 EVO (G82),2026-05-17 00:40:39.024389
55,971,Cup 3,PRO,2,Braun,34,4:37.795,12:09.207,9:00.846,4,Porsche 718 Cayman GT4 Clubsport (Typ 982),2026-05-17 00:40:39.024389
56,145,SP 10,PROAM,5,Bleekemolen,34,4:54.057,11:10.870,8:57.361,5,BMW M4 GT4 EVO (G82),2026-05-17 00:40:39.024389
57,36,SP 9,AM,32,Scherer,34,6:00.221,11:57.971,9:05.727,5,BMW E89 Z4 (EVO 2013),2026-05-17 00:40:39.024389
58,177,SP 10,PROAM,6,Nicolae,34,6:18.119,10:54.145,9:00.667,4,BMW M4 GT4 EVO (G82),2026-05-17 00:40:39.024389
59,91,SP 7,,1,Ertl,34,7:34.192,11:49.779,8:49.797,5,Porsche 911 GT3 Cup (991),2026-05-17 00:40:39.024389
60,90,SP 10,PROAM,7,Sagrera,34,6:00.569,10:51.396,8:59.380,5,Toyota GR Supra GT4 EVO2,2026-05-17 00:40:39.024389
61,961,Cup 3,PRO,3,Lu,34,10:34.036,11:36.820,9:08.057,4,Porsche 718 Cayman GT4 Clubsport (Typ 982),2026-05-17 00:40:39.024389
62,949,Cup 3,AM,4,Wenisch,33,----LAP 33,11:51.720,9:12.020,5,Porsche 718 Cayman GT4 Clubsport (Typ 982),2026-05-17 00:40:39.024389
63,966,Cup 3,PRO,5,Oehme,33,15.148,13:02.320,9:17.003,6,Porsche 718 Cayman GT4 Clubsport (Typ 982),2026-05-17 00:40:39.024389
64,776,TCR,,1,Gabbiani,33,2:39.493,15:24.742,9:20.188,6,Audi RS3 LMS SEQ,2026-05-17 00:40:39.024389
65,939,Cup 3,AM,6,Schwenk,33,3:41.289,13:55.264,9:15.697,5,Porsche 718 Cayman GT4 Clubsport (Typ 982),2026-05-17 00:40:39.024389
66,171,SP 10,AM,8,Ullström,33,3:41.964,15:20.512,9:23.892,5,Porsche 718 Cayman GT4 RS CS,2026-05-17 00:40:39.024389
67,952,Cup 3,PRO,7,Kraus,33,5:41.352,11:46.208,9:27.223,4,Porsche 718 Cayman GT4 Clubsport (Typ 982),2026-05-17 00:40:39.024389
68,982,Cup 3,AM,8,Duffner,33,5:58.463,11:50.968,9:22.333,4,Porsche 718 Cayman GT4 Clubsport (Typ 982),2026-05-17 00:40:39.024389
69,945,Cup 3,AM,9,Okumura,33,7:13.436,12:19.504,9:41.427,4,Porsche 718 Cayman GT4 Clubsport (Typ 982),2026-05-17 00:40:39.024389
70,95,Cup 2,PRO,10,Rettenbacher,33,8:45.812,10:20.139,8:38.526,7,Porsche 911 GT3 Cup (992),2026-05-17 00:40:39.024389
71,13,Cup 2,AM,11,Ecke,33,8:46.697,14:38.366,9:17.807,4,Porsche 911 GT3 Cup (992),2026-05-17 00:40:39.024389
72,999,Cup 3,PRO,10,Riemer,33,12:56.670,12:05.131,9:07.084,6,Porsche 718 Cayman GT4 Clubsport (Typ 982),2026-05-17 00:40:39.024389
73,164,SP 10,PROAM,9,Brodmerkel,33,13:50.169,13:08.263,8:59.910,5,Porsche 718 Cayman GT4 RS CS,2026-05-17 00:40:39.024389
74,175,SP 10,AM,10,Vazquez,32,----LAP 32,14:27.292,9:09.674,5,Mercedes-AMG GT4,2026-05-17 00:40:39.024389
75,967,Cup 3,PRO,11,Rich,32,1:06.973,12:27.187,9:23.859,4,Porsche 718 Cayman GT4 Clubsport (Typ 982),2026-05-17 00:40:39.024389
76,169,SP 10,AM,11,Sander,32,2:35.454,11:22.768,9:17.197,4,Aston Martin Vantage AMR GT4,2026-05-17 00:40:39.024389
77,969,Cup 3,AM,12,Stewart,32,4:19.438,14:42.301,9:27.071,4,Porsche 718 Cayman GT4 Clubsport (Typ 982),2026-05-17 00:40:39.024389
78,317,SP 3T,,1,Haugg,32,4:21.081,11:33.965,9:34.061,5,Audi TTs,2026-05-17 00:40:39.024389
79,37,SP 9,AM,33,Wahl,32,4:55.031,10:58.050,8:37.093,6,Aston Martin Vantage AMR GT3,2026-05-17 00:40:39.024389
80,978,Cup 3,AM,13,Lamsouguer,32,5:25.308,11:59.053,9:33.831,4,Porsche 718 Cayman GT4 Clubsport (Typ 982),2026-05-17 00:40:39.024389
81,977,Cup 3,AM,14,Zimmermann,32,8:02.955,11:51.011,9:48.521,4,Porsche 718 Cayman GT4 Clubsport (Typ 982),2026-05-17 00:40:39.024389
82,898,BMW,,1,Dacher,32,8:50.862,11:22.392,9:44.883,4,BMW M2 Racing (G87)*,2026-05-17 00:40:39.024389
83,396,V6,,1,Büllesbach,32,9:08.505,11:50.248,9:38.681,5,Porsche Cayman S*,2026-05-17 00:40:39.024389
84,519,VT2 Hecka,,1,Tack,32,9:30.159,11:50.323,9:48.700,4,Toyota Supra*,2026-05-17 00:40:39.024389
85,50,SP 4T,,2,Hammel,32,,12:43.149,8:57.956,5,VW Golf GTI Clubsport 24h,2026-05-17 00:40:39.024389
86,878,BMW,,2,Schlichenmeier,31,----LAP 31,13:19.396,9:51.694,5,BMW M2 Racing (G87)*,2026-05-17 00:40:39.024389
87,480,VT2 Front,,1,Dupré,31,09.744,14:09.687,9:49.819,5,Audi S3-Lim*,2026-05-17 00:40:39.024389
88,500,VT2 Hecka,,2,Zils,31,19.344,14:13.527,9:49.234,4,BMW 330i*,2026-05-17 00:40:39.024389
89,669,BMW M240i,,1,Petrolo,31,57.579,11:36.917,9:43.196,4,BMW M240i Racing Cup*,2026-05-17 00:40:39.024389
90,577,TCR,,2,Rosam,31,1:02.401,14:29.589,9:25.597,4,Cupra Leon Competición TCR,2026-05-17 00:40:39.024389
91,658,BMW M240i,,2,Sari,31,2:33.371,14:18.871,9:58.764,5,BMW M240i Racing Cup*,2026-05-17 00:40:39.024389
92,321,SP 3T,,2,Mache,31,3:25.830,11:04.483,9:20.461,7,VW GOLF 7 GTI TCR DSG,2026-05-17 00:40:39.024389
93,652,BMW M240i,,3,Opran,31,3:30.591,11:26.506,9:37.792,5,BMW M240i Racing Cup*,2026-05-17 00:40:39.024389
94,170,SP 10,,12,Koyama,31,4:23.751,12:04.323,9:00.540,5,Toyota GR Supra GT4 EVO2,2026-05-17 00:40:39.024389
95,448,V6,,2,Müller,31,4:40.194,11:29.673,9:38.614,6,Porsche Cayman S*,2026-05-17 00:40:39.024389
96,665,BMW M240i,,4,Reinhard,31,5:03.120,11:37.264,9:41.802,5,BMW M240i Racing Cup*,2026-05-17 00:40:39.024389
97,653,BMW M240i,,5,Fitzgerald,31,5:09.454,11:53.340,9:45.564,6,BMW M240i Racing Cup*,2026-05-17 00:40:39.024389
98,941,Cup 3,PRO,15,van der Snel,31,,10:29.524,9:05.659,4,Porsche 718 Cayman GT4 Clubsport (Typ 982),2026-05-17 00:40:39.024389
99,471,VT2 Front,,2,Eichhorn,31,8:30.539,11:39.860,9:59.750,5,Cupra Leon KL*,2026-05-17 00:40:39.024389
100,444,V5,,1,Korn,31,9:36.831,11:47.663,9:54.131,5,Porsche Cayman CM12*,2026-05-17 00:40:39.024389
101,474,VT2 Front,,3,Hrubesch,31,9:52.187,12:34.655,10:15.189,5,VW Golf GTI *,2026-05-17 00:40:39.024389
102,40,SP 9,AM,34,Posavac,31,10:03.587,11:14.612,8:53.859,4,BMW E89 Z4 (EVO 2013),2026-05-17 00:40:39.024389
103,89,TCR,,3,Groneck,30,----LAP 30,11:46.191,9:55.499,5,VW GOLF 7 GTI TCR DSG,2026-05-17 00:40:39.024389
104,454,V5,,2,Hansen,30,06.276,12:44.455,10:10.380,4,Porsche Cayman CM12*,2026-05-17 00:40:39.024389
105,524,VT2 Hecka,,3,Ooms,30,27.104,14:39.846,9:48.602,4,Toyota Supra*,2026-05-17 00:40:39.024389
106,670,BMW M240i,,6,Paviot,30,39.801,15:10.843,9:58.466,5,BMW M240i Racing Cup*,2026-05-17 00:40:39.024389
107,870,BMW,,3,Kreutzpointner,30,1:06.154,12:48.925,9:46.793,5,BMW M2 Racing (G87)*,2026-05-17 00:40:39.024389
108,520,VT2 Hecka,,4,Horino,30,3:59.792,15:21.149,9:56.492,4,Toyota Supra*,2026-05-17 00:40:39.024389
109,667,BMW M240i,,7,Fontes,30,5:52.014,15:43.246,9:49.349,5,BMW M240i Racing Cup*,2026-05-17 00:40:39.024389
110,503,VT2 Hecka,,5,Ehrhardt,30,6:46.428,12:26.495,10:07.362,5,Toyota Supra*,2026-05-17 00:40:39.024389
111,420,SP 7,,2,Schöni,30,8:03.478,12:10.508,9:15.838,4,Porsche 718 Cayman GT4 Clubsport (Typ 982),2026-05-17 00:40:39.024389
112,651,BMW M240i,,8,Silva,30,9:37.444,11:40.582,9:38.161,5,BMW M240i Racing Cup*,2026-05-17 00:40:39.024389
113,472,VT2 Front,,4,Füting,30,6:08.240,13:46.616,10:15.934,5,Cupra Leon KL*,2026-05-17 00:40:39.024389
114,100,BMW 325i,,1,Gruber,29,----LAP 29,13:30.483,10:21.172,3,BMW 325i*,2026-05-17 00:40:39.024389
115,821,SP 3T,,3,Epp,29,4:12.790,11:26.989,9:40.639,6,Audi RS3 LMS DSG*,2026-05-17 00:40:39.024389
116,650,BMW M240i,,9,Fübrich,29,5:11.238,13:41.324,9:29.559,5,BMW M240i Racing Cup*,2026-05-17 00:40:39.024389
117,418,V6,,3,Lamadrid,29,7:29.108,13:13.372,10:12.681,6,Porsche Cayman S*,2026-05-17 00:40:39.024389
118,514,VT2 Hecka,,6,De Groot,29,8:30.053,14:01.960,9:47.916,4,BMW 330i*,2026-05-17 00:40:39.024389
119,415,V6,,4,Arnold,29,11:47.272,11:17.984,9:39.386,5,Porsche 911 Carrera*,2026-05-17 00:40:39.024389
120,320,AT2,,2,López Cesaratto,29,12:55.264,10:43.146,8:57.689,5,Porsche 911 GT3 Cup (992.1),2026-05-17 00:40:39.024389
121,979,Cup 3,PRO,16,Surzyshyn,28,----LAP 28,15:22.144,9:18.187,4,Porsche 718 Cayman GT4 Clubsport (Typ 982),2026-05-17 00:40:39.024389
122,959,Cup 3,PRO,17,Haughton,28,1:41.031,12:37.460,9:01.126,4,Porsche 718 Cayman GT4 Clubsport (Typ 982),2026-05-17 00:40:39.024389
123,101,BMW 325i,,2,Schwolow,28,2:37.878,16:18.352,10:43.196,4,BMW 325i (e90)*,2026-05-17 00:40:39.024389
124,505,VT2 Hecka,,7,Van Vooren,28,3:52.831,12:35.313,10:43.608,4,BMW 330i*,2026-05-17 00:40:39.024389
125,112,BMW 325i,,3,Küpper,28,8:35.398,15:25.422,10:33.637,5,BMW 325i (e90)*,2026-05-17 00:40:39.024389
126,455,V5,,3,Trinius,28,33:51.403,22:54.838,10:35.030,5,Porsche Cayman CM12*,2026-05-17 00:40:39.024389
127,303,SP 4T,,3,Shin,28,47:06.780,13:21.674,9:29.769,4,Hyundai Motor Company ELANTRAN1 RP,2026-05-17 00:40:39.024389
128,830,TCR,,4,Basseng,27,----LAP 27,10:39.103,8:54.740,4,Hyundai Motor Company ELANTRA N TCR,2026-05-17 00:40:39.024389
129,445,V5,,4,Welker,27,21.872,13:12.587,10:41.778,5,Porsche Cayman CM12*,2026-05-17 00:40:39.024389
130,440,V5,,5,Ebener,27,2:03.693,11:57.419,10:09.194,5,Porsche Cayman CM12*,2026-05-17 00:40:39.024389
131,477,VT2 Front,,5,Mennecke,27,2:34.058,13:18.035,10:56.392,5,VW Scirocco R TSI*,2026-05-17 00:40:39.024389
132,380,SP 2T,,1,Schäffer,27,3:35.579,19:09.641,10:43.078,4,Opel Corsa GS Line 130*,2026-05-17 00:40:39.024389
133,152,SP 4,,1,Koger,27,4:13.462,20:12.305,11:21.667,4,BMW 325CI*,2026-05-17 00:40:39.024389
134,10,SP 3T,,4,Lenz,27,7:18.472,11:26.459,9:32.312,6,VW Golf GTI Clubsport 24h,2026-05-17 00:40:39.024389
135,109,SP 2T,,2,Oshima,27,,18:49.537,9:33.699,6,Toyota GR Yaris,2026-05-17 00:40:39.024389
136,300,SP 3T,,5,Geilfus,27,9:44.440,13:02.217,10:22.613,6,Dacia Logan,2026-05-17 00:40:39.024389
137,82,SP 7,,3,Schröder,26,----LAP 26,11:28.128,9:42.820,6,Porsche 718 Cayman GT4 Clubsport (Typ 982),2026-05-17 00:40:39.024389
138,59,SP 8T,,1,Weishar,26,1:16.677,14:35.374,8:57.891,4,McLaren Artura Trophy Evo,2026-05-17 00:40:39.024389
139,786,SP 9,AM,35,Nana,26,,15:57.033,8:28.245,6,Lamborghini Huracan GT3 EVO2,2026-05-17 00:40:39.024389
140,302,SP 4T,,4,Azcona,25,----LAP 25,13:07.400,9:21.541,3,Hyundai Motor Company ELANTRAN1 RP,2026-05-17 00:40:39.024389
141,911,SP 9,PRO,36,Estre,24,----LAP 24,12:05.638,8:13.671,3,Porsche 911 GT3 R (992) Evo26,2026-05-17 00:40:39.024389
142,64,SP 9,PRO,37,Maini,24,1:16.175,9:15.199,8:14.825,3,Ford Mustang GT3 EVO (2026),2026-05-17 00:40:39.024389
143,677,BMW M240i,,10,Tauber,24,1:57:46.141,14:42.815,10:17.190,5,BMW M240i Racing Cup*,2026-05-17 00:40:39.024389
144,800,SP 3T,,6,Oepen,23,----LAP 23,15:44.814,9:44.296,7,VW GOLF 7 GTI TCR DSG,2026-05-17 00:40:39.024389
145,76,SP 4T,,5,Hochwind,21,----LAP 21,1:26:49.596,9:03.336,5,VW Golf GTI Clubsport 24h,2026-05-17 00:40:39.024389
146,569,VT2 Hecka,,8,Van‘t veer,20,----LAP 20,14:14.953,10:14.652,5,BMW 328i*,2026-05-17 00:40:39.024389
147,501,VT2 Hecka,,9,Vortkamp,17,----LAP 17,13:48.642,10:19.031,3,BMW 330i*,2026-05-17 00:40:39.024389
148,808,SP 3T,,7,Geon,17,2:42:45.034,16:54.324,10:03.234,2,Cupra TCR DSG,2026-05-17 00:40:39.024389
149,108,BMW 325i,,4,Grilli,16,----LAP 16,17:57.423,10:40.183,4,BMW 325i (e90)*,2026-05-17 00:40:39.024389
150,277,SP 3,,1,Harris,16,,27:12.894,10:17.533,5,BMW 318ti (E36)*,2026-05-17 00:40:39.024389
151,16,SP 9,PRO,38,Sims,16,,20:15.798,8:13.543,3,Audi R8 LMS GT3 evo II,2026-05-17 00:40:39.024389
152,47,SP 9,PRO,39,Krohn,15,----LAP 15,9:34.941,8:13.404,2,Mercedes-AMG GT3,2026-05-17 00:40:39.024389
153,189,SP 10,AM,13,Kroll,15,23:04.326,13:14.547,9:02.852,2,BMW M4 GT4 EVO (G82),2026-05-17 00:40:39.024389
154,45,SP 9,PRO,40,Vermeulen,14,----LAP 14,12:21.623,8:12.515,2,Ferrari 296 GT3 Evo26,2026-05-17 00:40:39.024389
155,75,AT1,PROAM,2,Fugel,11,----LAP 11,8:31.376,8:20.316,1,Audi R8 LMS GT3 evo II,2026-05-17 00:40:39.024389
156,195,BMW M240i,,11,Hoenjet,10,----LAP 10,10:18.132,9:31.981,1,BMW M240i Racing Cup*,2026-05-17 00:40:39.024389
157,110,SP 2T,,3,Sasaki,7,----LAP 7,12:50.416,11:05.842,2,Toyota GR Yaris,2026-05-17 00:40:39.024389
158,410,V6,,5,Croci,6,----LAP 6,10:08.339,10:20.292,1,Porsche Cayman GTS*,2026-05-17 00:40:39.024389
159,35,SP 9,PROAM,41,Fernandez Laser,4,----LAP 4,10:19.256,8:29.335,1,Aston Martin Vantage AMR GT3 EVO,2026-05-17 00:40:39.024389
NormalQualified,NormalQualified,NormalQualified,NormalQualified,NormalQualified,NormalQualified,NormalQualified,NormalQualified,NormalQualified,NormalQualified,NormalQualified,NormalQualified,2026-05-17 00:40:39.024389
1,3,SP 9,PRO,1,Auer,38,----LAP 38,9:46.909,8:13.690,5,Mercedes-AMG GT3,2026-05-17 00:41:09.219562
2,80,SP 9,PRO,2,Schiller,38,01.100,9:46.499,8:14.337,5,Mercedes-AMG GT3,2026-05-17 00:41:09.219562
3,34,SP 9,PRO,3,Drudi,38,2:31.784,9:54.983,8:17.432,5,Aston Martin Vantage AMR GT3 EVO,2026-05-17 00:41:09.219562
4,99,SP 9,PRO,4,Harper,38,2:41.603,9:36.895,8:18.953,5,BMW M4 GT3 EVO,2026-05-17 00:41:09.219562
5,81,SP-X,PRO,1,de Phillippi,38,3:09.802,10:22.802,8:17.045,5,BMW M3 Touring 24h,2026-05-17 00:41:09.219562
6,44,SP 9,PRO,5,Bachler,38,3:12.824,10:06.254,8:17.284,5,Porsche 911 GT3 R (992) Evo26,2026-05-17 00:41:09.219562
7,24,SP 9,PRO,6,Vanthoor,38,4:12.385,11:06.357,8:18.141,4,Porsche 911 GT3 R (992) Evo26,2026-05-17 00:41:09.219562
8,1,SP 9,PRO,7,Farfus,38,5:48.809,9:57.631,8:16.257,5,BMW M4 GT3 EVO,2026-05-17 00:41:09.219562
9,67,SP 9,PRO,8,Vervisch,38,6:04.463,10:03.541,8:16.169,5,Ford Mustang GT3 EVO (2026),2026-05-17 00:41:09.219562
10,54,SP 9,PRO,9,Christensen,38,6:24.454,10:51.396,8:21.411,5,Porsche 911 GT3 R (992) Evo26,2026-05-17 00:41:09.219562
11,65,SP 9,PROAM,10,Caresani,38,6:38.857,9:57.456,8:15.271,5,Ford Mustang GT3 EVO (2026),2026-05-17 00:41:09.219562
12,86,SP 9,PROAM,11,King,37,----LAP 37,9:40.795,8:24.189,5,Porsche 911 GT3 R (992) Evo26,2026-05-17 00:41:09.219562
13,26,SP 9,PRO,12,Böckmann,37,13.678,9:56.205,8:14.685,5,Mercedes-AMG GT3,2026-05-17 00:41:09.219562
14,84,SP 9,PRO,13,Bortolotti,37,24.000,9:52.288,8:11.149,5,Lamborghini Huracan GT3 EVO2,2026-05-17 00:41:09.219562
15,77,SP 9,PRO,14,Frijns,37,1:01.797,10:24.817,8:14.452,5,BMW M4 GT3 EVO,2026-05-17 00:41:09.219562
16,48,SP 9,PROAM,15,Müller,37,1:14.896,10:17.979,8:17.605,5,Porsche 911 GT3 R (992) Evo26,2026-05-17 00:41:09.219562
17,11,SP 9,PROAM,16,Härtling,37,1:23.946,10:15.253,8:19.388,5,Mercedes-AMG GT3,2026-05-17 00:41:09.219562
18,55,SP 9,PRO,17,Sturm,37,1:48.738,10:06.096,8:27.508,6,Porsche 911 GT3 R (992) Evo26,2026-05-17 00:41:09.219562
19,18,SP 9,PROAM,18,Kolb,37,2:27.436,9:52.824,8:24.640,5,Porsche 911 GT3 R (992) Evo26,2026-05-17 00:41:09.219562
20,17,SP 9,PRO,19,Menzel,37,2:36.177,9:36.782,8:18.394,6,Porsche 911 GT3 R (992) Evo26,2026-05-17 00:41:09.219562
21,69,SP 9,PRO,20,Dörr,37,3:48.908,10:03.009,8:18.493,5,McLaren 720S-GT3,2026-05-17 00:41:09.219562
22,123,SP 9,PROAM,21,Brundle,37,4:50.684,9:55.584,8:25.985,5,Porsche 911 GT3 R (992) Evo26,2026-05-17 00:41:09.219562
23,7,SP 9,PRO,22,Paul,37,4:56.917,9:50.406,8:14.446,5,Lamborghini Huracan GT3 EVO2,2026-05-17 00:41:09.219562
24,5,SP 9,AM,23,Kiefer,37,5:31.133,10:14.902,8:18.760,5,Porsche 911 GT3 R (992) Evo26,2026-05-17 00:41:09.219562
25,4,SP 9,PROAM,24,Fontana,37,5:45.571,10:03.121,8:22.099,5,Porsche 911 GT3 R (992) Evo26,2026-05-17 00:41:09.219562
26,30,SP 9,PROAM,25,Seefried,37,7:19.101,10:32.804,8:24.267,5,Porsche 911 GT3 R (992) Evo26,2026-05-17 00:41:09.219562
27,39,SP 9,PROAM,26,Hantke,37,8:35.391,10:36.610,8:28.420,5,Aston Martin Vantage AMR GT3 EVO,2026-05-17 00:41:09.219562
28,32,SP 9,PROAM,27,Nakayama,36,----LAP 36,12:49.674,8:31.507,5,Mercedes-AMG GT3,2026-05-17 00:41:09.219562
29,130,SP 9,PRO,28,Yelloly,36,2:22.034,23:54.448,8:14.351,5,Lamborghini Huracan GT3 EVO2,2026-05-17 00:41:09.219562
30,66,SP-X,PROAM,2,Hörr,36,2:36.353,10:54.172,8:31.491,5,KTM X-Bow GTX,2026-05-17 00:41:09.219562
31,900,Cup 2,PRO,1,Meijer,36,3:42.268,10:25.087,8:31.415,4,Porsche 911 GT3 Cup (992),2026-05-17 00:41:09.219562
32,902,Cup 2,PRO,2,Rennhofer,36,4:35.283,10:16.282,8:31.047,4,Porsche 911 GT3 Cup (992),2026-05-17 00:41:09.219562
33,918,Cup 2,PRO,3,Scheerbarth,36,6:54.667,10:38.620,8:32.495,4,Porsche 911 GT3 Cup (992),2026-05-17 00:41:09.219562
34,71,SP 9,PROAM,29,Kaffer,36,7:20.152,10:21.220,8:27.786,5,Audi R8 LMS GT3 evo II,2026-05-17 00:41:09.219562
35,19,AT1,PROAM,1,Coronel,35,----LAP 35,10:11.285,8:26.868,5,Audi R8 LMS GT3 evo II,2026-05-17 00:41:09.219562
36,61,SP-X,PRO,3,Arnold,35,2:36.823,10:47.814,8:49.118,5,HWA EVO.R,2026-05-17 00:41:09.219562
37,8,SP 9,AM,30,Veremenko,35,3:30.795,10:15.222,8:31.131,5,Audi R8 LMS GT3 evo II,2026-05-17 00:41:09.219562
38,992,SP-PRO,PROAM,1,Griesemann,35,3:31.303,13:55.477,8:36.238,5,Porsche 911 GT3 CUP MR,2026-05-17 00:41:09.219562
39,62,SP-X,PRO,4,Adelson,35,4:57.540,11:59.157,8:44.071,4,HWA EVO.R,2026-05-17 00:41:09.219562
40,925,Cup 2,PRO,4,Miller,35,5:47.121,10:27.198,8:50.061,4,Porsche 911 GT3 Cup (992),2026-05-17 00:41:09.219562
41,909,Cup 2,AM,5,Messenger,35,6:20.708,12:26.851,8:38.719,4,Porsche 911 GT3 Cup (992),2026-05-17 00:41:09.219562
42,904,Cup 2,AM,6,Kranz,35,6:56.285,10:24.706,8:34.272,5,Porsche 911 GT3 Cup (992),2026-05-17 00:41:09.219562
43,632,AT2,,1,Charoudin,35,7:33.704,11:15.362,8:33.391,5,Porsche 911 GT3 Cup (992.1),2026-05-17 00:41:09.219562
44,63,SP-X,PRO,5,Holstad,35,7:35.049,11:28.028,8:50.353,5,HWA EVO.R,2026-05-17 00:41:09.219562
45,88,SP 4T,,1,Van Dam,35,8:09.277,11:48.582,8:58.132,4,Subaru WRX,2026-05-17 00:41:09.219562
46,962,Cup 3,PRO,1,Wiedmann,35,8:20.558,11:10.411,9:00.773,4,Porsche 718 Cayman GT4 Clubsport (Typ 982),2026-05-17 00:41:09.219562
47,908,Cup 2,AM,7,Mühlenz,35,8:54.277,11:10.716,8:48.446,4,Porsche 911 GT3 Cup (992),2026-05-17 00:41:09.219562
48,33,SP 9,PROAM,31,Di Martino,35,,15:55.817,8:33.316,6,Audi R8 LMS GT3 evo II,2026-05-17 00:41:09.219562
49,777,Cup 2,AM,8,Jönsson,35,8:29.597,12:21.347,8:37.406,5,Porsche 911 GT3 Cup (992),2026-05-17 00:41:09.219562
50,919,Cup 2,PRO,9,Chrzanowski,35,9:11.326,10:38.903,8:34.385,5,Porsche 911 GT3 Cup (992),2026-05-17 00:41:09.219562
51,176,SP 10,PROAM,1,de Oliveira,34,----LAP 34,14:35.624,9:00.405,4,Mercedes-AMG GT4,2026-05-17 00:41:09.219562
52,888,SP 10,PROAM,2,Wiskirchen,34,00.698,15:08.293,8:54.980,4,BMW M4 GT4 EVO (G82),2026-05-17 00:41:09.219562
53,187,SP 10,PROAM,3,Link,34,47.164,14:10.688,8:57.978,5,BMW M4 GT4 (G82),2026-05-17 00:41:09.219562
54,180,SP 10,AM,4,Ogburn,34,2:46.344,11:11.857,8:56.749,5,BMW M4 GT4 EVO (G82),2026-05-17 00:41:09.219562
55,145,SP 10,PROAM,5,Bleekemolen,34,3:34.914,11:10.870,8:57.361,5,BMW M4 GT4 EVO (G82),2026-05-17 00:41:09.219562
56,971,Cup 3,PRO,2,Braun,34,3:38.001,12:09.207,9:00.846,4,Porsche 718 Cayman GT4 Clubsport (Typ 982),2026-05-17 00:41:09.219562
57,36,SP 9,AM,32,Scherer,34,4:50.292,11:57.971,9:05.727,5,BMW E89 Z4 (EVO 2013),2026-05-17 00:41:09.219562
58,177,SP 10,PROAM,6,Nicolae,34,4:53.306,10:54.145,9:00.667,4,BMW M4 GT4 EVO (G82),2026-05-17 00:41:09.219562
59,91,SP 7,,1,Ertl,34,6:20.374,11:49.779,8:49.797,5,Porsche 911 GT3 Cup (991),2026-05-17 00:41:09.219562
60,961,Cup 3,PRO,3,Lu,34,9:17.825,11:36.820,9:08.057,4,Porsche 718 Cayman GT4 Clubsport (Typ 982),2026-05-17 00:41:09.219562
61,949,Cup 3,AM,4,Wenisch,34,9:46.305,14:19.273,9:12.020,5,Porsche 718 Cayman GT4 Clubsport (Typ 982),2026-05-17 00:41:09.219562
62,966,Cup 3,PRO,5,Oehme,34,10:01.471,11:40.114,9:17.003,6,Porsche 718 Cayman GT4 Clubsport (Typ 982),2026-05-17 00:41:09.219562
63,90,SP 10,PROAM,7,Sagrera,34,4:42.604,10:51.396,8:59.380,5,Toyota GR Supra GT4 EVO2,2026-05-17 00:41:09.219562
64,776,TCR,,1,Gabbiani,33,----LAP 33,15:24.742,9:20.188,6,Audi RS3 LMS SEQ,2026-05-17 00:41:09.219562
65,939,Cup 3,AM,6,Schwenk,33,1:01.796,13:55.264,9:15.697,5,Porsche 718 Cayman GT4 Clubsport (Typ 982),2026-05-17 00:41:09.219562
66,171,SP 10,AM,8,Ullström,33,1:02.471,15:20.512,9:23.892,5,Porsche 718 Cayman GT4 RS CS,2026-05-17 00:41:09.219562
67,952,Cup 3,PRO,7,Kraus,33,2:57.692,11:46.208,9:27.223,4,Porsche 718 Cayman GT4 Clubsport (Typ 982),2026-05-17 00:41:09.219562
68,982,Cup 3,AM,8,Duffner,33,3:17.339,11:50.968,9:22.333,4,Porsche 718 Cayman GT4 Clubsport (Typ 982),2026-05-17 00:41:09.219562
69,945,Cup 3,AM,9,Okumura,33,4:44.655,12:19.504,9:41.427,4,Porsche 718 Cayman GT4 Clubsport (Typ 982),2026-05-17 00:41:09.219562
70,95,Cup 2,PRO,10,Rettenbacher,33,6:08.663,10:20.139,8:38.526,7,Porsche 911 GT3 Cup (992),2026-05-17 00:41:09.219562
71,13,Cup 2,AM,11,Ecke,33,6:18.736,14:38.366,9:17.807,4,Porsche 911 GT3 Cup (992),2026-05-17 00:41:09.219562
72,164,SP 10,PROAM,9,Brodmerkel,33,8:22.991,13:08.263,8:59.910,5,Porsche 718 Cayman GT4 RS CS,2026-05-17 00:41:09.219562
73,175,SP 10,AM,10,Vazquez,33,9:39.402,10:59.855,9:09.674,5,Mercedes-AMG GT4,2026-05-17 00:41:09.219562
74,999,Cup 3,PRO,10,Riemer,33,7:26.417,12:05.131,9:07.084,6,Porsche 718 Cayman GT4 Clubsport (Typ 982),2026-05-17 00:41:09.219562
75,967,Cup 3,PRO,11,Rich,32,----LAP 32,12:27.187,9:23.859,4,Porsche 718 Cayman GT4 Clubsport (Typ 982),2026-05-17 00:41:09.219562
76,169,SP 10,AM,11,Sander,32,1:28.481,11:22.768,9:17.197,4,Aston Martin Vantage AMR GT4,2026-05-17 00:41:09.219562
77,317,SP 3T,,1,Haugg,32,3:21.020,11:33.965,9:34.061,5,Audi TTs,2026-05-17 00:41:09.219562
78,969,Cup 3,AM,12,Stewart,32,3:29.840,14:42.301,9:27.071,4,Porsche 718 Cayman GT4 Clubsport (Typ 982),2026-05-17 00:41:09.219562
79,37,SP 9,AM,33,Wahl,32,3:44.873,10:58.050,8:37.093,6,Aston Martin Vantage AMR GT3,2026-05-17 00:41:09.219562
80,978,Cup 3,AM,13,Lamsouguer,32,4:40.769,11:59.053,9:33.831,4,Porsche 718 Cayman GT4 Clubsport (Typ 982),2026-05-17 00:41:09.219562
81,977,Cup 3,AM,14,Zimmermann,32,7:25.603,11:51.011,9:48.521,4,Porsche 718 Cayman GT4 Clubsport (Typ 982),2026-05-17 00:41:09.219562
82,898,BMW,,1,Dacher,32,8:17.052,11:22.392,9:44.883,4,BMW M2 Racing (G87)*,2026-05-17 00:41:09.219562
83,396,V6,,1,Büllesbach,32,8:39.539,11:50.248,9:38.681,5,Porsche Cayman S*,2026-05-17 00:41:09.219562
84,519,VT2 Hecka,,1,Tack,32,8:58.117,11:50.323,9:48.700,4,Toyota Supra*,2026-05-17 00:41:09.219562
85,50,SP 4T,,2,Hammel,32,,12:43.149,8:57.956,5,VW Golf GTI Clubsport 24h,2026-05-17 00:41:09.219562
86,878,BMW,,2,Schlichenmeier,32,10:33.531,11:32.509,9:51.694,5,BMW M2 Racing (G87)*,2026-05-17 00:41:09.219562
87,480,VT2 Front,,1,Dupré,31,----LAP 31,14:09.687,9:49.819,5,Audi S3-Lim*,2026-05-17 00:41:09.219562
88,500,VT2 Hecka,,2,Zils,31,17.277,14:13.527,9:49.234,4,BMW 330i*,2026-05-17 00:41:09.219562
89,577,TCR,,2,Rosam,31,43.303,14:29.589,9:25.597,4,Cupra Leon Competición TCR,2026-05-17 00:41:09.219562
90,669,BMW M240i,,1,Petrolo,31,54.958,11:36.917,9:43.196,4,BMW M240i Racing Cup*,2026-05-17 00:41:09.219562
91,658,BMW M240i,,2,Sari,31,2:23.627,14:18.871,9:58.764,5,BMW M240i Racing Cup*,2026-05-17 00:41:09.219562
92,321,SP 3T,,2,Mache,31,3:07.252,11:04.483,9:20.461,7,VW GOLF 7 GTI TCR DSG,2026-05-17 00:41:09.219562
93,652,BMW M240i,,3,Opran,31,3:15.337,11:26.506,9:37.792,5,BMW M240i Racing Cup*,2026-05-17 00:41:09.219562
94,170,SP 10,,12,Koyama,31,4:03.383,12:04.323,9:00.540,5,Toyota GR Supra GT4 EVO2,2026-05-17 00:41:09.219562
95,448,V6,,2,Müller,31,4:07.512,11:29.673,9:38.614,6,Porsche Cayman S*,2026-05-17 00:41:09.219562
96,665,BMW M240i,,4,Reinhard,31,4:34.174,11:37.264,9:41.802,5,BMW M240i Racing Cup*,2026-05-17 00:41:09.219562
97,653,BMW M240i,,5,Fitzgerald,31,4:45.239,11:53.340,9:45.564,6,BMW M240i Racing Cup*,2026-05-17 00:41:09.219562
98,471,VT2 Front,,2,Eichhorn,31,8:23.521,11:39.860,9:59.750,5,Cupra Leon KL*,2026-05-17 00:41:09.219562
99,444,V5,,1,Korn,31,9:30.314,11:47.663,9:54.131,5,Porsche Cayman CM12*,2026-05-17 00:41:09.219562
100,941,Cup 3,PRO,15,van der Snel,31,,10:29.524,9:05.659,4,Porsche 718 Cayman GT4 Clubsport (Typ 982),2026-05-17 00:41:09.219562
101,474,VT2 Front,,3,Hrubesch,31,9:48.925,12:34.655,10:15.189,5,VW Golf GTI *,2026-05-17 00:41:09.219562
102,40,SP 9,AM,34,Posavac,31,9:55.363,11:14.612,8:53.859,4,BMW E89 Z4 (EVO 2013),2026-05-17 00:41:09.219562
103,89,TCR,,3,Groneck,31,11:02.807,11:36.253,9:55.499,5,VW GOLF 7 GTI TCR DSG,2026-05-17 00:41:09.219562
104,524,VT2 Hecka,,3,Ooms,30,----LAP 30,14:39.846,9:48.602,4,Toyota Supra*,2026-05-17 00:41:09.219562
105,454,V5,,2,Hansen,30,12.629,12:44.455,10:10.380,4,Porsche Cayman CM12*,2026-05-17 00:41:09.219562
106,670,BMW M240i,,6,Paviot,30,22.308,15:10.843,9:58.466,5,BMW M240i Racing Cup*,2026-05-17 00:41:09.219562
107,870,BMW,,3,Kreutzpointner,30,47.489,12:48.925,9:46.793,5,BMW M2 Racing (G87)*,2026-05-17 00:41:09.219562
108,520,VT2 Hecka,,4,Horino,30,3:42.027,15:21.149,9:56.492,4,Toyota Supra*,2026-05-17 00:41:09.219562
109,667,BMW M240i,,7,Fontes,30,5:33.206,15:43.246,9:49.349,5,BMW M240i Racing Cup*,2026-05-17 00:41:09.219562
110,503,VT2 Hecka,,5,Ehrhardt,30,6:39.562,12:26.495,10:07.362,5,Toyota Supra*,2026-05-17 00:41:09.219562
111,420,SP 7,,2,Schöni,30,8:05.492,12:10.508,9:15.838,4,Porsche 718 Cayman GT4 Clubsport (Typ 982),2026-05-17 00:41:09.219562
112,651,BMW M240i,,8,Silva,30,9:32.102,11:40.582,9:38.161,5,BMW M240i Racing Cup*,2026-05-17 00:41:09.219562
113,100,BMW 325i,,1,Gruber,30,11:01.065,13:51.124,10:21.172,3,BMW 325i*,2026-05-17 00:41:09.219562
114,472,VT2 Front,,4,Füting,30,8:39.155,13:46.616,10:15.934,5,Cupra Leon KL*,2026-05-17 00:41:09.219562
115,821,SP 3T,,3,Epp,29,----LAP 29,11:26.989,9:40.639,6,Audi RS3 LMS DSG*,2026-05-17 00:41:09.219562
116,650,BMW M240i,,9,Fübrich,29,58.448,13:41.324,9:29.559,5,BMW M240i Racing Cup*,2026-05-17 00:41:09.219562
117,418,V6,,3,Lamadrid,29,2:48.419,13:13.372,10:12.681,6,Porsche Cayman S*,2026-05-17 00:41:09.219562
118,514,VT2 Hecka,,6,De Groot,29,3:14.949,14:01.960,9:47.916,4,BMW 330i*,2026-05-17 00:41:09.219562
119,415,V6,,4,Arnold,29,6:12.392,11:17.984,9:39.386,5,Porsche 911 Carrera*,2026-05-17 00:41:09.219562
120,320,AT2,,2,López Cesaratto,29,7:06.462,10:43.146,8:57.689,5,Porsche 911 GT3 Cup (992.1),2026-05-17 00:41:09.219562
121,979,Cup 3,PRO,16,Surzyshyn,29,8:28.231,52:13.098,9:18.187,5,Porsche 718 Cayman GT4 Clubsport (Typ 982),2026-05-17 00:41:09.219562
122,959,Cup 3,PRO,17,Haughton,28,----LAP 28,12:37.460,9:01.126,4,Porsche 718 Cayman GT4 Clubsport (Typ 982),2026-05-17 00:41:09.219562
123,101,BMW 325i,,2,Schwolow,28,56.847,16:18.352,10:43.196,4,BMW 325i (e90)*,2026-05-17 00:41:09.219562
124,505,VT2 Hecka,,7,Van Vooren,28,2:11.800,12:35.313,10:43.608,4,BMW 330i*,2026-05-17 00:41:09.219562
125,112,BMW 325i,,3,Küpper,28,6:13.095,15:25.422,10:33.637,5,BMW 325i (e90)*,2026-05-17 00:41:09.219562
126,455,V5,,3,Trinius,28,,22:54.838,10:35.030,5,Porsche Cayman CM12*,2026-05-17 00:41:09.219562
127,303,SP 4T,,3,Shin,28,4:57.293,13:21.674,9:29.769,4,Hyundai Motor Company ELANTRAN1 RP,2026-05-17 00:41:09.219562
128,830,TCR,,4,Basseng,28,9:54.683,11:43.614,8:54.740,5,Hyundai Motor Company ELANTRA N TCR,2026-05-17 00:41:09.219562
129,445,V5,,4,Welker,28,10:45.587,13:28.341,10:41.778,5,Porsche Cayman CM12*,2026-05-17 00:41:09.219562
130,440,V5,,5,Ebener,27,----LAP 27,11:57.419,10:09.194,5,Porsche Cayman CM12*,2026-05-17 00:41:09.219562
131,477,VT2 Front,,5,Mennecke,27,30.365,13:18.035,10:56.392,5,VW Scirocco R TSI*,2026-05-17 00:41:09.219562
132,380,SP 2T,,1,Schäffer,27,1:31.886,19:09.641,10:43.078,4,Opel Corsa GS Line 130*,2026-05-17 00:41:09.219562
133,152,SP 4,,1,Koger,27,2:09.769,20:12.305,11:21.667,4,BMW 325CI*,2026-05-17 00:41:09.219562
134,10,SP 3T,,4,Lenz,27,5:23.635,11:26.459,9:32.312,6,VW Golf GTI Clubsport 24h,2026-05-17 00:41:09.219562
135,109,SP 2T,,2,Oshima,27,,18:49.537,9:33.699,6,Toyota GR Yaris,2026-05-17 00:41:09.219562
136,300,SP 3T,,5,Geilfus,27,8:10.793,13:02.217,10:22.613,6,Dacia Logan,2026-05-17 00:41:09.219562
137,82,SP 7,,3,Schröder,27,10:16.938,11:30.565,9:42.820,6,Porsche 718 Cayman GT4 Clubsport (Typ 982),2026-05-17 00:41:09.219562
138,59,SP 8T,,1,Weishar,26,----LAP 26,14:35.374,8:57.891,4,McLaren Artura Trophy Evo,2026-05-17 00:41:09.219562
139,786,SP 9,AM,35,Nana,26,,15:57.033,8:28.245,6,Lamborghini Huracan GT3 EVO2,2026-05-17 00:41:09.219562
140,302,SP 4T,,4,Azcona,25,----LAP 25,13:07.400,9:21.541,3,Hyundai Motor Company ELANTRAN1 RP,2026-05-17 00:41:09.219562
141,911,SP 9,PRO,36,Estre,24,----LAP 24,12:05.638,8:13.671,3,Porsche 911 GT3 R (992) Evo26,2026-05-17 00:41:09.219562
142,64,SP 9,PRO,37,Maini,24,1:16.175,9:15.199,8:14.825,3,Ford Mustang GT3 EVO (2026),2026-05-17 00:41:09.219562
143,677,BMW M240i,,10,Tauber,24,1:57:46.141,14:42.815,10:17.190,5,BMW M240i Racing Cup*,2026-05-17 00:41:09.219562
144,800,SP 3T,,6,Oepen,23,----LAP 23,15:44.814,9:44.296,7,VW GOLF 7 GTI TCR DSG,2026-05-17 00:41:09.219562
145,76,SP 4T,,5,Hochwind,21,----LAP 21,1:26:49.596,9:03.336,5,VW Golf GTI Clubsport 24h,2026-05-17 00:41:09.219562
146,569,VT2 Hecka,,8,Van‘t veer,20,----LAP 20,14:14.953,10:14.652,5,BMW 328i*,2026-05-17 00:41:09.219562
147,501,VT2 Hecka,,9,Vortkamp,17,----LAP 17,13:48.642,10:19.031,3,BMW 330i*,2026-05-17 00:41:09.219562
148,808,SP 3T,,7,Geon,17,2:42:45.034,16:54.324,10:03.234,2,Cupra TCR DSG,2026-05-17 00:41:09.219562
149,108,BMW 325i,,4,Grilli,16,----LAP 16,17:57.423,10:40.183,4,BMW 325i (e90)*,2026-05-17 00:41:09.219562
150,277,SP 3,,1,Harris,16,,27:12.894,10:17.533,5,BMW 318ti (E36)*,2026-05-17 00:41:09.219562
151,16,SP 9,PRO,38,Sims,16,,20:15.798,8:13.543,3,Audi R8 LMS GT3 evo II,2026-05-17 00:41:09.219562
152,47,SP 9,PRO,39,Krohn,15,----LAP 15,9:34.941,8:13.404,2,Mercedes-AMG GT3,2026-05-17 00:41:09.219562
153,189,SP 10,AM,13,Kroll,15,23:04.326,13:14.547,9:02.852,2,BMW M4 GT4 EVO (G82),2026-05-17 00:41:09.219562
154,45,SP 9,PRO,40,Vermeulen,14,----LAP 14,12:21.623,8:12.515,2,Ferrari 296 GT3 Evo26,2026-05-17 00:41:09.219562
155,75,AT1,PROAM,2,Fugel,11,----LAP 11,8:31.376,8:20.316,1,Audi R8 LMS GT3 evo II,2026-05-17 00:41:09.219562
156,195,BMW M240i,,11,Hoenjet,10,----LAP 10,10:18.132,9:31.981,1,BMW M240i Racing Cup*,2026-05-17 00:41:09.219562
157,110,SP 2T,,3,Sasaki,7,----LAP 7,12:50.416,11:05.842,2,Toyota GR Yaris,2026-05-17 00:41:09.219562
158,410,V6,,5,Croci,6,----LAP 6,10:08.339,10:20.292,1,Porsche Cayman GTS*,2026-05-17 00:41:09.219562
159,35,SP 9,PROAM,41,Fernandez Laser,4,----LAP 4,10:19.256,8:29.335,1,Aston Martin Vantage AMR GT3 EVO,2026-05-17 00:41:09.219562
NormalQualified,NormalQualified,NormalQualified,NormalQualified,NormalQualified,NormalQualified,NormalQualified,NormalQualified,NormalQualified,NormalQualified,NormalQualified,NormalQualified,2026-05-17 00:41:09.219562
1,3,SP 9,PRO,1,Auer,38,----LAP 38,9:46.909,8:13.690,5,Mercedes-AMG GT3,2026-05-17 00:41:39.370848
2,80,SP 9,PRO,2,Schiller,38,01.100,9:46.499,8:14.337,5,Mercedes-AMG GT3,2026-05-17 00:41:39.370848
3,34,SP 9,PRO,3,Drudi,38,2:31.784,9:54.983,8:17.432,5,Aston Martin Vantage AMR GT3 EVO,2026-05-17 00:41:39.370848
4,99,SP 9,PRO,4,Harper,38,2:41.603,9:36.895,8:18.953,5,BMW M4 GT3 EVO,2026-05-17 00:41:39.370848
5,81,SP-X,PRO,1,de Phillippi,38,3:09.802,10:22.802,8:17.045,5,BMW M3 Touring 24h,2026-05-17 00:41:39.370848
6,44,SP 9,PRO,5,Bachler,38,3:12.824,10:06.254,8:17.284,5,Porsche 911 GT3 R (992) Evo26,2026-05-17 00:41:39.370848
7,24,SP 9,PRO,6,Vanthoor,38,4:12.385,11:06.357,8:18.141,4,Porsche 911 GT3 R (992) Evo26,2026-05-17 00:41:39.370848
8,1,SP 9,PRO,7,Farfus,38,5:48.809,9:57.631,8:16.257,5,BMW M4 GT3 EVO,2026-05-17 00:41:39.370848
9,67,SP 9,PRO,8,Vervisch,38,6:05.863,10:03.541,8:16.169,5,Ford Mustang GT3 EVO (2026),2026-05-17 00:41:39.370848
10,65,SP 9,PROAM,9,Caresani,38,6:38.811,9:57.456,8:15.271,5,Ford Mustang GT3 EVO (2026),2026-05-17 00:41:39.370848
11,54,SP 9,PRO,10,Christensen,38,6:24.454,10:51.396,8:21.411,5,Porsche 911 GT3 R (992) Evo26,2026-05-17 00:41:39.370848
12,86,SP 9,PROAM,11,King,37,----LAP 37,9:40.795,8:24.189,5,Porsche 911 GT3 R (992) Evo26,2026-05-17 00:41:39.370848
13,26,SP 9,PRO,12,Böckmann,37,13.871,9:56.205,8:14.685,5,Mercedes-AMG GT3,2026-05-17 00:41:39.370848
14,84,SP 9,PRO,13,Bortolotti,37,24.000,9:52.288,8:11.149,5,Lamborghini Huracan GT3 EVO2,2026-05-17 00:41:39.370848
15,77,SP 9,PRO,14,Frijns,37,1:01.797,10:24.817,8:14.452,5,BMW M4 GT3 EVO,2026-05-17 00:41:39.370848
16,48,SP 9,PROAM,15,Müller,37,1:14.896,10:17.979,8:17.605,5,Porsche 911 GT3 R (992) Evo26,2026-05-17 00:41:39.370848
17,11,SP 9,PROAM,16,Härtling,37,1:23.946,10:15.253,8:19.388,5,Mercedes-AMG GT3,2026-05-17 00:41:39.370848
18,55,SP 9,PRO,17,Sturm,37,1:48.738,10:06.096,8:27.508,6,Porsche 911 GT3 R (992) Evo26,2026-05-17 00:41:39.370848
19,18,SP 9,PROAM,18,Kolb,37,2:27.436,9:52.824,8:24.640,5,Porsche 911 GT3 R (992) Evo26,2026-05-17 00:41:39.370848
20,17,SP 9,PRO,19,Menzel,37,2:36.177,9:36.782,8:18.394,6,Porsche 911 GT3 R (992) Evo26,2026-05-17 00:41:39.370848
21,69,SP 9,PRO,20,Dörr,37,3:48.908,10:03.009,8:18.493,5,McLaren 720S-GT3,2026-05-17 00:41:39.370848
22,123,SP 9,PROAM,21,Brundle,37,4:50.684,9:55.584,8:25.985,5,Porsche 911 GT3 R (992) Evo26,2026-05-17 00:41:39.370848
23,7,SP 9,PRO,22,Paul,37,4:56.917,9:50.406,8:14.446,5,Lamborghini Huracan GT3 EVO2,2026-05-17 00:41:39.370848
24,5,SP 9,AM,23,Kiefer,37,5:31.133,10:14.902,8:18.760,5,Porsche 911 GT3 R (992) Evo26,2026-05-17 00:41:39.370848
25,4,SP 9,PROAM,24,Fontana,37,5:45.571,10:03.121,8:22.099,5,Porsche 911 GT3 R (992) Evo26,2026-05-17 00:41:39.370848
26,30,SP 9,PROAM,25,Seefried,37,7:19.101,10:32.804,8:24.267,5,Porsche 911 GT3 R (992) Evo26,2026-05-17 00:41:39.370848
27,39,SP 9,PROAM,26,Hantke,37,8:35.391,10:36.610,8:28.420,5,Aston Martin Vantage AMR GT3 EVO,2026-05-17 00:41:39.370848
28,32,SP 9,PROAM,27,Nakayama,36,----LAP 36,12:49.674,8:31.507,5,Mercedes-AMG GT3,2026-05-17 00:41:39.370848
29,130,SP 9,PRO,28,Yelloly,36,2:22.034,23:54.448,8:14.351,5,Lamborghini Huracan GT3 EVO2,2026-05-17 00:41:39.370848
30,66,SP-X,PROAM,2,Hörr,36,2:36.353,10:54.172,8:31.491,5,KTM X-Bow GTX,2026-05-17 00:41:39.370848
31,900,Cup 2,PRO,1,Meijer,36,3:38.670,10:25.087,8:31.415,4,Porsche 911 GT3 Cup (992),2026-05-17 00:41:39.370848
32,902,Cup 2,PRO,2,Rennhofer,36,4:26.102,10:16.282,8:31.047,4,Porsche 911 GT3 Cup (992),2026-05-17 00:41:39.370848
33,918,Cup 2,PRO,3,Scheerbarth,36,6:54.264,10:38.620,8:32.495,4,Porsche 911 GT3 Cup (992),2026-05-17 00:41:39.370848
34,71,SP 9,PROAM,29,Kaffer,36,7:20.152,10:21.220,8:27.786,5,Audi R8 LMS GT3 evo II,2026-05-17 00:41:39.370848
35,19,AT1,PROAM,1,Coronel,35,----LAP 35,10:11.285,8:26.868,5,Audi R8 LMS GT3 evo II,2026-05-17 00:41:39.370848
36,61,SP-X,PRO,3,Arnold,35,2:36.823,10:47.814,8:49.118,5,HWA EVO.R,2026-05-17 00:41:39.370848
37,8,SP 9,AM,30,Veremenko,35,3:30.795,10:15.222,8:31.131,5,Audi R8 LMS GT3 evo II,2026-05-17 00:41:39.370848
38,992,SP-PRO,PROAM,1,Griesemann,35,3:31.303,13:55.477,8:36.238,5,Porsche 911 GT3 CUP MR,2026-05-17 00:41:39.370848
39,62,SP-X,PRO,4,Adelson,35,4:57.540,11:59.157,8:44.071,4,HWA EVO.R,2026-05-17 00:41:39.370848
40,925,Cup 2,PRO,4,Miller,35,5:47.121,10:27.198,8:50.061,4,Porsche 911 GT3 Cup (992),2026-05-17 00:41:39.370848
41,909,Cup 2,AM,5,Messenger,35,6:25.197,12:26.851,8:38.719,4,Porsche 911 GT3 Cup (992),2026-05-17 00:41:39.370848
42,904,Cup 2,AM,6,Kranz,35,6:56.285,10:24.706,8:34.272,5,Porsche 911 GT3 Cup (992),2026-05-17 00:41:39.370848
43,632,AT2,,1,Charoudin,35,7:33.704,11:15.362,8:33.391,5,Porsche 911 GT3 Cup (992.1),2026-05-17 00:41:39.370848
44,63,SP-X,PRO,5,Holstad,35,7:35.049,11:28.028,8:50.353,5,HWA EVO.R,2026-05-17 00:41:39.370848
45,88,SP 4T,,1,Van Dam,35,8:09.277,11:48.582,8:58.132,4,Subaru WRX,2026-05-17 00:41:39.370848
46,962,Cup 3,PRO,1,Wiedmann,35,8:20.558,11:10.411,9:00.773,4,Porsche 718 Cayman GT4 Clubsport (Typ 982),2026-05-17 00:41:39.370848
47,908,Cup 2,AM,7,Mühlenz,35,8:54.277,11:10.716,8:48.446,4,Porsche 911 GT3 Cup (992),2026-05-17 00:41:39.370848
48,919,Cup 2,PRO,8,Chrzanowski,35,9:11.411,10:38.903,8:34.385,5,Porsche 911 GT3 Cup (992),2026-05-17 00:41:39.370848
49,33,SP 9,PROAM,31,Di Martino,35,,15:55.817,8:33.316,6,Audi R8 LMS GT3 evo II,2026-05-17 00:41:39.370848
50,777,Cup 2,AM,9,Jönsson,35,8:29.597,12:21.347,8:37.406,5,Porsche 911 GT3 Cup (992),2026-05-17 00:41:39.370848
51,176,SP 10,PROAM,1,de Oliveira,35,9:20.436,10:55.161,9:00.405,4,Mercedes-AMG GT4,2026-05-17 00:41:39.370848
52,888,SP 10,PROAM,2,Wiskirchen,35,9:21.515,10:51.962,8:54.980,4,BMW M4 GT4 EVO (G82),2026-05-17 00:41:39.370848
53,187,SP 10,PROAM,3,Link,34,----LAP 34,14:10.688,8:57.978,5,BMW M4 GT4 (G82),2026-05-17 00:41:39.370848
54,180,SP 10,AM,4,Ogburn,34,2:05.793,11:11.857,8:56.749,5,BMW M4 GT4 EVO (G82),2026-05-17 00:41:39.370848
55,145,SP 10,PROAM,5,Bleekemolen,34,2:54.363,11:10.870,8:57.361,5,BMW M4 GT4 EVO (G82),2026-05-17 00:41:39.370848
56,971,Cup 3,PRO,2,Braun,34,2:57.450,12:09.207,9:00.846,4,Porsche 718 Cayman GT4 Clubsport (Typ 982),2026-05-17 00:41:39.370848
57,36,SP 9,AM,32,Scherer,34,4:11.517,11:57.971,9:05.727,5,BMW E89 Z4 (EVO 2013),2026-05-17 00:41:39.370848
58,177,SP 10,PROAM,6,Nicolae,34,4:14.531,10:54.145,9:00.667,4,BMW M4 GT4 EVO (G82),2026-05-17 00:41:39.370848
59,91,SP 7,,1,Ertl,34,5:42.266,11:49.779,8:49.797,5,Porsche 911 GT3 Cup (991),2026-05-17 00:41:39.370848
60,961,Cup 3,PRO,3,Lu,34,8:34.876,11:36.820,9:08.057,4,Porsche 718 Cayman GT4 Clubsport (Typ 982),2026-05-17 00:41:39.370848
61,949,Cup 3,AM,4,Wenisch,34,9:02.562,14:19.273,9:12.020,5,Porsche 718 Cayman GT4 Clubsport (Typ 982),2026-05-17 00:41:39.370848
62,966,Cup 3,PRO,5,Oehme,34,9:18.215,11:40.114,9:17.003,6,Porsche 718 Cayman GT4 Clubsport (Typ 982),2026-05-17 00:41:39.370848
63,90,SP 10,PROAM,7,Sagrera,34,3:57.770,10:51.396,8:59.380,5,Toyota GR Supra GT4 EVO2,2026-05-17 00:41:39.370848
64,776,TCR,,1,Gabbiani,33,----LAP 33,15:24.742,9:20.188,6,Audi RS3 LMS SEQ,2026-05-17 00:41:39.370848
65,939,Cup 3,AM,6,Schwenk,33,1:01.796,13:55.264,9:15.697,5,Porsche 718 Cayman GT4 Clubsport (Typ 982),2026-05-17 00:41:39.370848
66,171,SP 10,AM,8,Ullström,33,1:02.471,15:20.512,9:23.892,5,Porsche 718 Cayman GT4 RS CS,2026-05-17 00:41:39.370848
67,952,Cup 3,PRO,7,Kraus,33,2:57.034,11:46.208,9:27.223,4,Porsche 718 Cayman GT4 Clubsport (Typ 982),2026-05-17 00:41:39.370848
68,982,Cup 3,AM,8,Duffner,33,3:17.339,11:50.968,9:22.333,4,Porsche 718 Cayman GT4 Clubsport (Typ 982),2026-05-17 00:41:39.370848
69,945,Cup 3,AM,9,Okumura,33,4:44.655,12:19.504,9:41.427,4,Porsche 718 Cayman GT4 Clubsport (Typ 982),2026-05-17 00:41:39.370848
70,95,Cup 2,PRO,10,Rettenbacher,33,6:08.663,10:20.139,8:38.526,7,Porsche 911 GT3 Cup (992),2026-05-17 00:41:39.370848
71,13,Cup 2,AM,11,Ecke,33,6:18.736,14:38.366,9:17.807,4,Porsche 911 GT3 Cup (992),2026-05-17 00:41:39.370848
72,164,SP 10,PROAM,9,Brodmerkel,33,8:22.991,13:08.263,8:59.910,5,Porsche 718 Cayman GT4 RS CS,2026-05-17 00:41:39.370848
73,175,SP 10,AM,10,Vazquez,33,9:39.402,10:59.855,9:09.674,5,Mercedes-AMG GT4,2026-05-17 00:41:39.370848
74,999,Cup 3,PRO,10,Riemer,33,7:26.417,12:05.131,9:07.084,6,Porsche 718 Cayman GT4 Clubsport (Typ 982),2026-05-17 00:41:39.370848
75,967,Cup 3,PRO,11,Rich,32,----LAP 32,12:27.187,9:23.859,4,Porsche 718 Cayman GT4 Clubsport (Typ 982),2026-05-17 00:41:39.370848
76,169,SP 10,AM,11,Sander,32,1:28.481,11:22.768,9:17.197,4,Aston Martin Vantage AMR GT4,2026-05-17 00:41:39.370848
77,317,SP 3T,,1,Haugg,32,3:21.020,11:33.965,9:34.061,5,Audi TTs,2026-05-17 00:41:39.370848
78,969,Cup 3,AM,12,Stewart,32,3:32.712,14:42.301,9:27.071,4,Porsche 718 Cayman GT4 Clubsport (Typ 982),2026-05-17 00:41:39.370848
79,37,SP 9,AM,33,Wahl,32,3:44.873,10:58.050,8:37.093,6,Aston Martin Vantage AMR GT3,2026-05-17 00:41:39.370848
80,978,Cup 3,AM,13,Lamsouguer,32,4:40.769,11:59.053,9:33.831,4,Porsche 718 Cayman GT4 Clubsport (Typ 982),2026-05-17 00:41:39.370848
81,977,Cup 3,AM,14,Zimmermann,32,7:24.834,11:51.011,9:48.521,4,Porsche 718 Cayman GT4 Clubsport (Typ 982),2026-05-17 00:41:39.370848
82,898,BMW,,1,Dacher,32,8:17.052,11:22.392,9:44.883,4,BMW M2 Racing (G87)*,2026-05-17 00:41:39.370848
83,396,V6,,1,Büllesbach,32,8:39.539,11:50.248,9:38.681,5,Porsche Cayman S*,2026-05-17 00:41:39.370848
84,519,VT2 Hecka,,1,Tack,32,9:00.779,11:50.323,9:48.700,4,Toyota Supra*,2026-05-17 00:41:39.370848
85,878,BMW,,2,Schlichenmeier,32,10:33.621,11:32.509,9:51.694,5,BMW M2 Racing (G87)*,2026-05-17 00:41:39.370848
86,50,SP 4T,,2,Hammel,32,,12:43.149,8:57.956,5,VW Golf GTI Clubsport 24h,2026-05-17 00:41:39.370848
87,480,VT2 Front,,1,Dupré,31,----LAP 31,14:09.687,9:49.819,6,Audi S3-Lim*,2026-05-17 00:41:39.370848
88,500,VT2 Hecka,,2,Zils,31,17.277,14:13.527,9:49.234,4,BMW 330i*,2026-05-17 00:41:39.370848
89,577,TCR,,2,Rosam,31,43.025,14:29.589,9:25.597,4,Cupra Leon Competición TCR,2026-05-17 00:41:39.370848
90,669,BMW M240i,,1,Petrolo,31,54.958,11:36.917,9:43.196,4,BMW M240i Racing Cup*,2026-05-17 00:41:39.370848
91,658,BMW M240i,,2,Sari,31,2:23.627,14:18.871,9:58.764,5,BMW M240i Racing Cup*,2026-05-17 00:41:39.370848
92,321,SP 3T,,2,Mache,31,3:07.252,11:04.483,9:20.461,7,VW GOLF 7 GTI TCR DSG,2026-05-17 00:41:39.370848
93,652,BMW M240i,,3,Opran,31,3:15.337,11:26.506,9:37.792,5,BMW M240i Racing Cup*,2026-05-17 00:41:39.370848
94,170,SP 10,,12,Koyama,31,4:03.383,12:04.323,9:00.540,5,Toyota GR Supra GT4 EVO2,2026-05-17 00:41:39.370848
95,448,V6,,2,Müller,31,4:07.512,11:29.673,9:38.614,6,Porsche Cayman S*,2026-05-17 00:41:39.370848
96,665,BMW M240i,,4,Reinhard,31,4:33.411,11:37.264,9:41.802,5,BMW M240i Racing Cup*,2026-05-17 00:41:39.370848
97,653,BMW M240i,,5,Fitzgerald,31,4:45.239,11:53.340,9:45.564,6,BMW M240i Racing Cup*,2026-05-17 00:41:39.370848
98,471,VT2 Front,,2,Eichhorn,31,8:23.521,11:39.860,9:59.750,5,Cupra Leon KL*,2026-05-17 00:41:39.370848
99,444,V5,,1,Korn,31,9:30.314,11:47.663,9:54.131,5,Porsche Cayman CM12*,2026-05-17 00:41:39.370848
100,474,VT2 Front,,3,Hrubesch,31,9:47.028,12:34.655,10:15.189,5,VW Golf GTI *,2026-05-17 00:41:39.370848
101,40,SP 9,AM,34,Posavac,31,9:48.453,11:14.612,8:53.859,4,BMW E89 Z4 (EVO 2013),2026-05-17 00:41:39.370848
102,941,Cup 3,PRO,15,van der Snel,31,,10:29.524,9:05.659,4,Porsche 718 Cayman GT4 Clubsport (Typ 982),2026-05-17 00:41:39.370848
103,89,TCR,,3,Groneck,31,11:02.807,11:36.253,9:55.499,5,VW GOLF 7 GTI TCR DSG,2026-05-17 00:41:39.370848
104,524,VT2 Hecka,,3,Ooms,30,----LAP 30,14:39.846,9:48.602,4,Toyota Supra*,2026-05-17 00:41:39.370848
105,454,V5,,2,Hansen,30,12.629,12:44.455,10:10.380,4,Porsche Cayman CM12*,2026-05-17 00:41:39.370848
106,670,BMW M240i,,6,Paviot,30,22.308,15:10.843,9:58.466,5,BMW M240i Racing Cup*,2026-05-17 00:41:39.370848
107,870,BMW,,3,Kreutzpointner,30,47.489,12:48.925,9:46.793,5,BMW M2 Racing (G87)*,2026-05-17 00:41:39.370848
108,520,VT2 Hecka,,4,Horino,30,3:42.027,15:21.149,9:56.492,4,Toyota Supra*,2026-05-17 00:41:39.370848
109,667,BMW M240i,,7,Fontes,30,5:33.206,15:43.246,9:49.349,5,BMW M240i Racing Cup*,2026-05-17 00:41:39.370848
110,503,VT2 Hecka,,5,Ehrhardt,30,6:39.562,12:26.495,10:07.362,5,Toyota Supra*,2026-05-17 00:41:39.370848
111,420,SP 7,,2,Schöni,30,8:05.492,12:10.508,9:15.838,4,Porsche 718 Cayman GT4 Clubsport (Typ 982),2026-05-17 00:41:39.370848
112,651,BMW M240i,,8,Silva,30,9:32.102,11:40.582,9:38.161,5,BMW M240i Racing Cup*,2026-05-17 00:41:39.370848
113,100,BMW 325i,,1,Gruber,30,11:01.065,13:51.124,10:21.172,3,BMW 325i*,2026-05-17 00:41:39.370848
114,472,VT2 Front,,4,Füting,30,8:39.155,13:46.616,10:15.934,5,Cupra Leon KL*,2026-05-17 00:41:39.370848
115,821,SP 3T,,3,Epp,29,----LAP 29,11:26.989,9:40.639,6,Audi RS3 LMS DSG*,2026-05-17 00:41:39.370848
116,650,BMW M240i,,9,Fübrich,29,58.448,13:41.324,9:29.559,5,BMW M240i Racing Cup*,2026-05-17 00:41:39.370848
117,418,V6,,3,Lamadrid,29,2:48.419,13:13.372,10:12.681,6,Porsche Cayman S*,2026-05-17 00:41:39.370848
118,514,VT2 Hecka,,6,De Groot,29,3:14.949,14:01.960,9:47.916,4,BMW 330i*,2026-05-17 00:41:39.370848
119,415,V6,,4,Arnold,29,6:12.392,11:17.984,9:39.386,5,Porsche 911 Carrera*,2026-05-17 00:41:39.370848
120,320,AT2,,2,López Cesaratto,29,7:06.462,10:43.146,8:57.689,5,Porsche 911 GT3 Cup (992.1),2026-05-17 00:41:39.370848
121,979,Cup 3,PRO,16,Surzyshyn,29,8:28.231,52:13.098,9:18.187,5,Porsche 718 Cayman GT4 Clubsport (Typ 982),2026-05-17 00:41:39.370848
122,959,Cup 3,PRO,17,Haughton,29,9:20.046,10:55.426,9:01.126,4,Porsche 718 Cayman GT4 Clubsport (Typ 982),2026-05-17 00:41:39.370848
123,101,BMW 325i,,2,Schwolow,28,----LAP 28,16:18.352,10:43.196,4,BMW 325i (e90)*,2026-05-17 00:41:39.370848
124,505,VT2 Hecka,,7,Van Vooren,28,1:14.953,12:35.313,10:43.608,4,BMW 330i*,2026-05-17 00:41:39.370848
125,112,BMW 325i,,3,Küpper,28,5:49.005,15:25.422,10:33.637,5,BMW 325i (e90)*,2026-05-17 00:41:39.370848
126,445,V5,,3,Welker,28,11:07.791,13:28.341,10:41.778,5,Porsche Cayman CM12*,2026-05-17 00:41:39.370848
127,455,V5,,4,Trinius,28,,22:54.838,10:35.030,5,Porsche Cayman CM12*,2026-05-17 00:41:39.370848
128,303,SP 4T,,3,Shin,28,5:20.514,13:21.674,9:29.769,4,Hyundai Motor Company ELANTRAN1 RP,2026-05-17 00:41:39.370848
129,830,TCR,,4,Basseng,28,10:17.904,11:43.614,8:54.740,5,Hyundai Motor Company ELANTRA N TCR,2026-05-17 00:41:39.370848
130,440,V5,,5,Ebener,27,----LAP 27,11:57.419,10:09.194,5,Porsche Cayman CM12*,2026-05-17 00:41:39.370848
131,477,VT2 Front,,5,Mennecke,27,30.365,13:18.035,10:56.392,5,VW Scirocco R TSI*,2026-05-17 00:41:39.370848
132,380,SP 2T,,1,Schäffer,27,1:31.886,19:09.641,10:43.078,4,Opel Corsa GS Line 130*,2026-05-17 00:41:39.370848
133,152,SP 4,,1,Koger,27,2:09.769,20:12.305,11:21.667,4,BMW 325CI*,2026-05-17 00:41:39.370848
134,10,SP 3T,,4,Lenz,27,5:23.635,11:26.459,9:32.312,6,VW Golf GTI Clubsport 24h,2026-05-17 00:41:39.370848
135,109,SP 2T,,2,Oshima,27,,18:49.537,9:33.699,6,Toyota GR Yaris,2026-05-17 00:41:39.370848
136,300,SP 3T,,5,Geilfus,27,8:10.793,13:02.217,10:22.613,6,Dacia Logan,2026-05-17 00:41:39.370848
137,82,SP 7,,3,Schröder,27,10:15.041,11:30.565,9:42.820,6,Porsche 718 Cayman GT4 Clubsport (Typ 982),2026-05-17 00:41:39.370848
138,59,SP 8T,,1,Weishar,26,----LAP 26,14:35.374,8:57.891,4,McLaren Artura Trophy Evo,2026-05-17 00:41:39.370848
139,786,SP 9,AM,35,Nana,26,,15:57.033,8:28.245,6,Lamborghini Huracan GT3 EVO2,2026-05-17 00:41:39.370848
140,302,SP 4T,,4,Azcona,25,----LAP 25,13:07.400,9:21.541,3,Hyundai Motor Company ELANTRAN1 RP,2026-05-17 00:41:39.370848
141,911,SP 9,PRO,36,Estre,24,----LAP 24,12:05.638,8:13.671,3,Porsche 911 GT3 R (992) Evo26,2026-05-17 00:41:39.370848
142,64,SP 9,PRO,37,Maini,24,1:16.175,9:15.199,8:14.825,3,Ford Mustang GT3 EVO (2026),2026-05-17 00:41:39.370848
143,677,BMW M240i,,10,Tauber,24,1:57:46.141,14:42.815,10:17.190,5,BMW M240i Racing Cup*,2026-05-17 00:41:39.370848
144,800,SP 3T,,6,Oepen,23,----LAP 23,15:44.814,9:44.296,7,VW GOLF 7 GTI TCR DSG,2026-05-17 00:41:39.370848
145,76,SP 4T,,5,Hochwind,21,----LAP 21,1:26:49.596,9:03.336,5,VW Golf GTI Clubsport 24h,2026-05-17 00:41:39.370848
146,569,VT2 Hecka,,8,Van‘t veer,20,----LAP 20,14:14.953,10:14.652,5,BMW 328i*,2026-05-17 00:41:39.370848
147,501,VT2 Hecka,,9,Vortkamp,17,----LAP 17,13:48.642,10:19.031,3,BMW 330i*,2026-05-17 00:41:39.370848
148,808,SP 3T,,7,Geon,17,2:42:45.034,16:54.324,10:03.234,2,Cupra TCR DSG,2026-05-17 00:41:39.370848
149,108,BMW 325i,,4,Grilli,16,----LAP 16,17:57.423,10:40.183,4,BMW 325i (e90)*,2026-05-17 00:41:39.370848
150,277,SP 3,,1,Harris,16,,27:12.894,10:17.533,5,BMW 318ti (E36)*,2026-05-17 00:41:39.370848
151,16,SP 9,PRO,38,Sims,16,,20:15.798,8:13.543,3,Audi R8 LMS GT3 evo II,2026-05-17 00:41:39.370848
152,47,SP 9,PRO,39,Krohn,15,----LAP 15,9:34.941,8:13.404,2,Mercedes-AMG GT3,2026-05-17 00:41:39.370848
153,189,SP 10,AM,13,Kroll,15,23:04.326,13:14.547,9:02.852,2,BMW M4 GT4 EVO (G82),2026-05-17 00:41:39.370848
154,45,SP 9,PRO,40,Vermeulen,14,----LAP 14,12:21.623,8:12.515,2,Ferrari 296 GT3 Evo26,2026-05-17 00:41:39.370848
155,75,AT1,PROAM,2,Fugel,11,----LAP 11,8:31.376,8:20.316,1,Audi R8 LMS GT3 evo II,2026-05-17 00:41:39.370848
156,195,BMW M240i,,11,Hoenjet,10,----LAP 10,10:18.132,9:31.981,1,BMW M240i Racing Cup*,2026-05-17 00:41:39.370848
157,110,SP 2T,,3,Sasaki,7,----LAP 7,12:50.416,11:05.842,2,Toyota GR Yaris,2026-05-17 00:41:39.370848
158,410,V6,,5,Croci,6,----LAP 6,10:08.339,10:20.292,1,Porsche Cayman GTS*,2026-05-17 00:41:39.370848
159,35,SP 9,PROAM,41,Fernandez Laser,4,----LAP 4,10:19.256,8:29.335,1,Aston Martin Vantage AMR GT3 EVO,2026-05-17 00:41:39.370848
NormalQualified,NormalQualified,NormalQualified,NormalQualified,NormalQualified,NormalQualified,NormalQualified,NormalQualified,NormalQualified,NormalQualified,NormalQualified,NormalQualified,2026-05-17 00:41:39.370848
1,3,SP 9,PRO,1,Auer,38,----LAP 38,9:46.909,8:13.690,5,Mercedes-AMG GT3,2026-05-17 00:42:09.548932
2,80,SP 9,PRO,2,Schiller,38,01.100,9:46.499,8:14.337,5,Mercedes-AMG GT3,2026-05-17 00:42:09.548932
3,34,SP 9,PRO,3,Drudi,38,2:31.784,9:54.983,8:17.432,5,Aston Martin Vantage AMR GT3 EVO,2026-05-17 00:42:09.548932
4,99,SP 9,PRO,4,Harper,38,2:41.603,9:36.895,8:18.953,5,BMW M4 GT3 EVO,2026-05-17 00:42:09.548932
5,81,SP-X,PRO,1,de Phillippi,38,3:09.802,10:22.802,8:17.045,5,BMW M3 Touring 24h,2026-05-17 00:42:09.548932
6,44,SP 9,PRO,5,Bachler,38,3:12.824,10:06.254,8:17.284,5,Porsche 911 GT3 R (992) Evo26,2026-05-17 00:42:09.548932
7,24,SP 9,PRO,6,Vanthoor,38,4:13.141,11:06.357,8:18.141,4,Porsche 911 GT3 R (992) Evo26,2026-05-17 00:42:09.548932
8,1,SP 9,PRO,7,Farfus,38,5:48.809,9:57.631,8:16.257,5,BMW M4 GT3 EVO,2026-05-17 00:42:09.548932
9,67,SP 9,PRO,8,Vervisch,38,6:05.863,10:03.541,8:16.169,5,Ford Mustang GT3 EVO (2026),2026-05-17 00:42:09.548932
10,65,SP 9,PROAM,9,Caresani,38,6:38.811,9:57.456,8:15.271,5,Ford Mustang GT3 EVO (2026),2026-05-17 00:42:09.548932
11,54,SP 9,PRO,10,Christensen,38,6:24.454,10:51.396,8:21.411,5,Porsche 911 GT3 R (992) Evo26,2026-05-17 00:42:09.548932
12,86,SP 9,PROAM,11,King,37,----LAP 37,9:40.795,8:24.189,5,Porsche 911 GT3 R (992) Evo26,2026-05-17 00:42:09.548932
13,26,SP 9,PRO,12,Böckmann,37,13.871,9:56.205,8:14.685,5,Mercedes-AMG GT3,2026-05-17 00:42:09.548932
14,84,SP 9,PRO,13,Bortolotti,37,23.601,9:52.288,8:11.149,5,Lamborghini Huracan GT3 EVO2,2026-05-17 00:42:09.548932
15,77,SP 9,PRO,14,Frijns,37,1:01.797,10:24.817,8:14.452,5,BMW M4 GT3 EVO,2026-05-17 00:42:09.548932
16,48,SP 9,PROAM,15,Müller,37,1:14.896,10:17.979,8:17.605,5,Porsche 911 GT3 R (992) Evo26,2026-05-17 00:42:09.548932
17,11,SP 9,PROAM,16,Härtling,37,1:23.946,10:15.253,8:19.388,5,Mercedes-AMG GT3,2026-05-17 00:42:09.548932
18,55,SP 9,PRO,17,Sturm,37,1:48.738,10:06.096,8:27.508,6,Porsche 911 GT3 R (992) Evo26,2026-05-17 00:42:09.548932
19,18,SP 9,PROAM,18,Kolb,37,2:27.436,9:52.824,8:24.640,5,Porsche 911 GT3 R (992) Evo26,2026-05-17 00:42:09.548932
20,17,SP 9,PRO,19,Menzel,37,2:36.177,9:36.782,8:18.394,6,Porsche 911 GT3 R (992) Evo26,2026-05-17 00:42:09.548932
21,69,SP 9,PRO,20,Dörr,37,3:48.908,10:03.009,8:18.493,5,McLaren 720S-GT3,2026-05-17 00:42:09.548932
22,123,SP 9,PROAM,21,Brundle,37,4:50.684,9:55.584,8:25.985,5,Porsche 911 GT3 R (992) Evo26,2026-05-17 00:42:09.548932
23,7,SP 9,PRO,22,Paul,37,4:56.917,9:50.406,8:14.446,5,Lamborghini Huracan GT3 EVO2,2026-05-17 00:42:09.548932
24,5,SP 9,AM,23,Kiefer,37,5:31.133,10:14.902,8:18.760,5,Porsche 911 GT3 R (992) Evo26,2026-05-17 00:42:09.548932
25,4,SP 9,PROAM,24,Fontana,37,5:45.571,10:03.121,8:22.099,5,Porsche 911 GT3 R (992) Evo26,2026-05-17 00:42:09.548932
26,30,SP 9,PROAM,25,Seefried,37,7:19.101,10:32.804,8:24.267,5,Porsche 911 GT3 R (992) Evo26,2026-05-17 00:42:09.548932
27,39,SP 9,PROAM,26,Hantke,37,8:35.391,10:36.610,8:28.420,5,Aston Martin Vantage AMR GT3 EVO,2026-05-17 00:42:09.548932
28,32,SP 9,PROAM,27,Nakayama,36,----LAP 36,12:49.674,8:31.507,5,Mercedes-AMG GT3,2026-05-17 00:42:09.548932
29,130,SP 9,PRO,28,Yelloly,36,2:22.034,23:54.448,8:14.351,5,Lamborghini Huracan GT3 EVO2,2026-05-17 00:42:09.548932
30,66,SP-X,PROAM,2,Hörr,36,2:36.353,10:54.172,8:31.491,5,KTM X-Bow GTX,2026-05-17 00:42:09.548932
31,900,Cup 2,PRO,1,Meijer,36,3:38.670,10:25.087,8:31.415,4,Porsche 911 GT3 Cup (992),2026-05-17 00:42:09.548932
32,902,Cup 2,PRO,2,Rennhofer,36,4:26.102,10:16.282,8:31.047,4,Porsche 911 GT3 Cup (992),2026-05-17 00:42:09.548932
33,918,Cup 2,PRO,3,Scheerbarth,36,6:54.264,10:38.620,8:32.495,4,Porsche 911 GT3 Cup (992),2026-05-17 00:42:09.548932
34,71,SP 9,PROAM,29,Kaffer,36,7:20.152,10:21.220,8:27.786,5,Audi R8 LMS GT3 evo II,2026-05-17 00:42:09.548932
35,19,AT1,PROAM,1,Coronel,35,----LAP 35,10:11.285,8:26.868,5,Audi R8 LMS GT3 evo II,2026-05-17 00:42:09.548932
36,61,SP-X,PRO,3,Arnold,35,2:36.823,10:47.814,8:49.118,5,HWA EVO.R,2026-05-17 00:42:09.548932
37,8,SP 9,AM,30,Veremenko,35,3:30.795,10:15.222,8:31.131,5,Audi R8 LMS GT3 evo II,2026-05-17 00:42:09.548932
38,992,SP-PRO,PROAM,1,Griesemann,35,3:31.303,13:55.477,8:36.238,5,Porsche 911 GT3 CUP MR,2026-05-17 00:42:09.548932
39,62,SP-X,PRO,4,Adelson,35,4:57.540,11:59.157,8:44.071,4,HWA EVO.R,2026-05-17 00:42:09.548932
40,925,Cup 2,PRO,4,Miller,35,5:47.121,10:27.198,8:50.061,4,Porsche 911 GT3 Cup (992),2026-05-17 00:42:09.548932
41,909,Cup 2,AM,5,Messenger,35,6:25.197,12:26.851,8:38.719,4,Porsche 911 GT3 Cup (992),2026-05-17 00:42:09.548932
42,904,Cup 2,AM,6,Kranz,35,6:56.285,10:24.706,8:34.272,5,Porsche 911 GT3 Cup (992),2026-05-17 00:42:09.548932
43,632,AT2,,1,Charoudin,35,7:33.704,11:15.362,8:33.391,5,Porsche 911 GT3 Cup (992.1),2026-05-17 00:42:09.548932
44,63,SP-X,PRO,5,Holstad,35,7:35.049,11:28.028,8:50.353,5,HWA EVO.R,2026-05-17 00:42:09.548932
45,88,SP 4T,,1,Van Dam,35,8:09.277,11:48.582,8:58.132,4,Subaru WRX,2026-05-17 00:42:09.548932
46,962,Cup 3,PRO,1,Wiedmann,35,8:20.558,11:10.411,9:00.773,4,Porsche 718 Cayman GT4 Clubsport (Typ 982),2026-05-17 00:42:09.548932
47,908,Cup 2,AM,7,Mühlenz,35,8:54.277,11:10.716,8:48.446,4,Porsche 911 GT3 Cup (992),2026-05-17 00:42:09.548932
48,919,Cup 2,PRO,8,Chrzanowski,35,9:11.411,10:38.903,8:34.385,5,Porsche 911 GT3 Cup (992),2026-05-17 00:42:09.548932
49,33,SP 9,PROAM,31,Di Martino,35,,15:55.817,8:33.316,6,Audi R8 LMS GT3 evo II,2026-05-17 00:42:09.548932
50,777,Cup 2,AM,9,Jönsson,35,8:29.597,12:21.347,8:37.406,5,Porsche 911 GT3 Cup (992),2026-05-17 00:42:09.548932
51,176,SP 10,PROAM,1,de Oliveira,35,9:20.436,10:55.161,9:00.405,4,Mercedes-AMG GT4,2026-05-17 00:42:09.548932
52,888,SP 10,PROAM,2,Wiskirchen,35,9:21.515,10:51.962,8:54.980,4,BMW M4 GT4 EVO (G82),2026-05-17 00:42:09.548932
53,187,SP 10,PROAM,3,Link,34,----LAP 34,14:10.688,8:57.978,5,BMW M4 GT4 (G82),2026-05-17 00:42:09.548932
54,180,SP 10,AM,4,Ogburn,34,2:05.793,11:11.857,8:56.749,5,BMW M4 GT4 EVO (G82),2026-05-17 00:42:09.548932
55,145,SP 10,PROAM,5,Bleekemolen,34,2:54.363,11:10.870,8:57.361,5,BMW M4 GT4 EVO (G82),2026-05-17 00:42:09.548932
56,971,Cup 3,PRO,2,Braun,34,2:57.450,12:09.207,9:00.846,4,Porsche 718 Cayman GT4 Clubsport (Typ 982),2026-05-17 00:42:09.548932
57,36,SP 9,AM,32,Scherer,34,4:11.517,11:57.971,9:05.727,5,BMW E89 Z4 (EVO 2013),2026-05-17 00:42:09.548932
58,177,SP 10,PROAM,6,Nicolae,34,4:14.531,10:54.145,9:00.667,4,BMW M4 GT4 EVO (G82),2026-05-17 00:42:09.548932
59,91,SP 7,,1,Ertl,34,5:42.266,11:49.779,8:49.797,5,Porsche 911 GT3 Cup (991),2026-05-17 00:42:09.548932
60,961,Cup 3,PRO,3,Lu,34,8:34.876,11:36.820,9:08.057,4,Porsche 718 Cayman GT4 Clubsport (Typ 982),2026-05-17 00:42:09.548932
61,949,Cup 3,AM,4,Wenisch,34,9:02.562,14:19.273,9:12.020,5,Porsche 718 Cayman GT4 Clubsport (Typ 982),2026-05-17 00:42:09.548932
62,966,Cup 3,PRO,5,Oehme,34,9:18.215,11:40.114,9:17.003,6,Porsche 718 Cayman GT4 Clubsport (Typ 982),2026-05-17 00:42:09.548932
63,90,SP 10,PROAM,7,Sagrera,34,3:57.770,10:51.396,8:59.380,5,Toyota GR Supra GT4 EVO2,2026-05-17 00:42:09.548932
64,776,TCR,,1,Gabbiani,33,----LAP 33,15:24.742,9:20.188,6,Audi RS3 LMS SEQ,2026-05-17 00:42:09.548932
65,939,Cup 3,AM,6,Schwenk,33,1:01.796,13:55.264,9:15.697,5,Porsche 718 Cayman GT4 Clubsport (Typ 982),2026-05-17 00:42:09.548932
66,171,SP 10,AM,8,Ullström,33,1:02.471,15:20.512,9:23.892,5,Porsche 718 Cayman GT4 RS CS,2026-05-17 00:42:09.548932
67,952,Cup 3,PRO,7,Kraus,33,2:57.034,11:46.208,9:27.223,4,Porsche 718 Cayman GT4 Clubsport (Typ 982),2026-05-17 00:42:09.548932
68,982,Cup 3,AM,8,Duffner,33,3:17.339,11:50.968,9:22.333,4,Porsche 718 Cayman GT4 Clubsport (Typ 982),2026-05-17 00:42:09.548932
69,945,Cup 3,AM,9,Okumura,33,4:44.655,12:19.504,9:41.427,4,Porsche 718 Cayman GT4 Clubsport (Typ 982),2026-05-17 00:42:09.548932
70,95,Cup 2,PRO,10,Rettenbacher,33,6:08.663,10:20.139,8:38.526,7,Porsche 911 GT3 Cup (992),2026-05-17 00:42:09.548932
71,13,Cup 2,AM,11,Ecke,33,6:18.736,14:38.366,9:17.807,4,Porsche 911 GT3 Cup (992),2026-05-17 00:42:09.548932
72,164,SP 10,PROAM,9,Brodmerkel,33,8:22.991,13:08.263,8:59.910,5,Porsche 718 Cayman GT4 RS CS,2026-05-17 00:42:09.548932
73,175,SP 10,AM,10,Vazquez,33,9:39.402,10:59.855,9:09.674,5,Mercedes-AMG GT4,2026-05-17 00:42:09.548932
74,999,Cup 3,PRO,10,Riemer,33,7:26.417,12:05.131,9:07.084,6,Porsche 718 Cayman GT4 Clubsport (Typ 982),2026-05-17 00:42:09.548932
75,967,Cup 3,PRO,11,Rich,32,----LAP 32,12:27.187,9:23.859,4,Porsche 718 Cayman GT4 Clubsport (Typ 982),2026-05-17 00:42:09.548932
76,169,SP 10,AM,11,Sander,32,1:28.481,11:22.768,9:17.197,4,Aston Martin Vantage AMR GT4,2026-05-17 00:42:09.548932
77,317,SP 3T,,1,Haugg,32,3:21.020,11:33.965,9:34.061,5,Audi TTs,2026-05-17 00:42:09.548932
78,969,Cup 3,AM,12,Stewart,32,3:32.712,14:42.301,9:27.071,4,Porsche 718 Cayman GT4 Clubsport (Typ 982),2026-05-17 00:42:09.548932
79,37,SP 9,AM,33,Wahl,32,3:38.052,10:58.050,8:37.093,6,Aston Martin Vantage AMR GT3,2026-05-17 00:42:09.548932
80,978,Cup 3,AM,13,Lamsouguer,32,4:32.263,11:59.053,9:33.831,4,Porsche 718 Cayman GT4 Clubsport (Typ 982),2026-05-17 00:42:09.548932
81,977,Cup 3,AM,14,Zimmermann,32,7:24.434,11:51.011,9:48.521,4,Porsche 718 Cayman GT4 Clubsport (Typ 982),2026-05-17 00:42:09.548932
82,898,BMW,,1,Dacher,32,8:17.052,11:22.392,9:44.883,4,BMW M2 Racing (G87)*,2026-05-17 00:42:09.548932
83,396,V6,,1,Büllesbach,32,8:39.539,11:50.248,9:38.681,5,Porsche Cayman S*,2026-05-17 00:42:09.548932
84,519,VT2 Hecka,,1,Tack,32,9:00.779,11:50.323,9:48.700,4,Toyota Supra*,2026-05-17 00:42:09.548932
85,878,BMW,,2,Schlichenmeier,32,10:33.621,11:32.509,9:51.694,5,BMW M2 Racing (G87)*,2026-05-17 00:42:09.548932
86,50,SP 4T,,2,Hammel,32,,12:43.149,8:57.956,5,VW Golf GTI Clubsport 24h,2026-05-17 00:42:09.548932
87,480,VT2 Front,,1,Dupré,32,10:49.277,11:43.998,9:49.819,6,Audi S3-Lim*,2026-05-17 00:42:09.548932
88,500,VT2 Hecka,,2,Zils,31,----LAP 31,14:13.527,9:49.234,4,BMW 330i*,2026-05-17 00:42:09.548932
89,577,TCR,,2,Rosam,31,25.748,14:29.589,9:25.597,4,Cupra Leon Competición TCR,2026-05-17 00:42:09.548932
90,669,BMW M240i,,1,Petrolo,31,39.897,11:36.917,9:43.196,4,BMW M240i Racing Cup*,2026-05-17 00:42:09.548932
91,658,BMW M240i,,2,Sari,31,2:14.027,14:18.871,9:58.764,5,BMW M240i Racing Cup*,2026-05-17 00:42:09.548932
92,321,SP 3T,,2,Mache,31,2:57.652,11:04.483,9:20.461,7,VW GOLF 7 GTI TCR DSG,2026-05-17 00:42:09.548932
93,652,BMW M240i,,3,Opran,31,3:05.737,11:26.506,9:37.792,5,BMW M240i Racing Cup*,2026-05-17 00:42:09.548932
94,170,SP 10,,12,Koyama,31,3:53.783,12:04.323,9:00.540,5,Toyota GR Supra GT4 EVO2,2026-05-17 00:42:09.548932
95,448,V6,,2,Müller,31,3:57.912,11:29.673,9:38.614,6,Porsche Cayman S*,2026-05-17 00:42:09.548932
96,665,BMW M240i,,4,Reinhard,31,4:23.811,11:37.264,9:41.802,5,BMW M240i Racing Cup*,2026-05-17 00:42:09.548932
97,653,BMW M240i,,5,Fitzgerald,31,4:35.574,11:53.340,9:45.564,6,BMW M240i Racing Cup*,2026-05-17 00:42:09.548932
98,471,VT2 Front,,2,Eichhorn,31,8:07.168,11:39.860,9:59.750,5,Cupra Leon KL*,2026-05-17 00:42:09.548932
99,444,V5,,1,Korn,31,9:11.266,11:47.663,9:54.131,5,Porsche Cayman CM12*,2026-05-17 00:42:09.548932
100,474,VT2 Front,,3,Hrubesch,31,9:27.980,12:34.655,10:15.189,5,VW Golf GTI *,2026-05-17 00:42:09.548932
101,40,SP 9,AM,34,Posavac,31,9:29.405,11:14.612,8:53.859,4,BMW E89 Z4 (EVO 2013),2026-05-17 00:42:09.548932
102,941,Cup 3,PRO,15,van der Snel,31,,10:29.524,9:05.659,4,Porsche 718 Cayman GT4 Clubsport (Typ 982),2026-05-17 00:42:09.548932
103,89,TCR,,3,Groneck,31,10:40.791,11:36.253,9:55.499,5,VW GOLF 7 GTI TCR DSG,2026-05-17 00:42:09.548932
104,524,VT2 Hecka,,3,Ooms,31,11:24.029,14:49.647,9:48.602,4,Toyota Supra*,2026-05-17 00:42:09.548932
105,454,V5,,2,Hansen,30,----LAP 30,12:44.455,10:10.380,4,Porsche Cayman CM12*,2026-05-17 00:42:09.548932
106,670,BMW M240i,,6,Paviot,30,09.679,15:10.843,9:58.466,5,BMW M240i Racing Cup*,2026-05-17 00:42:09.548932
107,870,BMW,,3,Kreutzpointner,30,35.534,12:48.925,9:46.793,5,BMW M2 Racing (G87)*,2026-05-17 00:42:09.548932
108,520,VT2 Hecka,,4,Horino,30,4:02.855,15:21.149,9:56.492,4,Toyota Supra*,2026-05-17 00:42:09.548932
109,667,BMW M240i,,7,Fontes,30,5:53.763,15:43.246,9:49.349,5,BMW M240i Racing Cup*,2026-05-17 00:42:09.548932
110,503,VT2 Hecka,,5,Ehrhardt,30,7:18.131,12:26.495,10:07.362,5,Toyota Supra*,2026-05-17 00:42:09.548932
111,420,SP 7,,2,Schöni,30,8:44.061,12:10.508,9:15.838,4,Porsche 718 Cayman GT4 Clubsport (Typ 982),2026-05-17 00:42:09.548932
112,651,BMW M240i,,8,Silva,30,10:23.042,11:40.582,9:38.161,5,BMW M240i Racing Cup*,2026-05-17 00:42:09.548932
113,100,BMW 325i,,1,Gruber,30,11:55.456,13:51.124,10:21.172,3,BMW 325i*,2026-05-17 00:42:09.548932
114,472,VT2 Front,,4,Füting,30,6:58.171,13:46.616,10:15.934,5,Cupra Leon KL*,2026-05-17 00:42:09.548932
115,821,SP 3T,,3,Epp,29,----LAP 29,11:26.989,9:40.639,6,Audi RS3 LMS DSG*,2026-05-17 00:42:09.548932
116,650,BMW M240i,,9,Fübrich,29,58.448,13:41.324,9:29.559,5,BMW M240i Racing Cup*,2026-05-17 00:42:09.548932
117,418,V6,,3,Lamadrid,29,2:48.419,13:13.372,10:12.681,6,Porsche Cayman S*,2026-05-17 00:42:09.548932
118,514,VT2 Hecka,,6,De Groot,29,3:14.949,14:01.960,9:47.916,4,BMW 330i*,2026-05-17 00:42:09.548932
119,415,V6,,4,Arnold,29,6:15.514,11:17.984,9:39.386,5,Porsche 911 Carrera*,2026-05-17 00:42:09.548932
120,320,AT2,,2,López Cesaratto,29,7:06.462,10:43.146,8:57.689,5,Porsche 911 GT3 Cup (992.1),2026-05-17 00:42:09.548932
121,979,Cup 3,PRO,16,Surzyshyn,29,9:15.430,52:13.098,9:18.187,5,Porsche 718 Cayman GT4 Clubsport (Typ 982),2026-05-17 00:42:09.548932
122,959,Cup 3,PRO,17,Haughton,29,9:19.188,10:55.426,9:01.126,4,Porsche 718 Cayman GT4 Clubsport (Typ 982),2026-05-17 00:42:09.548932
123,101,BMW 325i,,2,Schwolow,28,----LAP 28,16:18.352,10:43.196,4,BMW 325i (e90)*,2026-05-17 00:42:09.548932
124,505,VT2 Hecka,,7,Van Vooren,28,1:14.953,12:35.313,10:43.608,4,BMW 330i*,2026-05-17 00:42:09.548932
125,112,BMW 325i,,3,Küpper,28,5:49.005,15:25.422,10:33.637,5,BMW 325i (e90)*,2026-05-17 00:42:09.548932
126,445,V5,,3,Welker,28,11:07.791,13:28.341,10:41.778,5,Porsche Cayman CM12*,2026-05-17 00:42:09.548932
127,455,V5,,4,Trinius,28,,22:54.838,10:35.030,5,Porsche Cayman CM12*,2026-05-17 00:42:09.548932
128,303,SP 4T,,3,Shin,28,5:20.514,13:21.674,9:29.769,4,Hyundai Motor Company ELANTRAN1 RP,2026-05-17 00:42:09.548932
129,830,TCR,,4,Basseng,28,10:17.904,11:43.614,8:54.740,5,Hyundai Motor Company ELANTRA N TCR,2026-05-17 00:42:09.548932
130,440,V5,,5,Ebener,27,----LAP 27,11:57.419,10:09.194,5,Porsche Cayman CM12*,2026-05-17 00:42:09.548932
131,477,VT2 Front,,5,Mennecke,27,30.365,13:18.035,10:56.392,5,VW Scirocco R TSI*,2026-05-17 00:42:09.548932
132,380,SP 2T,,1,Schäffer,27,1:31.886,19:09.641,10:43.078,4,Opel Corsa GS Line 130*,2026-05-17 00:42:09.548932
133,152,SP 4,,1,Koger,27,2:09.769,20:12.305,11:21.667,4,BMW 325CI*,2026-05-17 00:42:09.548932
134,10,SP 3T,,4,Lenz,27,5:23.635,11:26.459,9:32.312,6,VW Golf GTI Clubsport 24h,2026-05-17 00:42:09.548932
135,300,SP 3T,,5,Geilfus,27,8:10.793,13:02.217,10:22.613,6,Dacia Logan,2026-05-17 00:42:09.548932
136,82,SP 7,,3,Schröder,27,10:15.041,11:30.565,9:42.820,6,Porsche 718 Cayman GT4 Clubsport (Typ 982),2026-05-17 00:42:09.548932
137,109,SP 2T,,2,Oshima,27,11:11.165,18:49.537,9:33.699,6,Toyota GR Yaris,2026-05-17 00:42:09.548932
138,59,SP 8T,,1,Weishar,26,----LAP 26,14:35.374,8:57.891,4,McLaren Artura Trophy Evo,2026-05-17 00:42:09.548932
139,786,SP 9,AM,35,Nana,26,,15:57.033,8:28.245,6,Lamborghini Huracan GT3 EVO2,2026-05-17 00:42:09.548932
140,302,SP 4T,,4,Azcona,25,----LAP 25,13:07.400,9:21.541,3,Hyundai Motor Company ELANTRAN1 RP,2026-05-17 00:42:09.548932
141,911,SP 9,PRO,36,Estre,24,----LAP 24,12:05.638,8:13.671,3,Porsche 911 GT3 R (992) Evo26,2026-05-17 00:42:09.548932
142,64,SP 9,PRO,37,Maini,24,1:16.175,9:15.199,8:14.825,3,Ford Mustang GT3 EVO (2026),2026-05-17 00:42:09.548932
143,677,BMW M240i,,10,Tauber,24,1:57:46.141,14:42.815,10:17.190,5,BMW M240i Racing Cup*,2026-05-17 00:42:09.548932
144,800,SP 3T,,6,Oepen,23,----LAP 23,15:44.814,9:44.296,7,VW GOLF 7 GTI TCR DSG,2026-05-17 00:42:09.548932
145,76,SP 4T,,5,Hochwind,21,----LAP 21,1:26:49.596,9:03.336,5,VW Golf GTI Clubsport 24h,2026-05-17 00:42:09.548932
146,569,VT2 Hecka,,8,Van‘t veer,20,----LAP 20,14:14.953,10:14.652,5,BMW 328i*,2026-05-17 00:42:09.548932
147,501,VT2 Hecka,,9,Vortkamp,17,----LAP 17,13:48.642,10:19.031,3,BMW 330i*,2026-05-17 00:42:09.548932
148,808,SP 3T,,7,Geon,17,2:42:45.034,16:54.324,10:03.234,2,Cupra TCR DSG,2026-05-17 00:42:09.548932
149,108,BMW 325i,,4,Grilli,16,----LAP 16,17:57.423,10:40.183,4,BMW 325i (e90)*,2026-05-17 00:42:09.548932
150,277,SP 3,,1,Harris,16,,27:12.894,10:17.533,5,BMW 318ti (E36)*,2026-05-17 00:42:09.548932
151,16,SP 9,PRO,38,Sims,16,,20:15.798,8:13.543,3,Audi R8 LMS GT3 evo II,2026-05-17 00:42:09.548932
152,47,SP 9,PRO,39,Krohn,15,----LAP 15,9:34.941,8:13.404,2,Mercedes-AMG GT3,2026-05-17 00:42:09.548932
153,189,SP 10,AM,13,Kroll,15,23:04.326,13:14.547,9:02.852,2,BMW M4 GT4 EVO (G82),2026-05-17 00:42:09.548932
154,45,SP 9,PRO,40,Vermeulen,14,----LAP 14,12:21.623,8:12.515,2,Ferrari 296 GT3 Evo26,2026-05-17 00:42:09.548932
155,75,AT1,PROAM,2,Fugel,11,----LAP 11,8:31.376,8:20.316,1,Audi R8 LMS GT3 evo II,2026-05-17 00:42:09.548932
156,195,BMW M240i,,11,Hoenjet,10,----LAP 10,10:18.132,9:31.981,1,BMW M240i Racing Cup*,2026-05-17 00:42:09.548932
157,110,SP 2T,,3,Sasaki,7,----LAP 7,12:50.416,11:05.842,2,Toyota GR Yaris,2026-05-17 00:42:09.548932
158,410,V6,,5,Croci,6,----LAP 6,10:08.339,10:20.292,1,Porsche Cayman GTS*,2026-05-17 00:42:09.548932
159,35,SP 9,PROAM,41,Fernandez Laser,4,----LAP 4,10:19.256,8:29.335,1,Aston Martin Vantage AMR GT3 EVO,2026-05-17 00:42:09.548932
NormalQualified,NormalQualified,NormalQualified,NormalQualified,NormalQualified,NormalQualified,NormalQualified,NormalQualified,NormalQualified,NormalQualified,NormalQualified,NormalQualified,2026-05-17 00:42:09.548932
1,3,SP 9,PRO,1,Auer,38,----LAP 38,9:46.909,8:13.690,5,Mercedes-AMG GT3,2026-05-17 00:42:39.713936
2,80,SP 9,PRO,2,Schiller,38,01.100,9:46.499,8:14.337,5,Mercedes-AMG GT3,2026-05-17 00:42:39.713936
3,34,SP 9,PRO,3,Drudi,38,2:31.784,9:54.983,8:17.432,5,Aston Martin Vantage AMR GT3 EVO,2026-05-17 00:42:39.713936
4,99,SP 9,PRO,4,Harper,38,2:41.603,9:36.895,8:18.953,5,BMW M4 GT3 EVO,2026-05-17 00:42:39.713936
5,81,SP-X,PRO,1,de Phillippi,38,3:09.802,10:22.802,8:17.045,5,BMW M3 Touring 24h,2026-05-17 00:42:39.713936
6,44,SP 9,PRO,5,Bachler,38,3:12.824,10:06.254,8:17.284,5,Porsche 911 GT3 R (992) Evo26,2026-05-17 00:42:39.713936
7,24,SP 9,PRO,6,Vanthoor,38,4:13.745,11:06.357,8:18.141,4,Porsche 911 GT3 R (992) Evo26,2026-05-17 00:42:39.713936
8,1,SP 9,PRO,7,Farfus,38,5:48.809,9:57.631,8:16.257,5,BMW M4 GT3 EVO,2026-05-17 00:42:39.713936
9,67,SP 9,PRO,8,Vervisch,38,6:05.863,10:03.541,8:16.169,5,Ford Mustang GT3 EVO (2026),2026-05-17 00:42:39.713936
10,65,SP 9,PROAM,9,Caresani,38,6:38.811,9:57.456,8:15.271,5,Ford Mustang GT3 EVO (2026),2026-05-17 00:42:39.713936
11,54,SP 9,PRO,10,Christensen,38,6:24.454,10:51.396,8:21.411,5,Porsche 911 GT3 R (992) Evo26,2026-05-17 00:42:39.713936
12,86,SP 9,PROAM,11,King,38,7:05.298,9:24.801,8:24.189,5,Porsche 911 GT3 R (992) Evo26,2026-05-17 00:42:39.713936
13,26,SP 9,PRO,12,Böckmann,37,----LAP 37,9:56.205,8:14.685,5,Mercedes-AMG GT3,2026-05-17 00:42:39.713936
14,84,SP 9,PRO,13,Bortolotti,37,09.730,9:52.288,8:11.149,5,Lamborghini Huracan GT3 EVO2,2026-05-17 00:42:39.713936
15,77,SP 9,PRO,14,Frijns,37,59.558,10:24.817,8:14.452,5,BMW M4 GT3 EVO,2026-05-17 00:42:39.713936
16,48,SP 9,PROAM,15,Müller,37,1:12.657,10:17.979,8:17.605,5,Porsche 911 GT3 R (992) Evo26,2026-05-17 00:42:39.713936
17,11,SP 9,PROAM,16,Härtling,37,1:21.707,10:15.253,8:19.388,5,Mercedes-AMG GT3,2026-05-17 00:42:39.713936
18,55,SP 9,PRO,17,Sturm,37,1:46.499,10:06.096,8:27.508,6,Porsche 911 GT3 R (992) Evo26,2026-05-17 00:42:39.713936
19,18,SP 9,PROAM,18,Kolb,37,2:25.197,9:52.824,8:24.640,5,Porsche 911 GT3 R (992) Evo26,2026-05-17 00:42:39.713936
20,17,SP 9,PRO,19,Menzel,37,2:33.938,9:36.782,8:18.394,6,Porsche 911 GT3 R (992) Evo26,2026-05-17 00:42:39.713936
21,69,SP 9,PRO,20,Dörr,37,3:47.824,10:03.009,8:18.493,5,McLaren 720S-GT3,2026-05-17 00:42:39.713936
22,123,SP 9,PROAM,21,Brundle,37,4:54.815,9:55.584,8:25.985,5,Porsche 911 GT3 R (992) Evo26,2026-05-17 00:42:39.713936
23,7,SP 9,PRO,22,Paul,37,5:01.048,9:50.406,8:14.446,5,Lamborghini Huracan GT3 EVO2,2026-05-17 00:42:39.713936
24,5,SP 9,AM,23,Kiefer,37,5:35.264,10:14.902,8:18.760,5,Porsche 911 GT3 R (992) Evo26,2026-05-17 00:42:39.713936
25,4,SP 9,PROAM,24,Fontana,37,5:49.702,10:03.121,8:22.099,5,Porsche 911 GT3 R (992) Evo26,2026-05-17 00:42:39.713936
26,30,SP 9,PROAM,25,Seefried,37,7:25.470,10:32.804,8:24.267,5,Porsche 911 GT3 R (992) Evo26,2026-05-17 00:42:39.713936
27,39,SP 9,PROAM,26,Hantke,37,8:46.717,10:36.610,8:28.420,5,Aston Martin Vantage AMR GT3 EVO,2026-05-17 00:42:39.713936
28,32,SP 9,PROAM,27,Nakayama,36,----LAP 36,12:49.674,8:31.507,5,Mercedes-AMG GT3,2026-05-17 00:42:39.713936
29,130,SP 9,PRO,28,Yelloly,36,2:22.034,23:54.448,8:14.351,5,Lamborghini Huracan GT3 EVO2,2026-05-17 00:42:39.713936
30,66,SP-X,PROAM,2,Hörr,36,2:36.353,10:54.172,8:31.491,5,KTM X-Bow GTX,2026-05-17 00:42:39.713936
31,900,Cup 2,PRO,1,Meijer,36,3:38.670,10:25.087,8:31.415,4,Porsche 911 GT3 Cup (992),2026-05-17 00:42:39.713936
32,902,Cup 2,PRO,2,Rennhofer,36,4:26.102,10:16.282,8:31.047,4,Porsche 911 GT3 Cup (992),2026-05-17 00:42:39.713936
33,918,Cup 2,PRO,3,Scheerbarth,36,6:54.264,10:38.620,8:32.495,4,Porsche 911 GT3 Cup (992),2026-05-17 00:42:39.713936
34,71,SP 9,PROAM,29,Kaffer,36,7:17.897,10:21.220,8:27.786,5,Audi R8 LMS GT3 evo II,2026-05-17 00:42:39.713936
35,19,AT1,PROAM,1,Coronel,35,----LAP 35,10:11.285,8:26.868,5,Audi R8 LMS GT3 evo II,2026-05-17 00:42:39.713936
36,61,SP-X,PRO,3,Arnold,35,2:36.823,10:47.814,8:49.118,5,HWA EVO.R,2026-05-17 00:42:39.713936
37,8,SP 9,AM,30,Veremenko,35,3:29.303,10:15.222,8:31.131,5,Audi R8 LMS GT3 evo II,2026-05-17 00:42:39.713936
38,992,SP-PRO,PROAM,1,Griesemann,35,3:30.969,13:55.477,8:36.238,5,Porsche 911 GT3 CUP MR,2026-05-17 00:42:39.713936
39,62,SP-X,PRO,4,Adelson,35,4:57.540,11:59.157,8:44.071,4,HWA EVO.R,2026-05-17 00:42:39.713936
40,925,Cup 2,PRO,4,Miller,35,5:47.121,10:27.198,8:50.061,4,Porsche 911 GT3 Cup (992),2026-05-17 00:42:39.713936
41,909,Cup 2,AM,5,Messenger,35,6:26.123,12:26.851,8:38.719,4,Porsche 911 GT3 Cup (992),2026-05-17 00:42:39.713936
42,904,Cup 2,AM,6,Kranz,35,6:56.285,10:24.706,8:34.272,5,Porsche 911 GT3 Cup (992),2026-05-17 00:42:39.713936
43,632,AT2,,1,Charoudin,35,7:33.704,11:15.362,8:33.391,5,Porsche 911 GT3 Cup (992.1),2026-05-17 00:42:39.713936
44,63,SP-X,PRO,5,Holstad,35,7:35.049,11:28.028,8:50.353,5,HWA EVO.R,2026-05-17 00:42:39.713936
45,88,SP 4T,,1,Van Dam,35,8:09.277,11:48.582,8:58.132,4,Subaru WRX,2026-05-17 00:42:39.713936
46,962,Cup 3,PRO,1,Wiedmann,35,8:20.558,11:10.411,9:00.773,4,Porsche 718 Cayman GT4 Clubsport (Typ 982),2026-05-17 00:42:39.713936
47,908,Cup 2,AM,7,Mühlenz,35,8:54.277,11:10.716,8:48.446,4,Porsche 911 GT3 Cup (992),2026-05-17 00:42:39.713936
48,919,Cup 2,PRO,8,Chrzanowski,35,9:11.411,10:38.903,8:34.385,5,Porsche 911 GT3 Cup (992),2026-05-17 00:42:39.713936
49,176,SP 10,PROAM,1,de Oliveira,35,9:21.171,10:55.161,9:00.405,4,Mercedes-AMG GT4,2026-05-17 00:42:39.713936
50,888,SP 10,PROAM,2,Wiskirchen,35,9:22.534,10:51.962,8:54.980,4,BMW M4 GT4 EVO (G82),2026-05-17 00:42:39.713936
51,33,SP 9,PROAM,31,Di Martino,35,,15:55.817,8:33.316,6,Audi R8 LMS GT3 evo II,2026-05-17 00:42:39.713936
52,777,Cup 2,AM,9,Jönsson,35,8:29.597,12:21.347,8:37.406,5,Porsche 911 GT3 Cup (992),2026-05-17 00:42:39.713936
53,187,SP 10,PROAM,3,Link,34,----LAP 34,14:10.688,8:57.978,5,BMW M4 GT4 (G82),2026-05-17 00:42:39.713936
54,180,SP 10,AM,4,Ogburn,34,2:05.793,11:11.857,8:56.749,5,BMW M4 GT4 EVO (G82),2026-05-17 00:42:39.713936
55,145,SP 10,PROAM,5,Bleekemolen,34,2:54.363,11:10.870,8:57.361,5,BMW M4 GT4 EVO (G82),2026-05-17 00:42:39.713936
56,971,Cup 3,PRO,2,Braun,34,2:57.450,12:09.207,9:00.846,4,Porsche 718 Cayman GT4 Clubsport (Typ 982),2026-05-17 00:42:39.713936
57,36,SP 9,AM,32,Scherer,34,4:11.517,11:57.971,9:05.727,5,BMW E89 Z4 (EVO 2013),2026-05-17 00:42:39.713936
58,177,SP 10,PROAM,6,Nicolae,34,4:14.531,10:54.145,9:00.667,4,BMW M4 GT4 EVO (G82),2026-05-17 00:42:39.713936
59,91,SP 7,,1,Ertl,34,5:42.266,11:49.779,8:49.797,5,Porsche 911 GT3 Cup (991),2026-05-17 00:42:39.713936
60,961,Cup 3,PRO,3,Lu,34,8:34.876,11:36.820,9:08.057,4,Porsche 718 Cayman GT4 Clubsport (Typ 982),2026-05-17 00:42:39.713936
61,949,Cup 3,AM,4,Wenisch,34,9:02.562,14:19.273,9:12.020,5,Porsche 718 Cayman GT4 Clubsport (Typ 982),2026-05-17 00:42:39.713936
62,966,Cup 3,PRO,5,Oehme,34,9:18.215,11:40.114,9:17.003,6,Porsche 718 Cayman GT4 Clubsport (Typ 982),2026-05-17 00:42:39.713936
63,90,SP 10,PROAM,7,Sagrera,34,3:57.770,10:51.396,8:59.380,5,Toyota GR Supra GT4 EVO2,2026-05-17 00:42:39.713936
64,776,TCR,,1,Gabbiani,33,----LAP 33,15:24.742,9:20.188,6,Audi RS3 LMS SEQ,2026-05-17 00:42:39.713936
65,939,Cup 3,AM,6,Schwenk,33,1:01.796,13:55.264,9:15.697,5,Porsche 718 Cayman GT4 Clubsport (Typ 982),2026-05-17 00:42:39.713936
66,171,SP 10,AM,8,Ullström,33,1:02.471,15:20.512,9:23.892,5,Porsche 718 Cayman GT4 RS CS,2026-05-17 00:42:39.713936
67,952,Cup 3,PRO,7,Kraus,33,2:57.034,11:46.208,9:27.223,4,Porsche 718 Cayman GT4 Clubsport (Typ 982),2026-05-17 00:42:39.713936
68,982,Cup 3,AM,8,Duffner,33,3:17.339,11:50.968,9:22.333,4,Porsche 718 Cayman GT4 Clubsport (Typ 982),2026-05-17 00:42:39.713936
69,945,Cup 3,AM,9,Okumura,33,4:44.655,12:19.504,9:41.427,4,Porsche 718 Cayman GT4 Clubsport (Typ 982),2026-05-17 00:42:39.713936
70,95,Cup 2,PRO,10,Rettenbacher,33,6:08.663,10:20.139,8:38.526,7,Porsche 911 GT3 Cup (992),2026-05-17 00:42:39.713936
71,13,Cup 2,AM,11,Ecke,33,6:18.736,14:38.366,9:17.807,4,Porsche 911 GT3 Cup (992),2026-05-17 00:42:39.713936
72,164,SP 10,PROAM,9,Brodmerkel,33,8:26.762,13:08.263,8:59.910,5,Porsche 718 Cayman GT4 RS CS,2026-05-17 00:42:39.713936
73,175,SP 10,AM,10,Vazquez,33,9:39.402,10:59.855,9:09.674,5,Mercedes-AMG GT4,2026-05-17 00:42:39.713936
74,999,Cup 3,PRO,10,Riemer,33,7:26.417,12:05.131,9:07.084,6,Porsche 718 Cayman GT4 Clubsport (Typ 982),2026-05-17 00:42:39.713936
75,967,Cup 3,PRO,11,Rich,32,----LAP 32,12:27.187,9:23.859,4,Porsche 718 Cayman GT4 Clubsport (Typ 982),2026-05-17 00:42:39.713936
76,169,SP 10,AM,11,Sander,32,1:28.481,11:22.768,9:17.197,4,Aston Martin Vantage AMR GT4,2026-05-17 00:42:39.713936
77,317,SP 3T,,1,Haugg,32,3:21.020,11:33.965,9:34.061,5,Audi TTs,2026-05-17 00:42:39.713936
78,969,Cup 3,AM,12,Stewart,32,3:32.712,14:42.301,9:27.071,4,Porsche 718 Cayman GT4 Clubsport (Typ 982),2026-05-17 00:42:39.713936
79,37,SP 9,AM,33,Wahl,32,3:38.052,10:58.050,8:37.093,6,Aston Martin Vantage AMR GT3,2026-05-17 00:42:39.713936
80,978,Cup 3,AM,13,Lamsouguer,32,4:32.263,11:59.053,9:33.831,4,Porsche 718 Cayman GT4 Clubsport (Typ 982),2026-05-17 00:42:39.713936
81,977,Cup 3,AM,14,Zimmermann,32,7:24.434,11:51.011,9:48.521,4,Porsche 718 Cayman GT4 Clubsport (Typ 982),2026-05-17 00:42:39.713936
82,898,BMW,,1,Dacher,32,8:17.052,11:22.392,9:44.883,4,BMW M2 Racing (G87)*,2026-05-17 00:42:39.713936
83,396,V6,,1,Büllesbach,32,8:39.539,11:50.248,9:38.681,5,Porsche Cayman S*,2026-05-17 00:42:39.713936
84,519,VT2 Hecka,,1,Tack,32,9:00.779,11:50.323,9:48.700,4,Toyota Supra*,2026-05-17 00:42:39.713936
85,878,BMW,,2,Schlichenmeier,32,10:33.621,11:32.509,9:51.694,5,BMW M2 Racing (G87)*,2026-05-17 00:42:39.713936
86,50,SP 4T,,2,Hammel,32,,12:43.149,8:57.956,5,VW Golf GTI Clubsport 24h,2026-05-17 00:42:39.713936
87,480,VT2 Front,,1,Dupré,32,10:49.277,11:43.998,9:49.819,6,Audi S3-Lim*,2026-05-17 00:42:39.713936
88,500,VT2 Hecka,,2,Zils,32,10:57.000,11:30.812,9:49.234,4,BMW 330i*,2026-05-17 00:42:39.713936
89,577,TCR,,2,Rosam,31,----LAP 31,14:29.589,9:25.597,4,Cupra Leon Competición TCR,2026-05-17 00:42:39.713936
90,669,BMW M240i,,1,Petrolo,31,13.568,11:36.917,9:43.196,4,BMW M240i Racing Cup*,2026-05-17 00:42:39.713936
91,658,BMW M240i,,2,Sari,31,1:30.970,14:18.871,9:58.764,5,BMW M240i Racing Cup*,2026-05-17 00:42:39.713936
92,321,SP 3T,,2,Mache,31,2:14.595,11:04.483,9:20.461,7,VW GOLF 7 GTI TCR DSG,2026-05-17 00:42:39.713936
93,652,BMW M240i,,3,Opran,31,2:22.680,11:26.506,9:37.792,5,BMW M240i Racing Cup*,2026-05-17 00:42:39.713936
94,170,SP 10,,12,Koyama,31,3:10.726,12:04.323,9:00.540,5,Toyota GR Supra GT4 EVO2,2026-05-17 00:42:39.713936
95,448,V6,,2,Müller,31,3:14.855,11:29.673,9:38.614,6,Porsche Cayman S*,2026-05-17 00:42:39.713936
96,665,BMW M240i,,4,Reinhard,31,3:40.754,11:37.264,9:41.802,5,BMW M240i Racing Cup*,2026-05-17 00:42:39.713936
97,653,BMW M240i,,5,Fitzgerald,31,3:52.517,11:53.340,9:45.564,6,BMW M240i Racing Cup*,2026-05-17 00:42:39.713936
98,471,VT2 Front,,2,Eichhorn,31,7:13.001,11:39.860,9:59.750,5,Cupra Leon KL*,2026-05-17 00:42:39.713936
99,444,V5,,1,Korn,31,8:10.668,11:47.663,9:54.131,5,Porsche Cayman CM12*,2026-05-17 00:42:39.713936
100,474,VT2 Front,,3,Hrubesch,31,8:27.382,12:34.655,10:15.189,5,VW Golf GTI *,2026-05-17 00:42:39.713936
101,40,SP 9,AM,34,Posavac,31,8:28.807,11:14.612,8:53.859,4,BMW E89 Z4 (EVO 2013),2026-05-17 00:42:39.713936
102,941,Cup 3,PRO,15,van der Snel,31,,10:29.524,9:05.659,4,Porsche 718 Cayman GT4 Clubsport (Typ 982),2026-05-17 00:42:39.713936
103,89,TCR,,3,Groneck,31,9:38.510,11:36.253,9:55.499,5,VW GOLF 7 GTI TCR DSG,2026-05-17 00:42:39.713936
104,524,VT2 Hecka,,3,Ooms,31,10:17.878,14:49.647,9:48.602,4,Toyota Supra*,2026-05-17 00:42:39.713936
105,454,V5,,2,Hansen,31,10:29.079,13:21.370,10:10.380,4,Porsche Cayman CM12*,2026-05-17 00:42:39.713936
106,670,BMW M240i,,6,Paviot,30,----LAP 30,15:10.843,9:58.466,5,BMW M240i Racing Cup*,2026-05-17 00:42:39.713936
107,870,BMW,,3,Kreutzpointner,30,24.856,12:48.925,9:46.793,5,BMW M2 Racing (G87)*,2026-05-17 00:42:39.713936
108,520,VT2 Hecka,,4,Horino,30,3:29.330,15:21.149,9:56.492,4,Toyota Supra*,2026-05-17 00:42:39.713936
109,667,BMW M240i,,7,Fontes,30,5:11.062,15:43.246,9:49.349,5,BMW M240i Racing Cup*,2026-05-17 00:42:39.713936
110,503,VT2 Hecka,,5,Ehrhardt,30,6:22.997,12:26.495,10:07.362,5,Toyota Supra*,2026-05-17 00:42:39.713936
111,420,SP 7,,2,Schöni,30,7:48.927,12:10.508,9:15.838,4,Porsche 718 Cayman GT4 Clubsport (Typ 982),2026-05-17 00:42:39.713936
112,651,BMW M240i,,8,Silva,30,9:21.965,11:40.582,9:38.161,5,BMW M240i Racing Cup*,2026-05-17 00:42:39.713936
113,100,BMW 325i,,1,Gruber,30,10:54.481,13:51.124,10:21.172,3,BMW 325i*,2026-05-17 00:42:39.713936
114,472,VT2 Front,,4,Füting,30,5:57.629,13:46.616,10:15.934,5,Cupra Leon KL*,2026-05-17 00:42:39.713936
115,821,SP 3T,,3,Epp,29,----LAP 29,11:26.989,9:40.639,6,Audi RS3 LMS DSG*,2026-05-17 00:42:39.713936
116,650,BMW M240i,,9,Fübrich,29,58.448,13:41.324,9:29.559,5,BMW M240i Racing Cup*,2026-05-17 00:42:39.713936
117,418,V6,,3,Lamadrid,29,2:48.419,13:13.372,10:12.681,6,Porsche Cayman S*,2026-05-17 00:42:39.713936
118,514,VT2 Hecka,,6,De Groot,29,3:14.949,14:01.960,9:47.916,4,BMW 330i*,2026-05-17 00:42:39.713936
119,415,V6,,4,Arnold,29,6:15.514,11:17.984,9:39.386,5,Porsche 911 Carrera*,2026-05-17 00:42:39.713936
120,320,AT2,,2,López Cesaratto,29,7:06.462,10:43.146,8:57.689,5,Porsche 911 GT3 Cup (992.1),2026-05-17 00:42:39.713936
121,979,Cup 3,PRO,16,Surzyshyn,29,9:15.430,52:13.098,9:18.187,5,Porsche 718 Cayman GT4 Clubsport (Typ 982),2026-05-17 00:42:39.713936
122,959,Cup 3,PRO,17,Haughton,29,9:19.188,10:55.426,9:01.126,4,Porsche 718 Cayman GT4 Clubsport (Typ 982),2026-05-17 00:42:39.713936
123,101,BMW 325i,,2,Schwolow,28,----LAP 28,16:18.352,10:43.196,4,BMW 325i (e90)*,2026-05-17 00:42:39.713936
124,505,VT2 Hecka,,7,Van Vooren,28,1:14.953,12:35.313,10:43.608,4,BMW 330i*,2026-05-17 00:42:39.713936
125,112,BMW 325i,,3,Küpper,28,5:49.005,15:25.422,10:33.637,5,BMW 325i (e90)*,2026-05-17 00:42:39.713936
126,445,V5,,3,Welker,28,11:07.791,13:28.341,10:41.778,5,Porsche Cayman CM12*,2026-05-17 00:42:39.713936
127,455,V5,,4,Trinius,28,,22:54.838,10:35.030,5,Porsche Cayman CM12*,2026-05-17 00:42:39.713936
128,303,SP 4T,,3,Shin,28,5:20.514,13:21.674,9:29.769,4,Hyundai Motor Company ELANTRAN1 RP,2026-05-17 00:42:39.713936
129,830,TCR,,4,Basseng,28,10:17.904,11:43.614,8:54.740,5,Hyundai Motor Company ELANTRA N TCR,2026-05-17 00:42:39.713936
130,440,V5,,5,Ebener,27,----LAP 27,11:57.419,10:09.194,5,Porsche Cayman CM12*,2026-05-17 00:42:39.713936
131,477,VT2 Front,,5,Mennecke,27,30.365,13:18.035,10:56.392,5,VW Scirocco R TSI*,2026-05-17 00:42:39.713936
132,380,SP 2T,,1,Schäffer,27,1:31.886,19:09.641,10:43.078,4,Opel Corsa GS Line 130*,2026-05-17 00:42:39.713936
133,152,SP 4,,1,Koger,27,2:09.769,20:12.305,11:21.667,4,BMW 325CI*,2026-05-17 00:42:39.713936
134,10,SP 3T,,4,Lenz,27,5:23.635,11:26.459,9:32.312,6,VW Golf GTI Clubsport 24h,2026-05-17 00:42:39.713936
135,300,SP 3T,,5,Geilfus,27,8:10.793,13:02.217,10:22.613,6,Dacia Logan,2026-05-17 00:42:39.713936
136,82,SP 7,,3,Schröder,27,10:15.041,11:30.565,9:42.820,6,Porsche 718 Cayman GT4 Clubsport (Typ 982),2026-05-17 00:42:39.713936
137,109,SP 2T,,2,Oshima,27,11:11.165,18:49.537,9:33.699,6,Toyota GR Yaris,2026-05-17 00:42:39.713936
138,59,SP 8T,,1,Weishar,27,14:01.666,11:14.779,8:57.891,4,McLaren Artura Trophy Evo,2026-05-17 00:42:39.713936
139,786,SP 9,AM,35,Nana,26,----LAP 26,15:57.033,8:28.245,6,Lamborghini Huracan GT3 EVO2,2026-05-17 00:42:39.713936
140,302,SP 4T,,4,Azcona,25,----LAP 25,13:07.400,9:21.541,3,Hyundai Motor Company ELANTRAN1 RP,2026-05-17 00:42:39.713936
141,911,SP 9,PRO,36,Estre,24,----LAP 24,12:05.638,8:13.671,3,Porsche 911 GT3 R (992) Evo26,2026-05-17 00:42:39.713936
142,64,SP 9,PRO,37,Maini,24,1:16.175,9:15.199,8:14.825,3,Ford Mustang GT3 EVO (2026),2026-05-17 00:42:39.713936
143,677,BMW M240i,,10,Tauber,24,1:57:46.141,14:42.815,10:17.190,5,BMW M240i Racing Cup*,2026-05-17 00:42:39.713936
144,800,SP 3T,,6,Oepen,23,----LAP 23,15:44.814,9:44.296,7,VW GOLF 7 GTI TCR DSG,2026-05-17 00:42:39.713936
145,76,SP 4T,,5,Hochwind,21,----LAP 21,1:26:49.596,9:03.336,5,VW Golf GTI Clubsport 24h,2026-05-17 00:42:39.713936
146,569,VT2 Hecka,,8,Van‘t veer,20,----LAP 20,14:14.953,10:14.652,5,BMW 328i*,2026-05-17 00:42:39.713936
147,808,SP 3T,,7,Geon,17,----LAP 17,16:54.324,10:03.234,2,Cupra TCR DSG,2026-05-17 00:42:39.713936
148,501,VT2 Hecka,,9,Vortkamp,17,,13:48.642,10:19.031,3,BMW 330i*,2026-05-17 00:42:39.713936
149,108,BMW 325i,,4,Grilli,16,----LAP 16,17:57.423,10:40.183,4,BMW 325i (e90)*,2026-05-17 00:42:39.713936
150,277,SP 3,,1,Harris,16,,27:12.894,10:17.533,5,BMW 318ti (E36)*,2026-05-17 00:42:39.713936
151,16,SP 9,PRO,38,Sims,16,,20:15.798,8:13.543,3,Audi R8 LMS GT3 evo II,2026-05-17 00:42:39.713936
152,47,SP 9,PRO,39,Krohn,15,----LAP 15,9:34.941,8:13.404,2,Mercedes-AMG GT3,2026-05-17 00:42:39.713936
153,189,SP 10,AM,13,Kroll,15,23:04.326,13:14.547,9:02.852,2,BMW M4 GT4 EVO (G82),2026-05-17 00:42:39.713936
154,45,SP 9,PRO,40,Vermeulen,14,----LAP 14,12:21.623,8:12.515,2,Ferrari 296 GT3 Evo26,2026-05-17 00:42:39.713936
155,75,AT1,PROAM,2,Fugel,11,----LAP 11,8:31.376,8:20.316,1,Audi R8 LMS GT3 evo II,2026-05-17 00:42:39.713936
156,195,BMW M240i,,11,Hoenjet,10,----LAP 10,10:18.132,9:31.981,1,BMW M240i Racing Cup*,2026-05-17 00:42:39.713936
157,110,SP 2T,,3,Sasaki,7,----LAP 7,12:50.416,11:05.842,2,Toyota GR Yaris,2026-05-17 00:42:39.713936
158,410,V6,,5,Croci,6,----LAP 6,10:08.339,10:20.292,1,Porsche Cayman GTS*,2026-05-17 00:42:39.713936
159,35,SP 9,PROAM,41,Fernandez Laser,4,----LAP 4,10:19.256,8:29.335,1,Aston Martin Vantage AMR GT3 EVO,2026-05-17 00:42:39.713936
NormalQualified,NormalQualified,NormalQualified,NormalQualified,NormalQualified,NormalQualified,NormalQualified,NormalQualified,NormalQualified,NormalQualified,NormalQualified,NormalQualified,2026-05-17 00:42:39.713936
1,3,SP 9,PRO,1,Auer,38,----LAP 38,9:46.909,8:13.690,5,Mercedes-AMG GT3,2026-05-17 00:43:09.867494
2,80,SP 9,PRO,2,Schiller,38,01.100,9:46.499,8:14.337,5,Mercedes-AMG GT3,2026-05-17 00:43:09.867494
3,34,SP 9,PRO,3,Drudi,38,2:31.784,9:54.983,8:17.432,5,Aston Martin Vantage AMR GT3 EVO,2026-05-17 00:43:09.867494
4,99,SP 9,PRO,4,Harper,38,2:41.603,9:36.895,8:18.953,5,BMW M4 GT3 EVO,2026-05-17 00:43:09.867494
5,81,SP-X,PRO,1,de Phillippi,38,3:09.802,10:22.802,8:17.045,5,BMW M3 Touring 24h,2026-05-17 00:43:09.867494
6,44,SP 9,PRO,5,Bachler,38,3:12.824,10:06.254,8:17.284,5,Porsche 911 GT3 R (992) Evo26,2026-05-17 00:43:09.867494
7,24,SP 9,PRO,6,Vanthoor,38,4:13.745,11:06.357,8:18.141,4,Porsche 911 GT3 R (992) Evo26,2026-05-17 00:43:09.867494
8,1,SP 9,PRO,7,Farfus,38,5:48.809,9:57.631,8:16.257,5,BMW M4 GT3 EVO,2026-05-17 00:43:09.867494
9,67,SP 9,PRO,8,Vervisch,38,6:05.863,10:03.541,8:16.169,5,Ford Mustang GT3 EVO (2026),2026-05-17 00:43:09.867494
10,65,SP 9,PROAM,9,Caresani,38,6:38.811,9:57.456,8:15.271,5,Ford Mustang GT3 EVO (2026),2026-05-17 00:43:09.867494
11,54,SP 9,PRO,10,Christensen,38,6:24.454,10:51.396,8:21.411,5,Porsche 911 GT3 R (992) Evo26,2026-05-17 00:43:09.867494
12,86,SP 9,PROAM,11,King,38,7:05.298,9:24.801,8:24.189,5,Porsche 911 GT3 R (992) Evo26,2026-05-17 00:43:09.867494
13,26,SP 9,PRO,12,Böckmann,37,----LAP 37,9:56.205,8:14.685,5,Mercedes-AMG GT3,2026-05-17 00:43:09.867494
14,84,SP 9,PRO,13,Bortolotti,37,09.730,9:52.288,8:11.149,5,Lamborghini Huracan GT3 EVO2,2026-05-17 00:43:09.867494
15,77,SP 9,PRO,14,Frijns,37,59.558,10:24.817,8:14.452,5,BMW M4 GT3 EVO,2026-05-17 00:43:09.867494
16,48,SP 9,PROAM,15,Müller,37,1:12.657,10:17.979,8:17.605,5,Porsche 911 GT3 R (992) Evo26,2026-05-17 00:43:09.867494
17,11,SP 9,PROAM,16,Härtling,37,1:21.707,10:15.253,8:19.388,5,Mercedes-AMG GT3,2026-05-17 00:43:09.867494
18,55,SP 9,PRO,17,Sturm,37,1:46.499,10:06.096,8:27.508,6,Porsche 911 GT3 R (992) Evo26,2026-05-17 00:43:09.867494
19,18,SP 9,PROAM,18,Kolb,37,2:25.197,9:52.824,8:24.640,5,Porsche 911 GT3 R (992) Evo26,2026-05-17 00:43:09.867494
20,17,SP 9,PRO,19,Menzel,37,2:33.938,9:36.782,8:18.394,6,Porsche 911 GT3 R (992) Evo26,2026-05-17 00:43:09.867494
21,69,SP 9,PRO,20,Dörr,37,3:47.824,10:03.009,8:18.493,5,McLaren 720S-GT3,2026-05-17 00:43:09.867494
22,123,SP 9,PROAM,21,Brundle,37,4:54.815,9:55.584,8:25.985,5,Porsche 911 GT3 R (992) Evo26,2026-05-17 00:43:09.867494
23,7,SP 9,PRO,22,Paul,37,5:01.048,9:50.406,8:14.446,5,Lamborghini Huracan GT3 EVO2,2026-05-17 00:43:09.867494
24,5,SP 9,AM,23,Kiefer,37,5:35.264,10:14.902,8:18.760,5,Porsche 911 GT3 R (992) Evo26,2026-05-17 00:43:09.867494
25,4,SP 9,PROAM,24,Fontana,37,5:49.702,10:03.121,8:22.099,5,Porsche 911 GT3 R (992) Evo26,2026-05-17 00:43:09.867494
26,30,SP 9,PROAM,25,Seefried,37,7:25.470,10:32.804,8:24.267,5,Porsche 911 GT3 R (992) Evo26,2026-05-17 00:43:09.867494
27,39,SP 9,PROAM,26,Hantke,37,8:46.717,10:36.610,8:28.420,5,Aston Martin Vantage AMR GT3 EVO,2026-05-17 00:43:09.867494
28,32,SP 9,PROAM,27,Nakayama,36,----LAP 36,12:49.674,8:31.507,5,Mercedes-AMG GT3,2026-05-17 00:43:09.867494
29,130,SP 9,PRO,28,Yelloly,36,2:22.034,23:54.448,8:14.351,5,Lamborghini Huracan GT3 EVO2,2026-05-17 00:43:09.867494
30,66,SP-X,PROAM,2,Hörr,36,2:36.353,10:54.172,8:31.491,5,KTM X-Bow GTX,2026-05-17 00:43:09.867494
31,900,Cup 2,PRO,1,Meijer,36,3:38.670,10:25.087,8:31.415,4,Porsche 911 GT3 Cup (992),2026-05-17 00:43:09.867494
32,902,Cup 2,PRO,2,Rennhofer,36,4:26.102,10:16.282,8:31.047,4,Porsche 911 GT3 Cup (992),2026-05-17 00:43:09.867494
33,918,Cup 2,PRO,3,Scheerbarth,36,6:54.264,10:38.620,8:32.495,4,Porsche 911 GT3 Cup (992),2026-05-17 00:43:09.867494
34,71,SP 9,PROAM,29,Kaffer,36,7:17.897,10:21.220,8:27.786,5,Audi R8 LMS GT3 evo II,2026-05-17 00:43:09.867494
35,19,AT1,PROAM,1,Coronel,35,----LAP 35,10:11.285,8:26.868,5,Audi R8 LMS GT3 evo II,2026-05-17 00:43:09.867494
36,61,SP-X,PRO,3,Arnold,35,2:36.823,10:47.814,8:49.118,5,HWA EVO.R,2026-05-17 00:43:09.867494
37,8,SP 9,AM,30,Veremenko,35,3:29.303,10:15.222,8:31.131,5,Audi R8 LMS GT3 evo II,2026-05-17 00:43:09.867494
38,992,SP-PRO,PROAM,1,Griesemann,35,3:30.969,13:55.477,8:36.238,5,Porsche 911 GT3 CUP MR,2026-05-17 00:43:09.867494
39,62,SP-X,PRO,4,Adelson,35,4:57.540,11:59.157,8:44.071,4,HWA EVO.R,2026-05-17 00:43:09.867494
40,925,Cup 2,PRO,4,Miller,35,5:47.121,10:27.198,8:50.061,4,Porsche 911 GT3 Cup (992),2026-05-17 00:43:09.867494
41,909,Cup 2,AM,5,Messenger,35,6:26.123,12:26.851,8:38.719,4,Porsche 911 GT3 Cup (992),2026-05-17 00:43:09.867494
42,904,Cup 2,AM,6,Kranz,35,6:56.285,10:24.706,8:34.272,5,Porsche 911 GT3 Cup (992),2026-05-17 00:43:09.867494
43,632,AT2,,1,Charoudin,35,7:33.704,11:15.362,8:33.391,5,Porsche 911 GT3 Cup (992.1),2026-05-17 00:43:09.867494
44,63,SP-X,PRO,5,Holstad,35,7:35.049,11:28.028,8:50.353,5,HWA EVO.R,2026-05-17 00:43:09.867494
45,88,SP 4T,,1,Van Dam,35,8:09.277,11:48.582,8:58.132,4,Subaru WRX,2026-05-17 00:43:09.867494
46,962,Cup 3,PRO,1,Wiedmann,35,8:20.558,11:10.411,9:00.773,4,Porsche 718 Cayman GT4 Clubsport (Typ 982),2026-05-17 00:43:09.867494
47,908,Cup 2,AM,7,Mühlenz,35,8:54.277,11:10.716,8:48.446,4,Porsche 911 GT3 Cup (992),2026-05-17 00:43:09.867494
48,919,Cup 2,PRO,8,Chrzanowski,35,9:11.411,10:38.903,8:34.385,5,Porsche 911 GT3 Cup (992),2026-05-17 00:43:09.867494
49,176,SP 10,PROAM,1,de Oliveira,35,9:21.171,10:55.161,9:00.405,4,Mercedes-AMG GT4,2026-05-17 00:43:09.867494
50,888,SP 10,PROAM,2,Wiskirchen,35,9:22.534,10:51.962,8:54.980,4,BMW M4 GT4 EVO (G82),2026-05-17 00:43:09.867494
51,33,SP 9,PROAM,31,Di Martino,35,,15:55.817,8:33.316,6,Audi R8 LMS GT3 evo II,2026-05-17 00:43:09.867494
52,777,Cup 2,AM,9,Jönsson,35,8:29.597,12:21.347,8:37.406,5,Porsche 911 GT3 Cup (992),2026-05-17 00:43:09.867494
53,187,SP 10,PROAM,3,Link,34,----LAP 34,14:10.688,8:57.978,5,BMW M4 GT4 (G82),2026-05-17 00:43:09.867494
54,180,SP 10,AM,4,Ogburn,34,2:05.793,11:11.857,8:56.749,5,BMW M4 GT4 EVO (G82),2026-05-17 00:43:09.867494
55,145,SP 10,PROAM,5,Bleekemolen,34,2:54.363,11:10.870,8:57.361,5,BMW M4 GT4 EVO (G82),2026-05-17 00:43:09.867494
56,971,Cup 3,PRO,2,Braun,34,2:57.450,12:09.207,9:00.846,4,Porsche 718 Cayman GT4 Clubsport (Typ 982),2026-05-17 00:43:09.867494
57,36,SP 9,AM,32,Scherer,34,4:11.517,11:57.971,9:05.727,5,BMW E89 Z4 (EVO 2013),2026-05-17 00:43:09.867494
58,177,SP 10,PROAM,6,Nicolae,34,4:14.531,10:54.145,9:00.667,4,BMW M4 GT4 EVO (G82),2026-05-17 00:43:09.867494
59,91,SP 7,,1,Ertl,34,5:42.266,11:49.779,8:49.797,5,Porsche 911 GT3 Cup (991),2026-05-17 00:43:09.867494
60,961,Cup 3,PRO,3,Lu,34,8:34.876,11:36.820,9:08.057,4,Porsche 718 Cayman GT4 Clubsport (Typ 982),2026-05-17 00:43:09.867494
61,949,Cup 3,AM,4,Wenisch,34,9:02.562,14:19.273,9:12.020,5,Porsche 718 Cayman GT4 Clubsport (Typ 982),2026-05-17 00:43:09.867494
62,966,Cup 3,PRO,5,Oehme,34,9:18.215,11:40.114,9:17.003,6,Porsche 718 Cayman GT4 Clubsport (Typ 982),2026-05-17 00:43:09.867494
63,90,SP 10,PROAM,7,Sagrera,34,3:57.770,10:51.396,8:59.380,5,Toyota GR Supra GT4 EVO2,2026-05-17 00:43:09.867494
64,776,TCR,,1,Gabbiani,33,----LAP 33,15:24.742,9:20.188,6,Audi RS3 LMS SEQ,2026-05-17 00:43:09.867494
65,939,Cup 3,AM,6,Schwenk,33,1:01.796,13:55.264,9:15.697,5,Porsche 718 Cayman GT4 Clubsport (Typ 982),2026-05-17 00:43:09.867494
66,171,SP 10,AM,8,Ullström,33,1:02.471,15:20.512,9:23.892,5,Porsche 718 Cayman GT4 RS CS,2026-05-17 00:43:09.867494
67,952,Cup 3,PRO,7,Kraus,33,2:57.034,11:46.208,9:27.223,4,Porsche 718 Cayman GT4 Clubsport (Typ 982),2026-05-17 00:43:09.867494
68,982,Cup 3,AM,8,Duffner,33,3:17.339,11:50.968,9:22.333,4,Porsche 718 Cayman GT4 Clubsport (Typ 982),2026-05-17 00:43:09.867494
69,945,Cup 3,AM,9,Okumura,33,4:44.655,12:19.504,9:41.427,4,Porsche 718 Cayman GT4 Clubsport (Typ 982),2026-05-17 00:43:09.867494
70,95,Cup 2,PRO,10,Rettenbacher,33,6:08.663,10:20.139,8:38.526,7,Porsche 911 GT3 Cup (992),2026-05-17 00:43:09.867494
71,13,Cup 2,AM,11,Ecke,33,6:18.736,14:38.366,9:17.807,4,Porsche 911 GT3 Cup (992),2026-05-17 00:43:09.867494
72,164,SP 10,PROAM,9,Brodmerkel,33,8:26.762,13:08.263,8:59.910,5,Porsche 718 Cayman GT4 RS CS,2026-05-17 00:43:09.867494
73,175,SP 10,AM,10,Vazquez,33,9:39.402,10:59.855,9:09.674,5,Mercedes-AMG GT4,2026-05-17 00:43:09.867494
74,999,Cup 3,PRO,10,Riemer,33,7:26.417,12:05.131,9:07.084,6,Porsche 718 Cayman GT4 Clubsport (Typ 982),2026-05-17 00:43:09.867494
75,967,Cup 3,PRO,11,Rich,32,----LAP 32,12:27.187,9:23.859,4,Porsche 718 Cayman GT4 Clubsport (Typ 982),2026-05-17 00:43:09.867494
76,169,SP 10,AM,11,Sander,32,1:28.481,11:22.768,9:17.197,4,Aston Martin Vantage AMR GT4,2026-05-17 00:43:09.867494
77,317,SP 3T,,1,Haugg,32,3:21.020,11:33.965,9:34.061,5,Audi TTs,2026-05-17 00:43:09.867494
78,969,Cup 3,AM,12,Stewart,32,3:32.712,14:42.301,9:27.071,4,Porsche 718 Cayman GT4 Clubsport (Typ 982),2026-05-17 00:43:09.867494
79,37,SP 9,AM,33,Wahl,32,3:38.052,10:58.050,8:37.093,6,Aston Martin Vantage AMR GT3,2026-05-17 00:43:09.867494
80,978,Cup 3,AM,13,Lamsouguer,32,4:32.263,11:59.053,9:33.831,4,Porsche 718 Cayman GT4 Clubsport (Typ 982),2026-05-17 00:43:09.867494
81,977,Cup 3,AM,14,Zimmermann,32,7:24.434,11:51.011,9:48.521,4,Porsche 718 Cayman GT4 Clubsport (Typ 982),2026-05-17 00:43:09.867494
82,898,BMW,,1,Dacher,32,8:17.052,11:22.392,9:44.883,4,BMW M2 Racing (G87)*,2026-05-17 00:43:09.867494
83,396,V6,,1,Büllesbach,32,8:39.539,11:50.248,9:38.681,5,Porsche Cayman S*,2026-05-17 00:43:09.867494
84,519,VT2 Hecka,,1,Tack,32,9:00.779,11:50.323,9:48.700,4,Toyota Supra*,2026-05-17 00:43:09.867494
85,878,BMW,,2,Schlichenmeier,32,10:33.621,11:32.509,9:51.694,5,BMW M2 Racing (G87)*,2026-05-17 00:43:09.867494
86,50,SP 4T,,2,Hammel,32,,12:43.149,8:57.956,5,VW Golf GTI Clubsport 24h,2026-05-17 00:43:09.867494
87,480,VT2 Front,,1,Dupré,32,10:49.277,11:43.998,9:49.819,6,Audi S3-Lim*,2026-05-17 00:43:09.867494
88,500,VT2 Hecka,,2,Zils,32,10:57.000,11:30.812,9:49.234,4,BMW 330i*,2026-05-17 00:43:09.867494
89,577,TCR,,2,Rosam,31,----LAP 31,14:29.589,9:25.597,4,Cupra Leon Competición TCR,2026-05-17 00:43:09.867494
90,669,BMW M240i,,1,Petrolo,31,13.568,11:36.917,9:43.196,4,BMW M240i Racing Cup*,2026-05-17 00:43:09.867494
91,658,BMW M240i,,2,Sari,31,1:30.970,14:18.871,9:58.764,5,BMW M240i Racing Cup*,2026-05-17 00:43:09.867494
92,321,SP 3T,,2,Mache,31,2:14.595,11:04.483,9:20.461,7,VW GOLF 7 GTI TCR DSG,2026-05-17 00:43:09.867494
93,652,BMW M240i,,3,Opran,31,2:22.680,11:26.506,9:37.792,5,BMW M240i Racing Cup*,2026-05-17 00:43:09.867494
94,170,SP 10,,12,Koyama,31,3:10.726,12:04.323,9:00.540,5,Toyota GR Supra GT4 EVO2,2026-05-17 00:43:09.867494
95,448,V6,,2,Müller,31,3:14.855,11:29.673,9:38.614,6,Porsche Cayman S*,2026-05-17 00:43:09.867494
96,665,BMW M240i,,4,Reinhard,31,3:40.754,11:37.264,9:41.802,5,BMW M240i Racing Cup*,2026-05-17 00:43:09.867494
97,653,BMW M240i,,5,Fitzgerald,31,3:52.517,11:53.340,9:45.564,6,BMW M240i Racing Cup*,2026-05-17 00:43:09.867494
98,471,VT2 Front,,2,Eichhorn,31,7:13.001,11:39.860,9:59.750,5,Cupra Leon KL*,2026-05-17 00:43:09.867494
99,444,V5,,1,Korn,31,8:10.668,11:47.663,9:54.131,5,Porsche Cayman CM12*,2026-05-17 00:43:09.867494
100,474,VT2 Front,,3,Hrubesch,31,8:27.382,12:34.655,10:15.189,5,VW Golf GTI *,2026-05-17 00:43:09.867494
101,40,SP 9,AM,34,Posavac,31,8:28.807,11:14.612,8:53.859,4,BMW E89 Z4 (EVO 2013),2026-05-17 00:43:09.867494
102,941,Cup 3,PRO,15,van der Snel,31,,10:29.524,9:05.659,4,Porsche 718 Cayman GT4 Clubsport (Typ 982),2026-05-17 00:43:09.867494
103,89,TCR,,3,Groneck,31,9:38.510,11:36.253,9:55.499,5,VW GOLF 7 GTI TCR DSG,2026-05-17 00:43:09.867494
104,524,VT2 Hecka,,3,Ooms,31,10:17.878,14:49.647,9:48.602,4,Toyota Supra*,2026-05-17 00:43:09.867494
105,454,V5,,2,Hansen,31,10:29.079,13:21.370,10:10.380,4,Porsche Cayman CM12*,2026-05-17 00:43:09.867494
106,670,BMW M240i,,6,Paviot,30,----LAP 30,15:10.843,9:58.466,5,BMW M240i Racing Cup*,2026-05-17 00:43:09.867494
107,870,BMW,,3,Kreutzpointner,30,24.856,12:48.925,9:46.793,5,BMW M2 Racing (G87)*,2026-05-17 00:43:09.867494
108,520,VT2 Hecka,,4,Horino,30,3:29.330,15:21.149,9:56.492,4,Toyota Supra*,2026-05-17 00:43:09.867494
109,667,BMW M240i,,7,Fontes,30,5:11.062,15:43.246,9:49.349,5,BMW M240i Racing Cup*,2026-05-17 00:43:09.867494
110,503,VT2 Hecka,,5,Ehrhardt,30,6:22.997,12:26.495,10:07.362,5,Toyota Supra*,2026-05-17 00:43:09.867494
111,420,SP 7,,2,Schöni,30,7:48.927,12:10.508,9:15.838,4,Porsche 718 Cayman GT4 Clubsport (Typ 982),2026-05-17 00:43:09.867494
112,651,BMW M240i,,8,Silva,30,9:21.965,11:40.582,9:38.161,5,BMW M240i Racing Cup*,2026-05-17 00:43:09.867494
113,100,BMW 325i,,1,Gruber,30,10:54.481,13:51.124,10:21.172,3,BMW 325i*,2026-05-17 00:43:09.867494
114,472,VT2 Front,,4,Füting,30,5:57.629,13:46.616,10:15.934,5,Cupra Leon KL*,2026-05-17 00:43:09.867494
115,821,SP 3T,,3,Epp,29,----LAP 29,11:26.989,9:40.639,6,Audi RS3 LMS DSG*,2026-05-17 00:43:09.867494
116,650,BMW M240i,,9,Fübrich,29,58.448,13:41.324,9:29.559,5,BMW M240i Racing Cup*,2026-05-17 00:43:09.867494
117,418,V6,,3,Lamadrid,29,2:48.419,13:13.372,10:12.681,6,Porsche Cayman S*,2026-05-17 00:43:09.867494
118,514,VT2 Hecka,,6,De Groot,29,3:14.949,14:01.960,9:47.916,4,BMW 330i*,2026-05-17 00:43:09.867494
119,415,V6,,4,Arnold,29,6:15.514,11:17.984,9:39.386,5,Porsche 911 Carrera*,2026-05-17 00:43:09.867494
120,320,AT2,,2,López Cesaratto,29,7:06.462,10:43.146,8:57.689,5,Porsche 911 GT3 Cup (992.1),2026-05-17 00:43:09.867494
121,979,Cup 3,PRO,16,Surzyshyn,29,9:15.430,52:13.098,9:18.187,5,Porsche 718 Cayman GT4 Clubsport (Typ 982),2026-05-17 00:43:09.867494
122,959,Cup 3,PRO,17,Haughton,29,9:19.188,10:55.426,9:01.126,4,Porsche 718 Cayman GT4 Clubsport (Typ 982),2026-05-17 00:43:09.867494
123,101,BMW 325i,,2,Schwolow,28,----LAP 28,16:18.352,10:43.196,4,BMW 325i (e90)*,2026-05-17 00:43:09.867494
124,505,VT2 Hecka,,7,Van Vooren,28,1:14.953,12:35.313,10:43.608,4,BMW 330i*,2026-05-17 00:43:09.867494
125,112,BMW 325i,,3,Küpper,28,5:49.005,15:25.422,10:33.637,5,BMW 325i (e90)*,2026-05-17 00:43:09.867494
126,445,V5,,3,Welker,28,11:07.791,13:28.341,10:41.778,5,Porsche Cayman CM12*,2026-05-17 00:43:09.867494
127,455,V5,,4,Trinius,28,,22:54.838,10:35.030,5,Porsche Cayman CM12*,2026-05-17 00:43:09.867494
128,303,SP 4T,,3,Shin,28,5:20.514,13:21.674,9:29.769,4,Hyundai Motor Company ELANTRAN1 RP,2026-05-17 00:43:09.867494
129,830,TCR,,4,Basseng,28,10:17.904,11:43.614,8:54.740,5,Hyundai Motor Company ELANTRA N TCR,2026-05-17 00:43:09.867494
130,440,V5,,5,Ebener,27,----LAP 27,11:57.419,10:09.194,5,Porsche Cayman CM12*,2026-05-17 00:43:09.867494
131,477,VT2 Front,,5,Mennecke,27,30.365,13:18.035,10:56.392,5,VW Scirocco R TSI*,2026-05-17 00:43:09.867494
132,380,SP 2T,,1,Schäffer,27,1:31.886,19:09.641,10:43.078,4,Opel Corsa GS Line 130*,2026-05-17 00:43:09.867494
133,152,SP 4,,1,Koger,27,2:09.769,20:12.305,11:21.667,4,BMW 325CI*,2026-05-17 00:43:09.867494
134,10,SP 3T,,4,Lenz,27,5:23.635,11:26.459,9:32.312,6,VW Golf GTI Clubsport 24h,2026-05-17 00:43:09.867494
135,300,SP 3T,,5,Geilfus,27,8:10.793,13:02.217,10:22.613,6,Dacia Logan,2026-05-17 00:43:09.867494
136,82,SP 7,,3,Schröder,27,10:15.041,11:30.565,9:42.820,6,Porsche 718 Cayman GT4 Clubsport (Typ 982),2026-05-17 00:43:09.867494
137,109,SP 2T,,2,Oshima,27,11:11.165,18:49.537,9:33.699,6,Toyota GR Yaris,2026-05-17 00:43:09.867494
138,59,SP 8T,,1,Weishar,27,14:01.666,11:14.779,8:57.891,4,McLaren Artura Trophy Evo,2026-05-17 00:43:09.867494
139,786,SP 9,AM,35,Nana,26,----LAP 26,15:57.033,8:28.245,6,Lamborghini Huracan GT3 EVO2,2026-05-17 00:43:09.867494
140,302,SP 4T,,4,Azcona,25,----LAP 25,13:07.400,9:21.541,3,Hyundai Motor Company ELANTRAN1 RP,2026-05-17 00:43:09.867494
141,911,SP 9,PRO,36,Estre,24,----LAP 24,12:05.638,8:13.671,3,Porsche 911 GT3 R (992) Evo26,2026-05-17 00:43:09.867494
142,64,SP 9,PRO,37,Maini,24,1:16.175,9:15.199,8:14.825,3,Ford Mustang GT3 EVO (2026),2026-05-17 00:43:09.867494
143,677,BMW M240i,,10,Tauber,24,1:57:46.141,14:42.815,10:17.190,5,BMW M240i Racing Cup*,2026-05-17 00:43:09.867494
144,800,SP 3T,,6,Oepen,23,----LAP 23,15:44.814,9:44.296,7,VW GOLF 7 GTI TCR DSG,2026-05-17 00:43:09.867494
145,76,SP 4T,,5,Hochwind,21,----LAP 21,1:26:49.596,9:03.336,5,VW Golf GTI Clubsport 24h,2026-05-17 00:43:09.867494
146,569,VT2 Hecka,,8,Van‘t veer,20,----LAP 20,14:14.953,10:14.652,5,BMW 328i*,2026-05-17 00:43:09.867494
147,808,SP 3T,,7,Geon,17,----LAP 17,16:54.324,10:03.234,2,Cupra TCR DSG,2026-05-17 00:43:09.867494
148,501,VT2 Hecka,,9,Vortkamp,17,,13:48.642,10:19.031,3,BMW 330i*,2026-05-17 00:43:09.867494
149,108,BMW 325i,,4,Grilli,16,----LAP 16,17:57.423,10:40.183,4,BMW 325i (e90)*,2026-05-17 00:43:09.867494
150,277,SP 3,,1,Harris,16,,27:12.894,10:17.533,5,BMW 318ti (E36)*,2026-05-17 00:43:09.867494
151,16,SP 9,PRO,38,Sims,16,,20:15.798,8:13.543,3,Audi R8 LMS GT3 evo II,2026-05-17 00:43:09.867494
152,47,SP 9,PRO,39,Krohn,15,----LAP 15,9:34.941,8:13.404,2,Mercedes-AMG GT3,2026-05-17 00:43:09.867494
153,189,SP 10,AM,13,Kroll,15,23:04.326,13:14.547,9:02.852,2,BMW M4 GT4 EVO (G82),2026-05-17 00:43:09.867494
154,45,SP 9,PRO,40,Vermeulen,14,----LAP 14,12:21.623,8:12.515,2,Ferrari 296 GT3 Evo26,2026-05-17 00:43:09.867494
155,75,AT1,PROAM,2,Fugel,11,----LAP 11,8:31.376,8:20.316,1,Audi R8 LMS GT3 evo II,2026-05-17 00:43:09.867494
156,195,BMW M240i,,11,Hoenjet,10,----LAP 10,10:18.132,9:31.981,1,BMW M240i Racing Cup*,2026-05-17 00:43:09.867494
157,110,SP 2T,,3,Sasaki,7,----LAP 7,12:50.416,11:05.842,2,Toyota GR Yaris,2026-05-17 00:43:09.867494
158,410,V6,,5,Croci,6,----LAP 6,10:08.339,10:20.292,1,Porsche Cayman GTS*,2026-05-17 00:43:09.867494
159,35,SP 9,PROAM,41,Fernandez Laser,4,----LAP 4,10:19.256,8:29.335,1,Aston Martin Vantage AMR GT3 EVO,2026-05-17 00:43:09.867494
NormalQualified,NormalQualified,NormalQualified,NormalQualified,NormalQualified,NormalQualified,NormalQualified,NormalQualified,NormalQualified,NormalQualified,NormalQualified,NormalQualified,2026-05-17 00:43:09.867494
1,3,SP 9,PRO,1,Auer,38,----LAP 38,9:46.909,8:13.690,5,Mercedes-AMG GT3,2026-05-17 00:43:40.031385
2,80,SP 9,PRO,2,Schiller,38,01.100,9:46.499,8:14.337,5,Mercedes-AMG GT3,2026-05-17 00:43:40.031385
3,34,SP 9,PRO,3,Drudi,38,2:31.784,9:54.983,8:17.432,5,Aston Martin Vantage AMR GT3 EVO,2026-05-17 00:43:40.031385
4,99,SP 9,PRO,4,Harper,38,2:41.603,9:36.895,8:18.953,5,BMW M4 GT3 EVO,2026-05-17 00:43:40.031385
5,81,SP-X,PRO,1,de Phillippi,38,3:09.802,10:22.802,8:17.045,5,BMW M3 Touring 24h,2026-05-17 00:43:40.031385
6,44,SP 9,PRO,5,Bachler,38,3:12.824,10:06.254,8:17.284,5,Porsche 911 GT3 R (992) Evo26,2026-05-17 00:43:40.031385
7,24,SP 9,PRO,6,Vanthoor,38,4:13.745,11:06.357,8:18.141,4,Porsche 911 GT3 R (992) Evo26,2026-05-17 00:43:40.031385
8,1,SP 9,PRO,7,Farfus,38,5:48.809,9:57.631,8:16.257,5,BMW M4 GT3 EVO,2026-05-17 00:43:40.031385
9,67,SP 9,PRO,8,Vervisch,38,6:05.863,10:03.541,8:16.169,5,Ford Mustang GT3 EVO (2026),2026-05-17 00:43:40.031385
10,65,SP 9,PROAM,9,Caresani,38,6:38.811,9:57.456,8:15.271,5,Ford Mustang GT3 EVO (2026),2026-05-17 00:43:40.031385
11,54,SP 9,PRO,10,Christensen,38,6:24.454,10:51.396,8:21.411,5,Porsche 911 GT3 R (992) Evo26,2026-05-17 00:43:40.031385
12,86,SP 9,PROAM,11,King,38,7:05.298,9:24.801,8:24.189,5,Porsche 911 GT3 R (992) Evo26,2026-05-17 00:43:40.031385
13,26,SP 9,PRO,12,Böckmann,37,----LAP 37,9:56.205,8:14.685,5,Mercedes-AMG GT3,2026-05-17 00:43:40.031385
14,84,SP 9,PRO,13,Bortolotti,37,09.730,9:52.288,8:11.149,5,Lamborghini Huracan GT3 EVO2,2026-05-17 00:43:40.031385
15,77,SP 9,PRO,14,Frijns,37,59.558,10:24.817,8:14.452,5,BMW M4 GT3 EVO,2026-05-17 00:43:40.031385
16,48,SP 9,PROAM,15,Müller,37,1:12.657,10:17.979,8:17.605,5,Porsche 911 GT3 R (992) Evo26,2026-05-17 00:43:40.031385
17,11,SP 9,PROAM,16,Härtling,37,1:21.707,10:15.253,8:19.388,5,Mercedes-AMG GT3,2026-05-17 00:43:40.031385
18,55,SP 9,PRO,17,Sturm,37,1:46.499,10:06.096,8:27.508,6,Porsche 911 GT3 R (992) Evo26,2026-05-17 00:43:40.031385
19,18,SP 9,PROAM,18,Kolb,37,2:25.197,9:52.824,8:24.640,5,Porsche 911 GT3 R (992) Evo26,2026-05-17 00:43:40.031385
20,17,SP 9,PRO,19,Menzel,37,2:33.938,9:36.782,8:18.394,6,Porsche 911 GT3 R (992) Evo26,2026-05-17 00:43:40.031385
21,69,SP 9,PRO,20,Dörr,37,3:47.824,10:03.009,8:18.493,5,McLaren 720S-GT3,2026-05-17 00:43:40.031385
22,123,SP 9,PROAM,21,Brundle,37,4:54.815,9:55.584,8:25.985,5,Porsche 911 GT3 R (992) Evo26,2026-05-17 00:43:40.031385
23,7,SP 9,PRO,22,Paul,37,5:01.048,9:50.406,8:14.446,5,Lamborghini Huracan GT3 EVO2,2026-05-17 00:43:40.031385
24,5,SP 9,AM,23,Kiefer,37,5:35.264,10:14.902,8:18.760,5,Porsche 911 GT3 R (992) Evo26,2026-05-17 00:43:40.031385
25,4,SP 9,PROAM,24,Fontana,37,5:49.702,10:03.121,8:22.099,5,Porsche 911 GT3 R (992) Evo26,2026-05-17 00:43:40.031385
26,30,SP 9,PROAM,25,Seefried,37,7:25.470,10:32.804,8:24.267,5,Porsche 911 GT3 R (992) Evo26,2026-05-17 00:43:40.031385
27,39,SP 9,PROAM,26,Hantke,37,8:46.717,10:36.610,8:28.420,5,Aston Martin Vantage AMR GT3 EVO,2026-05-17 00:43:40.031385
28,32,SP 9,PROAM,27,Nakayama,36,----LAP 36,12:49.674,8:31.507,5,Mercedes-AMG GT3,2026-05-17 00:43:40.031385
29,130,SP 9,PRO,28,Yelloly,36,2:22.034,23:54.448,8:14.351,5,Lamborghini Huracan GT3 EVO2,2026-05-17 00:43:40.031385
30,66,SP-X,PROAM,2,Hörr,36,2:36.353,10:54.172,8:31.491,5,KTM X-Bow GTX,2026-05-17 00:43:40.031385
31,900,Cup 2,PRO,1,Meijer,36,3:38.670,10:25.087,8:31.415,4,Porsche 911 GT3 Cup (992),2026-05-17 00:43:40.031385
32,902,Cup 2,PRO,2,Rennhofer,36,4:26.102,10:16.282,8:31.047,4,Porsche 911 GT3 Cup (992),2026-05-17 00:43:40.031385
33,918,Cup 2,PRO,3,Scheerbarth,36,6:54.264,10:38.620,8:32.495,4,Porsche 911 GT3 Cup (992),2026-05-17 00:43:40.031385
34,71,SP 9,PROAM,29,Kaffer,36,7:17.897,10:21.220,8:27.786,5,Audi R8 LMS GT3 evo II,2026-05-17 00:43:40.031385
35,19,AT1,PROAM,1,Coronel,35,----LAP 35,10:11.285,8:26.868,5,Audi R8 LMS GT3 evo II,2026-05-17 00:43:40.031385
36,61,SP-X,PRO,3,Arnold,35,2:36.823,10:47.814,8:49.118,5,HWA EVO.R,2026-05-17 00:43:40.031385
37,8,SP 9,AM,30,Veremenko,35,3:29.303,10:15.222,8:31.131,5,Audi R8 LMS GT3 evo II,2026-05-17 00:43:40.031385
38,992,SP-PRO,PROAM,1,Griesemann,35,3:30.969,13:55.477,8:36.238,5,Porsche 911 GT3 CUP MR,2026-05-17 00:43:40.031385
39,62,SP-X,PRO,4,Adelson,35,4:57.540,11:59.157,8:44.071,4,HWA EVO.R,2026-05-17 00:43:40.031385
40,925,Cup 2,PRO,4,Miller,35,5:47.121,10:27.198,8:50.061,4,Porsche 911 GT3 Cup (992),2026-05-17 00:43:40.031385
41,909,Cup 2,AM,5,Messenger,35,6:26.123,12:26.851,8:38.719,4,Porsche 911 GT3 Cup (992),2026-05-17 00:43:40.031385
42,904,Cup 2,AM,6,Kranz,35,6:56.285,10:24.706,8:34.272,5,Porsche 911 GT3 Cup (992),2026-05-17 00:43:40.031385
43,632,AT2,,1,Charoudin,35,7:33.704,11:15.362,8:33.391,5,Porsche 911 GT3 Cup (992.1),2026-05-17 00:43:40.031385
44,63,SP-X,PRO,5,Holstad,35,7:35.049,11:28.028,8:50.353,5,HWA EVO.R,2026-05-17 00:43:40.031385
45,88,SP 4T,,1,Van Dam,35,8:09.277,11:48.582,8:58.132,4,Subaru WRX,2026-05-17 00:43:40.031385
46,962,Cup 3,PRO,1,Wiedmann,35,8:20.558,11:10.411,9:00.773,4,Porsche 718 Cayman GT4 Clubsport (Typ 982),2026-05-17 00:43:40.031385
47,908,Cup 2,AM,7,Mühlenz,35,8:54.277,11:10.716,8:48.446,4,Porsche 911 GT3 Cup (992),2026-05-17 00:43:40.031385
48,919,Cup 2,PRO,8,Chrzanowski,35,9:11.411,10:38.903,8:34.385,5,Porsche 911 GT3 Cup (992),2026-05-17 00:43:40.031385
49,176,SP 10,PROAM,1,de Oliveira,35,9:21.171,10:55.161,9:00.405,4,Mercedes-AMG GT4,2026-05-17 00:43:40.031385
50,888,SP 10,PROAM,2,Wiskirchen,35,9:22.534,10:51.962,8:54.980,4,BMW M4 GT4 EVO (G82),2026-05-17 00:43:40.031385
51,33,SP 9,PROAM,31,Di Martino,35,,15:55.817,8:33.316,6,Audi R8 LMS GT3 evo II,2026-05-17 00:43:40.031385
52,777,Cup 2,AM,9,Jönsson,35,8:29.597,12:21.347,8:37.406,5,Porsche 911 GT3 Cup (992),2026-05-17 00:43:40.031385
53,187,SP 10,PROAM,3,Link,34,----LAP 34,14:10.688,8:57.978,5,BMW M4 GT4 (G82),2026-05-17 00:43:40.031385
54,180,SP 10,AM,4,Ogburn,34,2:05.793,11:11.857,8:56.749,5,BMW M4 GT4 EVO (G82),2026-05-17 00:43:40.031385
55,145,SP 10,PROAM,5,Bleekemolen,34,2:54.363,11:10.870,8:57.361,5,BMW M4 GT4 EVO (G82),2026-05-17 00:43:40.031385
56,971,Cup 3,PRO,2,Braun,34,2:57.450,12:09.207,9:00.846,4,Porsche 718 Cayman GT4 Clubsport (Typ 982),2026-05-17 00:43:40.031385
57,36,SP 9,AM,32,Scherer,34,4:11.517,11:57.971,9:05.727,5,BMW E89 Z4 (EVO 2013),2026-05-17 00:43:40.031385
58,177,SP 10,PROAM,6,Nicolae,34,4:14.531,10:54.145,9:00.667,4,BMW M4 GT4 EVO (G82),2026-05-17 00:43:40.031385
59,91,SP 7,,1,Ertl,34,5:42.266,11:49.779,8:49.797,5,Porsche 911 GT3 Cup (991),2026-05-17 00:43:40.031385
60,961,Cup 3,PRO,3,Lu,34,8:34.876,11:36.820,9:08.057,4,Porsche 718 Cayman GT4 Clubsport (Typ 982),2026-05-17 00:43:40.031385
61,949,Cup 3,AM,4,Wenisch,34,9:02.562,14:19.273,9:12.020,5,Porsche 718 Cayman GT4 Clubsport (Typ 982),2026-05-17 00:43:40.031385
62,966,Cup 3,PRO,5,Oehme,34,9:18.215,11:40.114,9:17.003,6,Porsche 718 Cayman GT4 Clubsport (Typ 982),2026-05-17 00:43:40.031385
63,90,SP 10,PROAM,7,Sagrera,34,3:57.770,10:51.396,8:59.380,5,Toyota GR Supra GT4 EVO2,2026-05-17 00:43:40.031385
64,776,TCR,,1,Gabbiani,33,----LAP 33,15:24.742,9:20.188,6,Audi RS3 LMS SEQ,2026-05-17 00:43:40.031385
65,939,Cup 3,AM,6,Schwenk,33,1:01.796,13:55.264,9:15.697,5,Porsche 718 Cayman GT4 Clubsport (Typ 982),2026-05-17 00:43:40.031385
66,171,SP 10,AM,8,Ullström,33,1:02.471,15:20.512,9:23.892,5,Porsche 718 Cayman GT4 RS CS,2026-05-17 00:43:40.031385
67,952,Cup 3,PRO,7,Kraus,33,2:57.034,11:46.208,9:27.223,4,Porsche 718 Cayman GT4 Clubsport (Typ 982),2026-05-17 00:43:40.031385
68,982,Cup 3,AM,8,Duffner,33,3:17.339,11:50.968,9:22.333,4,Porsche 718 Cayman GT4 Clubsport (Typ 982),2026-05-17 00:43:40.031385
69,945,Cup 3,AM,9,Okumura,33,4:44.655,12:19.504,9:41.427,4,Porsche 718 Cayman GT4 Clubsport (Typ 982),2026-05-17 00:43:40.031385
70,95,Cup 2,PRO,10,Rettenbacher,33,6:08.663,10:20.139,8:38.526,7,Porsche 911 GT3 Cup (992),2026-05-17 00:43:40.031385
71,13,Cup 2,AM,11,Ecke,33,6:18.736,14:38.366,9:17.807,4,Porsche 911 GT3 Cup (992),2026-05-17 00:43:40.031385
72,164,SP 10,PROAM,9,Brodmerkel,33,8:26.762,13:08.263,8:59.910,5,Porsche 718 Cayman GT4 RS CS,2026-05-17 00:43:40.031385
73,175,SP 10,AM,10,Vazquez,33,9:39.402,10:59.855,9:09.674,5,Mercedes-AMG GT4,2026-05-17 00:43:40.031385
74,999,Cup 3,PRO,10,Riemer,33,7:26.417,12:05.131,9:07.084,6,Porsche 718 Cayman GT4 Clubsport (Typ 982),2026-05-17 00:43:40.031385
75,967,Cup 3,PRO,11,Rich,32,----LAP 32,12:27.187,9:23.859,4,Porsche 718 Cayman GT4 Clubsport (Typ 982),2026-05-17 00:43:40.031385
76,169,SP 10,AM,11,Sander,32,1:28.481,11:22.768,9:17.197,4,Aston Martin Vantage AMR GT4,2026-05-17 00:43:40.031385
77,317,SP 3T,,1,Haugg,32,3:21.020,11:33.965,9:34.061,5,Audi TTs,2026-05-17 00:43:40.031385
78,969,Cup 3,AM,12,Stewart,32,3:32.712,14:42.301,9:27.071,4,Porsche 718 Cayman GT4 Clubsport (Typ 982),2026-05-17 00:43:40.031385
79,37,SP 9,AM,33,Wahl,32,3:38.052,10:58.050,8:37.093,6,Aston Martin Vantage AMR GT3,2026-05-17 00:43:40.031385
80,978,Cup 3,AM,13,Lamsouguer,32,4:32.263,11:59.053,9:33.831,4,Porsche 718 Cayman GT4 Clubsport (Typ 982),2026-05-17 00:43:40.031385
81,977,Cup 3,AM,14,Zimmermann,32,7:24.434,11:51.011,9:48.521,4,Porsche 718 Cayman GT4 Clubsport (Typ 982),2026-05-17 00:43:40.031385
82,898,BMW,,1,Dacher,32,8:17.052,11:22.392,9:44.883,4,BMW M2 Racing (G87)*,2026-05-17 00:43:40.031385
83,396,V6,,1,Büllesbach,32,8:39.539,11:50.248,9:38.681,5,Porsche Cayman S*,2026-05-17 00:43:40.031385
84,519,VT2 Hecka,,1,Tack,32,9:00.779,11:50.323,9:48.700,4,Toyota Supra*,2026-05-17 00:43:40.031385
85,878,BMW,,2,Schlichenmeier,32,10:33.621,11:32.509,9:51.694,5,BMW M2 Racing (G87)*,2026-05-17 00:43:40.031385
86,50,SP 4T,,2,Hammel,32,,12:43.149,8:57.956,5,VW Golf GTI Clubsport 24h,2026-05-17 00:43:40.031385
87,480,VT2 Front,,1,Dupré,32,10:49.277,11:43.998,9:49.819,6,Audi S3-Lim*,2026-05-17 00:43:40.031385
88,500,VT2 Hecka,,2,Zils,32,10:57.000,11:30.812,9:49.234,4,BMW 330i*,2026-05-17 00:43:40.031385
89,577,TCR,,2,Rosam,31,----LAP 31,14:29.589,9:25.597,4,Cupra Leon Competición TCR,2026-05-17 00:43:40.031385
90,669,BMW M240i,,1,Petrolo,31,13.568,11:36.917,9:43.196,4,BMW M240i Racing Cup*,2026-05-17 00:43:40.031385
91,658,BMW M240i,,2,Sari,31,1:30.970,14:18.871,9:58.764,5,BMW M240i Racing Cup*,2026-05-17 00:43:40.031385
92,321,SP 3T,,2,Mache,31,2:14.595,11:04.483,9:20.461,7,VW GOLF 7 GTI TCR DSG,2026-05-17 00:43:40.031385
93,652,BMW M240i,,3,Opran,31,2:22.680,11:26.506,9:37.792,5,BMW M240i Racing Cup*,2026-05-17 00:43:40.031385
94,170,SP 10,,12,Koyama,31,3:10.726,12:04.323,9:00.540,5,Toyota GR Supra GT4 EVO2,2026-05-17 00:43:40.031385
95,448,V6,,2,Müller,31,3:14.855,11:29.673,9:38.614,6,Porsche Cayman S*,2026-05-17 00:43:40.031385
96,665,BMW M240i,,4,Reinhard,31,3:40.754,11:37.264,9:41.802,5,BMW M240i Racing Cup*,2026-05-17 00:43:40.031385
97,653,BMW M240i,,5,Fitzgerald,31,3:52.517,11:53.340,9:45.564,6,BMW M240i Racing Cup*,2026-05-17 00:43:40.031385
98,471,VT2 Front,,2,Eichhorn,31,7:13.001,11:39.860,9:59.750,5,Cupra Leon KL*,2026-05-17 00:43:40.031385
99,444,V5,,1,Korn,31,8:10.668,11:47.663,9:54.131,5,Porsche Cayman CM12*,2026-05-17 00:43:40.031385
100,474,VT2 Front,,3,Hrubesch,31,8:27.382,12:34.655,10:15.189,5,VW Golf GTI *,2026-05-17 00:43:40.031385
101,40,SP 9,AM,34,Posavac,31,8:28.807,11:14.612,8:53.859,4,BMW E89 Z4 (EVO 2013),2026-05-17 00:43:40.031385
102,941,Cup 3,PRO,15,van der Snel,31,,10:29.524,9:05.659,4,Porsche 718 Cayman GT4 Clubsport (Typ 982),2026-05-17 00:43:40.031385
103,89,TCR,,3,Groneck,31,9:38.510,11:36.253,9:55.499,5,VW GOLF 7 GTI TCR DSG,2026-05-17 00:43:40.031385
104,524,VT2 Hecka,,3,Ooms,31,10:17.878,14:49.647,9:48.602,4,Toyota Supra*,2026-05-17 00:43:40.031385
105,454,V5,,2,Hansen,31,10:29.079,13:21.370,10:10.380,4,Porsche Cayman CM12*,2026-05-17 00:43:40.031385
106,670,BMW M240i,,6,Paviot,30,----LAP 30,15:10.843,9:58.466,5,BMW M240i Racing Cup*,2026-05-17 00:43:40.031385
107,870,BMW,,3,Kreutzpointner,30,24.856,12:48.925,9:46.793,5,BMW M2 Racing (G87)*,2026-05-17 00:43:40.031385
108,520,VT2 Hecka,,4,Horino,30,3:29.330,15:21.149,9:56.492,4,Toyota Supra*,2026-05-17 00:43:40.031385
109,667,BMW M240i,,7,Fontes,30,5:11.062,15:43.246,9:49.349,5,BMW M240i Racing Cup*,2026-05-17 00:43:40.031385
110,503,VT2 Hecka,,5,Ehrhardt,30,6:22.997,12:26.495,10:07.362,5,Toyota Supra*,2026-05-17 00:43:40.031385
111,420,SP 7,,2,Schöni,30,7:48.927,12:10.508,9:15.838,4,Porsche 718 Cayman GT4 Clubsport (Typ 982),2026-05-17 00:43:40.031385
112,651,BMW M240i,,8,Silva,30,9:21.965,11:40.582,9:38.161,5,BMW M240i Racing Cup*,2026-05-17 00:43:40.031385
113,100,BMW 325i,,1,Gruber,30,10:54.481,13:51.124,10:21.172,3,BMW 325i*,2026-05-17 00:43:40.031385
114,472,VT2 Front,,4,Füting,30,5:57.629,13:46.616,10:15.934,5,Cupra Leon KL*,2026-05-17 00:43:40.031385
115,821,SP 3T,,3,Epp,29,----LAP 29,11:26.989,9:40.639,6,Audi RS3 LMS DSG*,2026-05-17 00:43:40.031385
116,650,BMW M240i,,9,Fübrich,29,58.448,13:41.324,9:29.559,5,BMW M240i Racing Cup*,2026-05-17 00:43:40.031385
117,418,V6,,3,Lamadrid,29,2:48.419,13:13.372,10:12.681,6,Porsche Cayman S*,2026-05-17 00:43:40.031385
118,514,VT2 Hecka,,6,De Groot,29,3:14.949,14:01.960,9:47.916,4,BMW 330i*,2026-05-17 00:43:40.031385
119,415,V6,,4,Arnold,29,6:15.514,11:17.984,9:39.386,5,Porsche 911 Carrera*,2026-05-17 00:43:40.031385
120,320,AT2,,2,López Cesaratto,29,7:06.462,10:43.146,8:57.689,5,Porsche 911 GT3 Cup (992.1),2026-05-17 00:43:40.031385
121,979,Cup 3,PRO,16,Surzyshyn,29,9:15.430,52:13.098,9:18.187,5,Porsche 718 Cayman GT4 Clubsport (Typ 982),2026-05-17 00:43:40.031385
122,959,Cup 3,PRO,17,Haughton,29,9:19.188,10:55.426,9:01.126,4,Porsche 718 Cayman GT4 Clubsport (Typ 982),2026-05-17 00:43:40.031385
123,101,BMW 325i,,2,Schwolow,28,----LAP 28,16:18.352,10:43.196,4,BMW 325i (e90)*,2026-05-17 00:43:40.031385
124,505,VT2 Hecka,,7,Van Vooren,28,1:14.953,12:35.313,10:43.608,4,BMW 330i*,2026-05-17 00:43:40.031385
125,112,BMW 325i,,3,Küpper,28,5:49.005,15:25.422,10:33.637,5,BMW 325i (e90)*,2026-05-17 00:43:40.031385
126,445,V5,,3,Welker,28,11:07.791,13:28.341,10:41.778,5,Porsche Cayman CM12*,2026-05-17 00:43:40.031385
127,455,V5,,4,Trinius,28,,22:54.838,10:35.030,5,Porsche Cayman CM12*,2026-05-17 00:43:40.031385
128,303,SP 4T,,3,Shin,28,5:20.514,13:21.674,9:29.769,4,Hyundai Motor Company ELANTRAN1 RP,2026-05-17 00:43:40.031385
129,830,TCR,,4,Basseng,28,10:17.904,11:43.614,8:54.740,5,Hyundai Motor Company ELANTRA N TCR,2026-05-17 00:43:40.031385
130,440,V5,,5,Ebener,27,----LAP 27,11:57.419,10:09.194,5,Porsche Cayman CM12*,2026-05-17 00:43:40.031385
131,477,VT2 Front,,5,Mennecke,27,30.365,13:18.035,10:56.392,5,VW Scirocco R TSI*,2026-05-17 00:43:40.031385
132,380,SP 2T,,1,Schäffer,27,1:31.886,19:09.641,10:43.078,4,Opel Corsa GS Line 130*,2026-05-17 00:43:40.031385
133,152,SP 4,,1,Koger,27,2:09.769,20:12.305,11:21.667,4,BMW 325CI*,2026-05-17 00:43:40.031385
134,10,SP 3T,,4,Lenz,27,5:23.635,11:26.459,9:32.312,6,VW Golf GTI Clubsport 24h,2026-05-17 00:43:40.031385
135,300,SP 3T,,5,Geilfus,27,8:10.793,13:02.217,10:22.613,6,Dacia Logan,2026-05-17 00:43:40.031385
136,82,SP 7,,3,Schröder,27,10:15.041,11:30.565,9:42.820,6,Porsche 718 Cayman GT4 Clubsport (Typ 982),2026-05-17 00:43:40.031385
137,109,SP 2T,,2,Oshima,27,11:11.165,18:49.537,9:33.699,6,Toyota GR Yaris,2026-05-17 00:43:40.031385
138,59,SP 8T,,1,Weishar,27,14:01.666,11:14.779,8:57.891,4,McLaren Artura Trophy Evo,2026-05-17 00:43:40.031385
139,786,SP 9,AM,35,Nana,26,----LAP 26,15:57.033,8:28.245,6,Lamborghini Huracan GT3 EVO2,2026-05-17 00:43:40.031385
140,302,SP 4T,,4,Azcona,25,----LAP 25,13:07.400,9:21.541,3,Hyundai Motor Company ELANTRAN1 RP,2026-05-17 00:43:40.031385
141,911,SP 9,PRO,36,Estre,24,----LAP 24,12:05.638,8:13.671,3,Porsche 911 GT3 R (992) Evo26,2026-05-17 00:43:40.031385
142,64,SP 9,PRO,37,Maini,24,1:16.175,9:15.199,8:14.825,3,Ford Mustang GT3 EVO (2026),2026-05-17 00:43:40.031385
143,677,BMW M240i,,10,Tauber,24,1:57:46.141,14:42.815,10:17.190,5,BMW M240i Racing Cup*,2026-05-17 00:43:40.031385
144,800,SP 3T,,6,Oepen,23,----LAP 23,15:44.814,9:44.296,7,VW GOLF 7 GTI TCR DSG,2026-05-17 00:43:40.031385
145,76,SP 4T,,5,Hochwind,21,----LAP 21,1:26:49.596,9:03.336,5,VW Golf GTI Clubsport 24h,2026-05-17 00:43:40.031385
146,569,VT2 Hecka,,8,Van‘t veer,20,----LAP 20,14:14.953,10:14.652,5,BMW 328i*,2026-05-17 00:43:40.031385
147,808,SP 3T,,7,Geon,17,----LAP 17,16:54.324,10:03.234,2,Cupra TCR DSG,2026-05-17 00:43:40.031385
148,501,VT2 Hecka,,9,Vortkamp,17,,13:48.642,10:19.031,3,BMW 330i*,2026-05-17 00:43:40.031385
149,108,BMW 325i,,4,Grilli,16,----LAP 16,17:57.423,10:40.183,4,BMW 325i (e90)*,2026-05-17 00:43:40.031385
150,277,SP 3,,1,Harris,16,,27:12.894,10:17.533,5,BMW 318ti (E36)*,2026-05-17 00:43:40.031385
151,16,SP 9,PRO,38,Sims,16,,20:15.798,8:13.543,3,Audi R8 LMS GT3 evo II,2026-05-17 00:43:40.031385
152,47,SP 9,PRO,39,Krohn,15,----LAP 15,9:34.941,8:13.404,2,Mercedes-AMG GT3,2026-05-17 00:43:40.031385
153,189,SP 10,AM,13,Kroll,15,23:04.326,13:14.547,9:02.852,2,BMW M4 GT4 EVO (G82),2026-05-17 00:43:40.031385
154,45,SP 9,PRO,40,Vermeulen,14,----LAP 14,12:21.623,8:12.515,2,Ferrari 296 GT3 Evo26,2026-05-17 00:43:40.031385
155,75,AT1,PROAM,2,Fugel,11,----LAP 11,8:31.376,8:20.316,1,Audi R8 LMS GT3 evo II,2026-05-17 00:43:40.031385
156,195,BMW M240i,,11,Hoenjet,10,----LAP 10,10:18.132,9:31.981,1,BMW M240i Racing Cup*,2026-05-17 00:43:40.031385
157,110,SP 2T,,3,Sasaki,7,----LAP 7,12:50.416,11:05.842,2,Toyota GR Yaris,2026-05-17 00:43:40.031385
158,410,V6,,5,Croci,6,----LAP 6,10:08.339,10:20.292,1,Porsche Cayman GTS*,2026-05-17 00:43:40.031385
159,35,SP 9,PROAM,41,Fernandez Laser,4,----LAP 4,10:19.256,8:29.335,1,Aston Martin Vantage AMR GT3 EVO,2026-05-17 00:43:40.031385
NormalQualified,NormalQualified,NormalQualified,NormalQualified,NormalQualified,NormalQualified,NormalQualified,NormalQualified,NormalQualified,NormalQualified,NormalQualified,NormalQualified,2026-05-17 00:43:40.031385
1,3,SP 9,PRO,1,Auer,38,----LAP 38,9:46.909,8:13.690,5,Mercedes-AMG GT3,2026-05-17 00:44:10.210422
2,80,SP 9,PRO,2,Schiller,38,01.100,9:46.499,8:14.337,5,Mercedes-AMG GT3,2026-05-17 00:44:10.210422
3,34,SP 9,PRO,3,Drudi,38,2:31.784,9:54.983,8:17.432,5,Aston Martin Vantage AMR GT3 EVO,2026-05-17 00:44:10.210422
4,99,SP 9,PRO,4,Harper,38,2:41.603,9:36.895,8:18.953,5,BMW M4 GT3 EVO,2026-05-17 00:44:10.210422
5,81,SP-X,PRO,1,de Phillippi,38,3:09.802,10:22.802,8:17.045,5,BMW M3 Touring 24h,2026-05-17 00:44:10.210422
6,44,SP 9,PRO,5,Bachler,38,3:12.824,10:06.254,8:17.284,5,Porsche 911 GT3 R (992) Evo26,2026-05-17 00:44:10.210422
7,24,SP 9,PRO,6,Vanthoor,38,4:13.745,11:06.357,8:18.141,4,Porsche 911 GT3 R (992) Evo26,2026-05-17 00:44:10.210422
8,1,SP 9,PRO,7,Farfus,38,5:48.809,9:57.631,8:16.257,5,BMW M4 GT3 EVO,2026-05-17 00:44:10.210422
9,67,SP 9,PRO,8,Vervisch,38,6:05.863,10:03.541,8:16.169,5,Ford Mustang GT3 EVO (2026),2026-05-17 00:44:10.210422
10,65,SP 9,PROAM,9,Caresani,38,6:38.811,9:57.456,8:15.271,5,Ford Mustang GT3 EVO (2026),2026-05-17 00:44:10.210422
11,54,SP 9,PRO,10,Christensen,38,6:24.454,10:51.396,8:21.411,5,Porsche 911 GT3 R (992) Evo26,2026-05-17 00:44:10.210422
12,86,SP 9,PROAM,11,King,38,7:05.298,9:24.801,8:24.189,5,Porsche 911 GT3 R (992) Evo26,2026-05-17 00:44:10.210422
13,26,SP 9,PRO,12,Böckmann,37,----LAP 37,9:56.205,8:14.685,5,Mercedes-AMG GT3,2026-05-17 00:44:10.210422
14,84,SP 9,PRO,13,Bortolotti,37,09.730,9:52.288,8:11.149,5,Lamborghini Huracan GT3 EVO2,2026-05-17 00:44:10.210422
15,77,SP 9,PRO,14,Frijns,37,59.558,10:24.817,8:14.452,5,BMW M4 GT3 EVO,2026-05-17 00:44:10.210422
16,48,SP 9,PROAM,15,Müller,37,1:12.657,10:17.979,8:17.605,5,Porsche 911 GT3 R (992) Evo26,2026-05-17 00:44:10.210422
17,11,SP 9,PROAM,16,Härtling,37,1:21.707,10:15.253,8:19.388,5,Mercedes-AMG GT3,2026-05-17 00:44:10.210422
18,55,SP 9,PRO,17,Sturm,37,1:46.499,10:06.096,8:27.508,6,Porsche 911 GT3 R (992) Evo26,2026-05-17 00:44:10.210422
19,18,SP 9,PROAM,18,Kolb,37,2:25.197,9:52.824,8:24.640,5,Porsche 911 GT3 R (992) Evo26,2026-05-17 00:44:10.210422
20,17,SP 9,PRO,19,Menzel,37,2:33.938,9:36.782,8:18.394,6,Porsche 911 GT3 R (992) Evo26,2026-05-17 00:44:10.210422
21,69,SP 9,PRO,20,Dörr,37,3:47.824,10:03.009,8:18.493,5,McLaren 720S-GT3,2026-05-17 00:44:10.210422
22,123,SP 9,PROAM,21,Brundle,37,4:54.815,9:55.584,8:25.985,5,Porsche 911 GT3 R (992) Evo26,2026-05-17 00:44:10.210422
23,7,SP 9,PRO,22,Paul,37,5:01.048,9:50.406,8:14.446,5,Lamborghini Huracan GT3 EVO2,2026-05-17 00:44:10.210422
24,5,SP 9,AM,23,Kiefer,37,5:35.264,10:14.902,8:18.760,5,Porsche 911 GT3 R (992) Evo26,2026-05-17 00:44:10.210422
25,4,SP 9,PROAM,24,Fontana,37,5:49.702,10:03.121,8:22.099,5,Porsche 911 GT3 R (992) Evo26,2026-05-17 00:44:10.210422
26,30,SP 9,PROAM,25,Seefried,37,7:25.470,10:32.804,8:24.267,5,Porsche 911 GT3 R (992) Evo26,2026-05-17 00:44:10.210422
27,39,SP 9,PROAM,26,Hantke,37,8:46.717,10:36.610,8:28.420,5,Aston Martin Vantage AMR GT3 EVO,2026-05-17 00:44:10.210422
28,32,SP 9,PROAM,27,Nakayama,36,----LAP 36,12:49.674,8:31.507,5,Mercedes-AMG GT3,2026-05-17 00:44:10.210422
29,130,SP 9,PRO,28,Yelloly,36,2:22.034,23:54.448,8:14.351,5,Lamborghini Huracan GT3 EVO2,2026-05-17 00:44:10.210422
30,66,SP-X,PROAM,2,Hörr,36,2:36.353,10:54.172,8:31.491,5,KTM X-Bow GTX,2026-05-17 00:44:10.210422
31,900,Cup 2,PRO,1,Meijer,36,3:38.670,10:25.087,8:31.415,4,Porsche 911 GT3 Cup (992),2026-05-17 00:44:10.210422
32,902,Cup 2,PRO,2,Rennhofer,36,4:26.102,10:16.282,8:31.047,4,Porsche 911 GT3 Cup (992),2026-05-17 00:44:10.210422
33,918,Cup 2,PRO,3,Scheerbarth,36,6:54.264,10:38.620,8:32.495,4,Porsche 911 GT3 Cup (992),2026-05-17 00:44:10.210422
34,71,SP 9,PROAM,29,Kaffer,36,7:17.897,10:21.220,8:27.786,5,Audi R8 LMS GT3 evo II,2026-05-17 00:44:10.210422
35,19,AT1,PROAM,1,Coronel,35,----LAP 35,10:11.285,8:26.868,5,Audi R8 LMS GT3 evo II,2026-05-17 00:44:10.210422
36,61,SP-X,PRO,3,Arnold,35,2:36.823,10:47.814,8:49.118,5,HWA EVO.R,2026-05-17 00:44:10.210422
37,8,SP 9,AM,30,Veremenko,35,3:29.303,10:15.222,8:31.131,5,Audi R8 LMS GT3 evo II,2026-05-17 00:44:10.210422
38,992,SP-PRO,PROAM,1,Griesemann,35,3:30.969,13:55.477,8:36.238,5,Porsche 911 GT3 CUP MR,2026-05-17 00:44:10.210422
39,62,SP-X,PRO,4,Adelson,35,4:57.540,11:59.157,8:44.071,4,HWA EVO.R,2026-05-17 00:44:10.210422
40,925,Cup 2,PRO,4,Miller,35,5:47.121,10:27.198,8:50.061,4,Porsche 911 GT3 Cup (992),2026-05-17 00:44:10.210422
41,909,Cup 2,AM,5,Messenger,35,6:26.123,12:26.851,8:38.719,4,Porsche 911 GT3 Cup (992),2026-05-17 00:44:10.210422
42,904,Cup 2,AM,6,Kranz,35,6:56.285,10:24.706,8:34.272,5,Porsche 911 GT3 Cup (992),2026-05-17 00:44:10.210422
43,632,AT2,,1,Charoudin,35,7:33.704,11:15.362,8:33.391,5,Porsche 911 GT3 Cup (992.1),2026-05-17 00:44:10.210422
44,63,SP-X,PRO,5,Holstad,35,7:35.049,11:28.028,8:50.353,5,HWA EVO.R,2026-05-17 00:44:10.210422
45,88,SP 4T,,1,Van Dam,35,8:09.277,11:48.582,8:58.132,4,Subaru WRX,2026-05-17 00:44:10.210422
46,962,Cup 3,PRO,1,Wiedmann,35,8:20.558,11:10.411,9:00.773,4,Porsche 718 Cayman GT4 Clubsport (Typ 982),2026-05-17 00:44:10.210422
47,908,Cup 2,AM,7,Mühlenz,35,8:54.277,11:10.716,8:48.446,4,Porsche 911 GT3 Cup (992),2026-05-17 00:44:10.210422
48,919,Cup 2,PRO,8,Chrzanowski,35,9:11.411,10:38.903,8:34.385,5,Porsche 911 GT3 Cup (992),2026-05-17 00:44:10.210422
49,176,SP 10,PROAM,1,de Oliveira,35,9:21.171,10:55.161,9:00.405,4,Mercedes-AMG GT4,2026-05-17 00:44:10.210422
50,888,SP 10,PROAM,2,Wiskirchen,35,9:22.534,10:51.962,8:54.980,4,BMW M4 GT4 EVO (G82),2026-05-17 00:44:10.210422
51,33,SP 9,PROAM,31,Di Martino,35,,15:55.817,8:33.316,6,Audi R8 LMS GT3 evo II,2026-05-17 00:44:10.210422
52,777,Cup 2,AM,9,Jönsson,35,8:29.597,12:21.347,8:37.406,5,Porsche 911 GT3 Cup (992),2026-05-17 00:44:10.210422
53,187,SP 10,PROAM,3,Link,34,----LAP 34,14:10.688,8:57.978,5,BMW M4 GT4 (G82),2026-05-17 00:44:10.210422
54,180,SP 10,AM,4,Ogburn,34,2:05.793,11:11.857,8:56.749,5,BMW M4 GT4 EVO (G82),2026-05-17 00:44:10.210422
55,145,SP 10,PROAM,5,Bleekemolen,34,2:54.363,11:10.870,8:57.361,5,BMW M4 GT4 EVO (G82),2026-05-17 00:44:10.210422
56,971,Cup 3,PRO,2,Braun,34,2:57.450,12:09.207,9:00.846,4,Porsche 718 Cayman GT4 Clubsport (Typ 982),2026-05-17 00:44:10.210422
57,36,SP 9,AM,32,Scherer,34,4:11.517,11:57.971,9:05.727,5,BMW E89 Z4 (EVO 2013),2026-05-17 00:44:10.210422
58,177,SP 10,PROAM,6,Nicolae,34,4:14.531,10:54.145,9:00.667,4,BMW M4 GT4 EVO (G82),2026-05-17 00:44:10.210422
59,91,SP 7,,1,Ertl,34,5:42.266,11:49.779,8:49.797,5,Porsche 911 GT3 Cup (991),2026-05-17 00:44:10.210422
60,961,Cup 3,PRO,3,Lu,34,8:34.876,11:36.820,9:08.057,4,Porsche 718 Cayman GT4 Clubsport (Typ 982),2026-05-17 00:44:10.210422
61,949,Cup 3,AM,4,Wenisch,34,9:02.562,14:19.273,9:12.020,5,Porsche 718 Cayman GT4 Clubsport (Typ 982),2026-05-17 00:44:10.210422
62,966,Cup 3,PRO,5,Oehme,34,9:18.215,11:40.114,9:17.003,6,Porsche 718 Cayman GT4 Clubsport (Typ 982),2026-05-17 00:44:10.210422
63,90,SP 10,PROAM,7,Sagrera,34,3:57.770,10:51.396,8:59.380,5,Toyota GR Supra GT4 EVO2,2026-05-17 00:44:10.210422
64,776,TCR,,1,Gabbiani,33,----LAP 33,15:24.742,9:20.188,6,Audi RS3 LMS SEQ,2026-05-17 00:44:10.210422
65,939,Cup 3,AM,6,Schwenk,33,1:01.796,13:55.264,9:15.697,5,Porsche 718 Cayman GT4 Clubsport (Typ 982),2026-05-17 00:44:10.210422
66,171,SP 10,AM,8,Ullström,33,1:02.471,15:20.512,9:23.892,5,Porsche 718 Cayman GT4 RS CS,2026-05-17 00:44:10.210422
67,952,Cup 3,PRO,7,Kraus,33,2:57.034,11:46.208,9:27.223,4,Porsche 718 Cayman GT4 Clubsport (Typ 982),2026-05-17 00:44:10.210422
68,982,Cup 3,AM,8,Duffner,33,3:17.339,11:50.968,9:22.333,4,Porsche 718 Cayman GT4 Clubsport (Typ 982),2026-05-17 00:44:10.210422
69,945,Cup 3,AM,9,Okumura,33,4:44.655,12:19.504,9:41.427,4,Porsche 718 Cayman GT4 Clubsport (Typ 982),2026-05-17 00:44:10.210422
70,95,Cup 2,PRO,10,Rettenbacher,33,6:08.663,10:20.139,8:38.526,7,Porsche 911 GT3 Cup (992),2026-05-17 00:44:10.210422
71,13,Cup 2,AM,11,Ecke,33,6:18.736,14:38.366,9:17.807,4,Porsche 911 GT3 Cup (992),2026-05-17 00:44:10.210422
72,164,SP 10,PROAM,9,Brodmerkel,33,8:26.762,13:08.263,8:59.910,5,Porsche 718 Cayman GT4 RS CS,2026-05-17 00:44:10.210422
73,175,SP 10,AM,10,Vazquez,33,9:39.402,10:59.855,9:09.674,5,Mercedes-AMG GT4,2026-05-17 00:44:10.210422
74,999,Cup 3,PRO,10,Riemer,33,7:26.417,12:05.131,9:07.084,6,Porsche 718 Cayman GT4 Clubsport (Typ 982),2026-05-17 00:44:10.210422
75,967,Cup 3,PRO,11,Rich,32,----LAP 32,12:27.187,9:23.859,4,Porsche 718 Cayman GT4 Clubsport (Typ 982),2026-05-17 00:44:10.210422
76,169,SP 10,AM,11,Sander,32,1:28.481,11:22.768,9:17.197,4,Aston Martin Vantage AMR GT4,2026-05-17 00:44:10.210422
77,317,SP 3T,,1,Haugg,32,3:21.020,11:33.965,9:34.061,5,Audi TTs,2026-05-17 00:44:10.210422
78,969,Cup 3,AM,12,Stewart,32,3:32.712,14:42.301,9:27.071,4,Porsche 718 Cayman GT4 Clubsport (Typ 982),2026-05-17 00:44:10.210422
79,37,SP 9,AM,33,Wahl,32,3:38.052,10:58.050,8:37.093,6,Aston Martin Vantage AMR GT3,2026-05-17 00:44:10.210422
80,978,Cup 3,AM,13,Lamsouguer,32,4:32.263,11:59.053,9:33.831,4,Porsche 718 Cayman GT4 Clubsport (Typ 982),2026-05-17 00:44:10.210422
81,977,Cup 3,AM,14,Zimmermann,32,7:24.434,11:51.011,9:48.521,4,Porsche 718 Cayman GT4 Clubsport (Typ 982),2026-05-17 00:44:10.210422
82,898,BMW,,1,Dacher,32,8:17.052,11:22.392,9:44.883,4,BMW M2 Racing (G87)*,2026-05-17 00:44:10.210422
83,396,V6,,1,Büllesbach,32,8:39.539,11:50.248,9:38.681,5,Porsche Cayman S*,2026-05-17 00:44:10.210422
84,519,VT2 Hecka,,1,Tack,32,9:00.779,11:50.323,9:48.700,4,Toyota Supra*,2026-05-17 00:44:10.210422
85,878,BMW,,2,Schlichenmeier,32,10:33.621,11:32.509,9:51.694,5,BMW M2 Racing (G87)*,2026-05-17 00:44:10.210422
86,50,SP 4T,,2,Hammel,32,,12:43.149,8:57.956,5,VW Golf GTI Clubsport 24h,2026-05-17 00:44:10.210422
87,480,VT2 Front,,1,Dupré,32,10:49.277,11:43.998,9:49.819,6,Audi S3-Lim*,2026-05-17 00:44:10.210422
88,500,VT2 Hecka,,2,Zils,32,10:57.000,11:30.812,9:49.234,4,BMW 330i*,2026-05-17 00:44:10.210422
89,577,TCR,,2,Rosam,31,----LAP 31,14:29.589,9:25.597,4,Cupra Leon Competición TCR,2026-05-17 00:44:10.210422
90,669,BMW M240i,,1,Petrolo,31,13.568,11:36.917,9:43.196,4,BMW M240i Racing Cup*,2026-05-17 00:44:10.210422
91,658,BMW M240i,,2,Sari,31,1:30.970,14:18.871,9:58.764,5,BMW M240i Racing Cup*,2026-05-17 00:44:10.210422
92,321,SP 3T,,2,Mache,31,2:14.595,11:04.483,9:20.461,7,VW GOLF 7 GTI TCR DSG,2026-05-17 00:44:10.210422
93,652,BMW M240i,,3,Opran,31,2:22.680,11:26.506,9:37.792,5,BMW M240i Racing Cup*,2026-05-17 00:44:10.210422
94,170,SP 10,,12,Koyama,31,3:10.726,12:04.323,9:00.540,5,Toyota GR Supra GT4 EVO2,2026-05-17 00:44:10.210422
95,448,V6,,2,Müller,31,3:14.855,11:29.673,9:38.614,6,Porsche Cayman S*,2026-05-17 00:44:10.210422
96,665,BMW M240i,,4,Reinhard,31,3:40.754,11:37.264,9:41.802,5,BMW M240i Racing Cup*,2026-05-17 00:44:10.210422
97,653,BMW M240i,,5,Fitzgerald,31,3:52.517,11:53.340,9:45.564,6,BMW M240i Racing Cup*,2026-05-17 00:44:10.210422
98,471,VT2 Front,,2,Eichhorn,31,7:13.001,11:39.860,9:59.750,5,Cupra Leon KL*,2026-05-17 00:44:10.210422
99,444,V5,,1,Korn,31,8:10.668,11:47.663,9:54.131,5,Porsche Cayman CM12*,2026-05-17 00:44:10.210422
100,474,VT2 Front,,3,Hrubesch,31,8:27.382,12:34.655,10:15.189,5,VW Golf GTI *,2026-05-17 00:44:10.210422
101,40,SP 9,AM,34,Posavac,31,8:28.807,11:14.612,8:53.859,4,BMW E89 Z4 (EVO 2013),2026-05-17 00:44:10.210422
102,941,Cup 3,PRO,15,van der Snel,31,,10:29.524,9:05.659,4,Porsche 718 Cayman GT4 Clubsport (Typ 982),2026-05-17 00:44:10.210422
103,89,TCR,,3,Groneck,31,9:38.510,11:36.253,9:55.499,5,VW GOLF 7 GTI TCR DSG,2026-05-17 00:44:10.210422
104,524,VT2 Hecka,,3,Ooms,31,10:17.878,14:49.647,9:48.602,4,Toyota Supra*,2026-05-17 00:44:10.210422
105,454,V5,,2,Hansen,31,10:29.079,13:21.370,10:10.380,4,Porsche Cayman CM12*,2026-05-17 00:44:10.210422
106,670,BMW M240i,,6,Paviot,30,----LAP 30,15:10.843,9:58.466,5,BMW M240i Racing Cup*,2026-05-17 00:44:10.210422
107,870,BMW,,3,Kreutzpointner,30,24.856,12:48.925,9:46.793,5,BMW M2 Racing (G87)*,2026-05-17 00:44:10.210422
108,520,VT2 Hecka,,4,Horino,30,3:29.330,15:21.149,9:56.492,4,Toyota Supra*,2026-05-17 00:44:10.210422
109,667,BMW M240i,,7,Fontes,30,5:11.062,15:43.246,9:49.349,5,BMW M240i Racing Cup*,2026-05-17 00:44:10.210422
110,503,VT2 Hecka,,5,Ehrhardt,30,6:22.997,12:26.495,10:07.362,5,Toyota Supra*,2026-05-17 00:44:10.210422
111,420,SP 7,,2,Schöni,30,7:48.927,12:10.508,9:15.838,4,Porsche 718 Cayman GT4 Clubsport (Typ 982),2026-05-17 00:44:10.210422
112,651,BMW M240i,,8,Silva,30,9:21.965,11:40.582,9:38.161,5,BMW M240i Racing Cup*,2026-05-17 00:44:10.210422
113,100,BMW 325i,,1,Gruber,30,10:54.481,13:51.124,10:21.172,3,BMW 325i*,2026-05-17 00:44:10.210422
114,472,VT2 Front,,4,Füting,30,5:57.629,13:46.616,10:15.934,5,Cupra Leon KL*,2026-05-17 00:44:10.210422
115,821,SP 3T,,3,Epp,29,----LAP 29,11:26.989,9:40.639,6,Audi RS3 LMS DSG*,2026-05-17 00:44:10.210422
116,650,BMW M240i,,9,Fübrich,29,58.448,13:41.324,9:29.559,5,BMW M240i Racing Cup*,2026-05-17 00:44:10.210422
117,418,V6,,3,Lamadrid,29,2:48.419,13:13.372,10:12.681,6,Porsche Cayman S*,2026-05-17 00:44:10.210422
118,514,VT2 Hecka,,6,De Groot,29,3:14.949,14:01.960,9:47.916,4,BMW 330i*,2026-05-17 00:44:10.210422
119,415,V6,,4,Arnold,29,6:15.514,11:17.984,9:39.386,5,Porsche 911 Carrera*,2026-05-17 00:44:10.210422
120,320,AT2,,2,López Cesaratto,29,7:06.462,10:43.146,8:57.689,5,Porsche 911 GT3 Cup (992.1),2026-05-17 00:44:10.210422
121,979,Cup 3,PRO,16,Surzyshyn,29,9:15.430,52:13.098,9:18.187,5,Porsche 718 Cayman GT4 Clubsport (Typ 982),2026-05-17 00:44:10.210422
122,959,Cup 3,PRO,17,Haughton,29,9:19.188,10:55.426,9:01.126,4,Porsche 718 Cayman GT4 Clubsport (Typ 982),2026-05-17 00:44:10.210422
123,101,BMW 325i,,2,Schwolow,28,----LAP 28,16:18.352,10:43.196,4,BMW 325i (e90)*,2026-05-17 00:44:10.210422
124,505,VT2 Hecka,,7,Van Vooren,28,1:14.953,12:35.313,10:43.608,4,BMW 330i*,2026-05-17 00:44:10.210422
125,112,BMW 325i,,3,Küpper,28,5:49.005,15:25.422,10:33.637,5,BMW 325i (e90)*,2026-05-17 00:44:10.210422
126,445,V5,,3,Welker,28,11:07.791,13:28.341,10:41.778,5,Porsche Cayman CM12*,2026-05-17 00:44:10.210422
127,455,V5,,4,Trinius,28,,22:54.838,10:35.030,5,Porsche Cayman CM12*,2026-05-17 00:44:10.210422
128,303,SP 4T,,3,Shin,28,5:20.514,13:21.674,9:29.769,4,Hyundai Motor Company ELANTRAN1 RP,2026-05-17 00:44:10.210422
129,830,TCR,,4,Basseng,28,10:17.904,11:43.614,8:54.740,5,Hyundai Motor Company ELANTRA N TCR,2026-05-17 00:44:10.210422
130,440,V5,,5,Ebener,27,----LAP 27,11:57.419,10:09.194,5,Porsche Cayman CM12*,2026-05-17 00:44:10.210422
131,477,VT2 Front,,5,Mennecke,27,30.365,13:18.035,10:56.392,5,VW Scirocco R TSI*,2026-05-17 00:44:10.210422
132,380,SP 2T,,1,Schäffer,27,1:31.886,19:09.641,10:43.078,4,Opel Corsa GS Line 130*,2026-05-17 00:44:10.210422
133,152,SP 4,,1,Koger,27,2:09.769,20:12.305,11:21.667,4,BMW 325CI*,2026-05-17 00:44:10.210422
134,10,SP 3T,,4,Lenz,27,5:23.635,11:26.459,9:32.312,6,VW Golf GTI Clubsport 24h,2026-05-17 00:44:10.210422
135,300,SP 3T,,5,Geilfus,27,8:10.793,13:02.217,10:22.613,6,Dacia Logan,2026-05-17 00:44:10.210422
136,82,SP 7,,3,Schröder,27,10:15.041,11:30.565,9:42.820,6,Porsche 718 Cayman GT4 Clubsport (Typ 982),2026-05-17 00:44:10.210422
137,109,SP 2T,,2,Oshima,27,11:11.165,18:49.537,9:33.699,6,Toyota GR Yaris,2026-05-17 00:44:10.210422
138,59,SP 8T,,1,Weishar,27,14:01.666,11:14.779,8:57.891,4,McLaren Artura Trophy Evo,2026-05-17 00:44:10.210422
139,786,SP 9,AM,35,Nana,26,----LAP 26,15:57.033,8:28.245,6,Lamborghini Huracan GT3 EVO2,2026-05-17 00:44:10.210422
140,302,SP 4T,,4,Azcona,25,----LAP 25,13:07.400,9:21.541,3,Hyundai Motor Company ELANTRAN1 RP,2026-05-17 00:44:10.210422
141,911,SP 9,PRO,36,Estre,24,----LAP 24,12:05.638,8:13.671,3,Porsche 911 GT3 R (992) Evo26,2026-05-17 00:44:10.210422
142,64,SP 9,PRO,37,Maini,24,1:16.175,9:15.199,8:14.825,3,Ford Mustang GT3 EVO (2026),2026-05-17 00:44:10.210422
143,677,BMW M240i,,10,Tauber,24,1:57:46.141,14:42.815,10:17.190,5,BMW M240i Racing Cup*,2026-05-17 00:44:10.210422
144,800,SP 3T,,6,Oepen,23,----LAP 23,15:44.814,9:44.296,7,VW GOLF 7 GTI TCR DSG,2026-05-17 00:44:10.210422
145,76,SP 4T,,5,Hochwind,21,----LAP 21,1:26:49.596,9:03.336,5,VW Golf GTI Clubsport 24h,2026-05-17 00:44:10.210422
146,569,VT2 Hecka,,8,Van‘t veer,20,----LAP 20,14:14.953,10:14.652,5,BMW 328i*,2026-05-17 00:44:10.210422
147,808,SP 3T,,7,Geon,17,----LAP 17,16:54.324,10:03.234,2,Cupra TCR DSG,2026-05-17 00:44:10.210422
148,501,VT2 Hecka,,9,Vortkamp,17,,13:48.642,10:19.031,3,BMW 330i*,2026-05-17 00:44:10.210422
149,108,BMW 325i,,4,Grilli,16,----LAP 16,17:57.423,10:40.183,4,BMW 325i (e90)*,2026-05-17 00:44:10.210422
150,277,SP 3,,1,Harris,16,,27:12.894,10:17.533,5,BMW 318ti (E36)*,2026-05-17 00:44:10.210422
151,16,SP 9,PRO,38,Sims,16,,20:15.798,8:13.543,3,Audi R8 LMS GT3 evo II,2026-05-17 00:44:10.210422
152,47,SP 9,PRO,39,Krohn,15,----LAP 15,9:34.941,8:13.404,2,Mercedes-AMG GT3,2026-05-17 00:44:10.210422
153,189,SP 10,AM,13,Kroll,15,23:04.326,13:14.547,9:02.852,2,BMW M4 GT4 EVO (G82),2026-05-17 00:44:10.210422
154,45,SP 9,PRO,40,Vermeulen,14,----LAP 14,12:21.623,8:12.515,2,Ferrari 296 GT3 Evo26,2026-05-17 00:44:10.210422
155,75,AT1,PROAM,2,Fugel,11,----LAP 11,8:31.376,8:20.316,1,Audi R8 LMS GT3 evo II,2026-05-17 00:44:10.210422
156,195,BMW M240i,,11,Hoenjet,10,----LAP 10,10:18.132,9:31.981,1,BMW M240i Racing Cup*,2026-05-17 00:44:10.210422
157,110,SP 2T,,3,Sasaki,7,----LAP 7,12:50.416,11:05.842,2,Toyota GR Yaris,2026-05-17 00:44:10.210422
158,410,V6,,5,Croci,6,----LAP 6,10:08.339,10:20.292,1,Porsche Cayman GTS*,2026-05-17 00:44:10.210422
159,35,SP 9,PROAM,41,Fernandez Laser,4,----LAP 4,10:19.256,8:29.335,1,Aston Martin Vantage AMR GT3 EVO,2026-05-17 00:44:10.210422
NormalQualified,NormalQualified,NormalQualified,NormalQualified,NormalQualified,NormalQualified,NormalQualified,NormalQualified,NormalQualified,NormalQualified,NormalQualified,NormalQualified,2026-05-17 00:44:10.210422
1,3,SP 9,PRO,1,Auer,38,----LAP 38,9:46.909,8:13.690,5,Mercedes-AMG GT3,2026-05-17 00:44:40.374774
2,80,SP 9,PRO,2,Schiller,38,01.100,9:46.499,8:14.337,5,Mercedes-AMG GT3,2026-05-17 00:44:40.374774
3,34,SP 9,PRO,3,Drudi,38,2:31.784,9:54.983,8:17.432,5,Aston Martin Vantage AMR GT3 EVO,2026-05-17 00:44:40.374774
4,99,SP 9,PRO,4,Harper,38,2:41.603,9:36.895,8:18.953,5,BMW M4 GT3 EVO,2026-05-17 00:44:40.374774
5,81,SP-X,PRO,1,de Phillippi,38,3:09.802,10:22.802,8:17.045,5,BMW M3 Touring 24h,2026-05-17 00:44:40.374774
6,44,SP 9,PRO,5,Bachler,38,3:12.824,10:06.254,8:17.284,5,Porsche 911 GT3 R (992) Evo26,2026-05-17 00:44:40.374774
7,24,SP 9,PRO,6,Vanthoor,38,4:13.745,11:06.357,8:18.141,4,Porsche 911 GT3 R (992) Evo26,2026-05-17 00:44:40.374774
8,1,SP 9,PRO,7,Farfus,38,5:48.809,9:57.631,8:16.257,5,BMW M4 GT3 EVO,2026-05-17 00:44:40.374774
9,67,SP 9,PRO,8,Vervisch,38,6:05.863,10:03.541,8:16.169,5,Ford Mustang GT3 EVO (2026),2026-05-17 00:44:40.374774
10,65,SP 9,PROAM,9,Caresani,38,6:38.811,9:57.456,8:15.271,5,Ford Mustang GT3 EVO (2026),2026-05-17 00:44:40.374774
11,54,SP 9,PRO,10,Christensen,38,6:24.454,10:51.396,8:21.411,5,Porsche 911 GT3 R (992) Evo26,2026-05-17 00:44:40.374774
12,86,SP 9,PROAM,11,King,38,7:05.298,9:24.801,8:24.189,5,Porsche 911 GT3 R (992) Evo26,2026-05-17 00:44:40.374774
13,26,SP 9,PRO,12,Böckmann,37,----LAP 37,9:56.205,8:14.685,5,Mercedes-AMG GT3,2026-05-17 00:44:40.374774
14,84,SP 9,PRO,13,Bortolotti,37,09.730,9:52.288,8:11.149,5,Lamborghini Huracan GT3 EVO2,2026-05-17 00:44:40.374774
15,77,SP 9,PRO,14,Frijns,37,59.558,10:24.817,8:14.452,5,BMW M4 GT3 EVO,2026-05-17 00:44:40.374774
16,48,SP 9,PROAM,15,Müller,37,1:12.657,10:17.979,8:17.605,5,Porsche 911 GT3 R (992) Evo26,2026-05-17 00:44:40.374774
17,11,SP 9,PROAM,16,Härtling,37,1:21.707,10:15.253,8:19.388,5,Mercedes-AMG GT3,2026-05-17 00:44:40.374774
18,55,SP 9,PRO,17,Sturm,37,1:46.499,10:06.096,8:27.508,6,Porsche 911 GT3 R (992) Evo26,2026-05-17 00:44:40.374774
19,18,SP 9,PROAM,18,Kolb,37,2:25.197,9:52.824,8:24.640,5,Porsche 911 GT3 R (992) Evo26,2026-05-17 00:44:40.374774
20,17,SP 9,PRO,19,Menzel,37,2:33.938,9:36.782,8:18.394,6,Porsche 911 GT3 R (992) Evo26,2026-05-17 00:44:40.374774
21,69,SP 9,PRO,20,Dörr,37,3:47.824,10:03.009,8:18.493,5,McLaren 720S-GT3,2026-05-17 00:44:40.374774
22,123,SP 9,PROAM,21,Brundle,37,4:54.815,9:55.584,8:25.985,5,Porsche 911 GT3 R (992) Evo26,2026-05-17 00:44:40.374774
23,7,SP 9,PRO,22,Paul,37,5:01.048,9:50.406,8:14.446,5,Lamborghini Huracan GT3 EVO2,2026-05-17 00:44:40.374774
24,5,SP 9,AM,23,Kiefer,37,5:35.264,10:14.902,8:18.760,5,Porsche 911 GT3 R (992) Evo26,2026-05-17 00:44:40.374774
25,4,SP 9,PROAM,24,Fontana,37,5:49.702,10:03.121,8:22.099,5,Porsche 911 GT3 R (992) Evo26,2026-05-17 00:44:40.374774
26,30,SP 9,PROAM,25,Seefried,37,7:25.470,10:32.804,8:24.267,5,Porsche 911 GT3 R (992) Evo26,2026-05-17 00:44:40.374774
27,39,SP 9,PROAM,26,Hantke,37,8:46.717,10:36.610,8:28.420,5,Aston Martin Vantage AMR GT3 EVO,2026-05-17 00:44:40.374774
28,32,SP 9,PROAM,27,Nakayama,36,----LAP 36,12:49.674,8:31.507,5,Mercedes-AMG GT3,2026-05-17 00:44:40.374774
29,130,SP 9,PRO,28,Yelloly,36,2:22.034,23:54.448,8:14.351,5,Lamborghini Huracan GT3 EVO2,2026-05-17 00:44:40.374774
30,66,SP-X,PROAM,2,Hörr,36,2:36.353,10:54.172,8:31.491,5,KTM X-Bow GTX,2026-05-17 00:44:40.374774
31,900,Cup 2,PRO,1,Meijer,36,3:38.670,10:25.087,8:31.415,4,Porsche 911 GT3 Cup (992),2026-05-17 00:44:40.374774
32,902,Cup 2,PRO,2,Rennhofer,36,4:26.102,10:16.282,8:31.047,4,Porsche 911 GT3 Cup (992),2026-05-17 00:44:40.374774
33,918,Cup 2,PRO,3,Scheerbarth,36,6:54.264,10:38.620,8:32.495,4,Porsche 911 GT3 Cup (992),2026-05-17 00:44:40.374774
34,71,SP 9,PROAM,29,Kaffer,36,7:17.897,10:21.220,8:27.786,5,Audi R8 LMS GT3 evo II,2026-05-17 00:44:40.374774
35,19,AT1,PROAM,1,Coronel,35,----LAP 35,10:11.285,8:26.868,5,Audi R8 LMS GT3 evo II,2026-05-17 00:44:40.374774
36,61,SP-X,PRO,3,Arnold,35,2:36.823,10:47.814,8:49.118,5,HWA EVO.R,2026-05-17 00:44:40.374774
37,8,SP 9,AM,30,Veremenko,35,3:29.303,10:15.222,8:31.131,5,Audi R8 LMS GT3 evo II,2026-05-17 00:44:40.374774
38,992,SP-PRO,PROAM,1,Griesemann,35,3:30.969,13:55.477,8:36.238,5,Porsche 911 GT3 CUP MR,2026-05-17 00:44:40.374774
39,62,SP-X,PRO,4,Adelson,35,4:57.540,11:59.157,8:44.071,4,HWA EVO.R,2026-05-17 00:44:40.374774
40,925,Cup 2,PRO,4,Miller,35,5:47.121,10:27.198,8:50.061,4,Porsche 911 GT3 Cup (992),2026-05-17 00:44:40.374774
41,909,Cup 2,AM,5,Messenger,35,6:26.123,12:26.851,8:38.719,4,Porsche 911 GT3 Cup (992),2026-05-17 00:44:40.374774
42,904,Cup 2,AM,6,Kranz,35,6:56.285,10:24.706,8:34.272,5,Porsche 911 GT3 Cup (992),2026-05-17 00:44:40.374774
43,632,AT2,,1,Charoudin,35,7:33.704,11:15.362,8:33.391,5,Porsche 911 GT3 Cup (992.1),2026-05-17 00:44:40.374774
44,63,SP-X,PRO,5,Holstad,35,7:35.049,11:28.028,8:50.353,5,HWA EVO.R,2026-05-17 00:44:40.374774
45,88,SP 4T,,1,Van Dam,35,8:09.277,11:48.582,8:58.132,4,Subaru WRX,2026-05-17 00:44:40.374774
46,962,Cup 3,PRO,1,Wiedmann,35,8:20.558,11:10.411,9:00.773,4,Porsche 718 Cayman GT4 Clubsport (Typ 982),2026-05-17 00:44:40.374774
47,908,Cup 2,AM,7,Mühlenz,35,8:54.277,11:10.716,8:48.446,4,Porsche 911 GT3 Cup (992),2026-05-17 00:44:40.374774
48,919,Cup 2,PRO,8,Chrzanowski,35,9:11.411,10:38.903,8:34.385,5,Porsche 911 GT3 Cup (992),2026-05-17 00:44:40.374774
49,176,SP 10,PROAM,1,de Oliveira,35,9:21.171,10:55.161,9:00.405,4,Mercedes-AMG GT4,2026-05-17 00:44:40.374774
50,888,SP 10,PROAM,2,Wiskirchen,35,9:22.534,10:51.962,8:54.980,4,BMW M4 GT4 EVO (G82),2026-05-17 00:44:40.374774
51,33,SP 9,PROAM,31,Di Martino,35,,15:55.817,8:33.316,6,Audi R8 LMS GT3 evo II,2026-05-17 00:44:40.374774
52,777,Cup 2,AM,9,Jönsson,35,8:29.597,12:21.347,8:37.406,5,Porsche 911 GT3 Cup (992),2026-05-17 00:44:40.374774
53,187,SP 10,PROAM,3,Link,34,----LAP 34,14:10.688,8:57.978,5,BMW M4 GT4 (G82),2026-05-17 00:44:40.374774
54,180,SP 10,AM,4,Ogburn,34,2:05.793,11:11.857,8:56.749,5,BMW M4 GT4 EVO (G82),2026-05-17 00:44:40.374774
55,145,SP 10,PROAM,5,Bleekemolen,34,2:54.363,11:10.870,8:57.361,5,BMW M4 GT4 EVO (G82),2026-05-17 00:44:40.374774
56,971,Cup 3,PRO,2,Braun,34,2:57.450,12:09.207,9:00.846,4,Porsche 718 Cayman GT4 Clubsport (Typ 982),2026-05-17 00:44:40.374774
57,36,SP 9,AM,32,Scherer,34,4:11.517,11:57.971,9:05.727,5,BMW E89 Z4 (EVO 2013),2026-05-17 00:44:40.374774
58,177,SP 10,PROAM,6,Nicolae,34,4:14.531,10:54.145,9:00.667,4,BMW M4 GT4 EVO (G82),2026-05-17 00:44:40.374774
59,91,SP 7,,1,Ertl,34,5:42.266,11:49.779,8:49.797,5,Porsche 911 GT3 Cup (991),2026-05-17 00:44:40.374774
60,961,Cup 3,PRO,3,Lu,34,8:34.876,11:36.820,9:08.057,4,Porsche 718 Cayman GT4 Clubsport (Typ 982),2026-05-17 00:44:40.374774
61,949,Cup 3,AM,4,Wenisch,34,9:02.562,14:19.273,9:12.020,5,Porsche 718 Cayman GT4 Clubsport (Typ 982),2026-05-17 00:44:40.374774
62,966,Cup 3,PRO,5,Oehme,34,9:18.215,11:40.114,9:17.003,6,Porsche 718 Cayman GT4 Clubsport (Typ 982),2026-05-17 00:44:40.374774
63,90,SP 10,PROAM,7,Sagrera,34,3:57.770,10:51.396,8:59.380,5,Toyota GR Supra GT4 EVO2,2026-05-17 00:44:40.374774
64,776,TCR,,1,Gabbiani,33,----LAP 33,15:24.742,9:20.188,6,Audi RS3 LMS SEQ,2026-05-17 00:44:40.374774
65,939,Cup 3,AM,6,Schwenk,33,1:01.796,13:55.264,9:15.697,5,Porsche 718 Cayman GT4 Clubsport (Typ 982),2026-05-17 00:44:40.374774
66,171,SP 10,AM,8,Ullström,33,1:02.471,15:20.512,9:23.892,5,Porsche 718 Cayman GT4 RS CS,2026-05-17 00:44:40.374774
67,952,Cup 3,PRO,7,Kraus,33,2:57.034,11:46.208,9:27.223,4,Porsche 718 Cayman GT4 Clubsport (Typ 982),2026-05-17 00:44:40.374774
68,982,Cup 3,AM,8,Duffner,33,3:17.339,11:50.968,9:22.333,4,Porsche 718 Cayman GT4 Clubsport (Typ 982),2026-05-17 00:44:40.374774
69,945,Cup 3,AM,9,Okumura,33,4:44.655,12:19.504,9:41.427,4,Porsche 718 Cayman GT4 Clubsport (Typ 982),2026-05-17 00:44:40.374774
70,95,Cup 2,PRO,10,Rettenbacher,33,6:08.663,10:20.139,8:38.526,7,Porsche 911 GT3 Cup (992),2026-05-17 00:44:40.374774
71,13,Cup 2,AM,11,Ecke,33,6:18.736,14:38.366,9:17.807,4,Porsche 911 GT3 Cup (992),2026-05-17 00:44:40.374774
72,164,SP 10,PROAM,9,Brodmerkel,33,8:26.762,13:08.263,8:59.910,5,Porsche 718 Cayman GT4 RS CS,2026-05-17 00:44:40.374774
73,175,SP 10,AM,10,Vazquez,33,9:39.402,10:59.855,9:09.674,5,Mercedes-AMG GT4,2026-05-17 00:44:40.374774
74,999,Cup 3,PRO,10,Riemer,33,7:26.417,12:05.131,9:07.084,6,Porsche 718 Cayman GT4 Clubsport (Typ 982),2026-05-17 00:44:40.374774
75,967,Cup 3,PRO,11,Rich,32,----LAP 32,12:27.187,9:23.859,4,Porsche 718 Cayman GT4 Clubsport (Typ 982),2026-05-17 00:44:40.374774
76,169,SP 10,AM,11,Sander,32,1:28.481,11:22.768,9:17.197,4,Aston Martin Vantage AMR GT4,2026-05-17 00:44:40.374774
77,317,SP 3T,,1,Haugg,32,3:21.020,11:33.965,9:34.061,5,Audi TTs,2026-05-17 00:44:40.374774
78,969,Cup 3,AM,12,Stewart,32,3:32.712,14:42.301,9:27.071,4,Porsche 718 Cayman GT4 Clubsport (Typ 982),2026-05-17 00:44:40.374774
79,37,SP 9,AM,33,Wahl,32,3:38.052,10:58.050,8:37.093,6,Aston Martin Vantage AMR GT3,2026-05-17 00:44:40.374774
80,978,Cup 3,AM,13,Lamsouguer,32,4:32.263,11:59.053,9:33.831,4,Porsche 718 Cayman GT4 Clubsport (Typ 982),2026-05-17 00:44:40.374774
81,977,Cup 3,AM,14,Zimmermann,32,7:24.434,11:51.011,9:48.521,4,Porsche 718 Cayman GT4 Clubsport (Typ 982),2026-05-17 00:44:40.374774
82,898,BMW,,1,Dacher,32,8:17.052,11:22.392,9:44.883,4,BMW M2 Racing (G87)*,2026-05-17 00:44:40.374774
83,396,V6,,1,Büllesbach,32,8:39.539,11:50.248,9:38.681,5,Porsche Cayman S*,2026-05-17 00:44:40.374774
84,519,VT2 Hecka,,1,Tack,32,9:00.779,11:50.323,9:48.700,4,Toyota Supra*,2026-05-17 00:44:40.374774
85,878,BMW,,2,Schlichenmeier,32,10:33.621,11:32.509,9:51.694,5,BMW M2 Racing (G87)*,2026-05-17 00:44:40.374774
86,50,SP 4T,,2,Hammel,32,,12:43.149,8:57.956,5,VW Golf GTI Clubsport 24h,2026-05-17 00:44:40.374774
87,480,VT2 Front,,1,Dupré,32,10:49.277,11:43.998,9:49.819,6,Audi S3-Lim*,2026-05-17 00:44:40.374774
88,500,VT2 Hecka,,2,Zils,32,10:57.000,11:30.812,9:49.234,4,BMW 330i*,2026-05-17 00:44:40.374774
89,577,TCR,,2,Rosam,31,----LAP 31,14:29.589,9:25.597,4,Cupra Leon Competición TCR,2026-05-17 00:44:40.374774
90,669,BMW M240i,,1,Petrolo,31,13.568,11:36.917,9:43.196,4,BMW M240i Racing Cup*,2026-05-17 00:44:40.374774
91,658,BMW M240i,,2,Sari,31,1:30.970,14:18.871,9:58.764,5,BMW M240i Racing Cup*,2026-05-17 00:44:40.374774
92,321,SP 3T,,2,Mache,31,2:14.595,11:04.483,9:20.461,7,VW GOLF 7 GTI TCR DSG,2026-05-17 00:44:40.374774
93,652,BMW M240i,,3,Opran,31,2:22.680,11:26.506,9:37.792,5,BMW M240i Racing Cup*,2026-05-17 00:44:40.374774
94,170,SP 10,,12,Koyama,31,3:10.726,12:04.323,9:00.540,5,Toyota GR Supra GT4 EVO2,2026-05-17 00:44:40.374774
95,448,V6,,2,Müller,31,3:14.855,11:29.673,9:38.614,6,Porsche Cayman S*,2026-05-17 00:44:40.374774
96,665,BMW M240i,,4,Reinhard,31,3:40.754,11:37.264,9:41.802,5,BMW M240i Racing Cup*,2026-05-17 00:44:40.374774
97,653,BMW M240i,,5,Fitzgerald,31,3:52.517,11:53.340,9:45.564,6,BMW M240i Racing Cup*,2026-05-17 00:44:40.374774
98,471,VT2 Front,,2,Eichhorn,31,7:13.001,11:39.860,9:59.750,5,Cupra Leon KL*,2026-05-17 00:44:40.374774
99,444,V5,,1,Korn,31,8:10.668,11:47.663,9:54.131,5,Porsche Cayman CM12*,2026-05-17 00:44:40.374774
100,474,VT2 Front,,3,Hrubesch,31,8:27.382,12:34.655,10:15.189,5,VW Golf GTI *,2026-05-17 00:44:40.374774
101,40,SP 9,AM,34,Posavac,31,8:28.807,11:14.612,8:53.859,4,BMW E89 Z4 (EVO 2013),2026-05-17 00:44:40.374774
102,941,Cup 3,PRO,15,van der Snel,31,,10:29.524,9:05.659,4,Porsche 718 Cayman GT4 Clubsport (Typ 982),2026-05-17 00:44:40.374774
103,89,TCR,,3,Groneck,31,9:38.510,11:36.253,9:55.499,5,VW GOLF 7 GTI TCR DSG,2026-05-17 00:44:40.374774
104,524,VT2 Hecka,,3,Ooms,31,10:17.878,14:49.647,9:48.602,4,Toyota Supra*,2026-05-17 00:44:40.374774
105,454,V5,,2,Hansen,31,10:29.079,13:21.370,10:10.380,4,Porsche Cayman CM12*,2026-05-17 00:44:40.374774
106,670,BMW M240i,,6,Paviot,30,----LAP 30,15:10.843,9:58.466,5,BMW M240i Racing Cup*,2026-05-17 00:44:40.374774
107,870,BMW,,3,Kreutzpointner,30,24.856,12:48.925,9:46.793,5,BMW M2 Racing (G87)*,2026-05-17 00:44:40.374774
108,520,VT2 Hecka,,4,Horino,30,3:29.330,15:21.149,9:56.492,4,Toyota Supra*,2026-05-17 00:44:40.374774
109,667,BMW M240i,,7,Fontes,30,5:11.062,15:43.246,9:49.349,5,BMW M240i Racing Cup*,2026-05-17 00:44:40.374774
110,503,VT2 Hecka,,5,Ehrhardt,30,6:22.997,12:26.495,10:07.362,5,Toyota Supra*,2026-05-17 00:44:40.374774
111,420,SP 7,,2,Schöni,30,7:48.927,12:10.508,9:15.838,4,Porsche 718 Cayman GT4 Clubsport (Typ 982),2026-05-17 00:44:40.374774
112,651,BMW M240i,,8,Silva,30,9:21.965,11:40.582,9:38.161,5,BMW M240i Racing Cup*,2026-05-17 00:44:40.374774
113,100,BMW 325i,,1,Gruber,30,10:54.481,13:51.124,10:21.172,3,BMW 325i*,2026-05-17 00:44:40.374774
114,472,VT2 Front,,4,Füting,30,5:57.629,13:46.616,10:15.934,5,Cupra Leon KL*,2026-05-17 00:44:40.374774
115,821,SP 3T,,3,Epp,29,----LAP 29,11:26.989,9:40.639,6,Audi RS3 LMS DSG*,2026-05-17 00:44:40.374774
116,650,BMW M240i,,9,Fübrich,29,58.448,13:41.324,9:29.559,5,BMW M240i Racing Cup*,2026-05-17 00:44:40.374774
117,418,V6,,3,Lamadrid,29,2:48.419,13:13.372,10:12.681,6,Porsche Cayman S*,2026-05-17 00:44:40.374774
118,514,VT2 Hecka,,6,De Groot,29,3:14.949,14:01.960,9:47.916,4,BMW 330i*,2026-05-17 00:44:40.374774
119,415,V6,,4,Arnold,29,6:15.514,11:17.984,9:39.386,5,Porsche 911 Carrera*,2026-05-17 00:44:40.374774
120,320,AT2,,2,López Cesaratto,29,7:06.462,10:43.146,8:57.689,5,Porsche 911 GT3 Cup (992.1),2026-05-17 00:44:40.374774
121,979,Cup 3,PRO,16,Surzyshyn,29,9:15.430,52:13.098,9:18.187,5,Porsche 718 Cayman GT4 Clubsport (Typ 982),2026-05-17 00:44:40.374774
122,959,Cup 3,PRO,17,Haughton,29,9:19.188,10:55.426,9:01.126,4,Porsche 718 Cayman GT4 Clubsport (Typ 982),2026-05-17 00:44:40.374774
123,101,BMW 325i,,2,Schwolow,28,----LAP 28,16:18.352,10:43.196,4,BMW 325i (e90)*,2026-05-17 00:44:40.374774
124,505,VT2 Hecka,,7,Van Vooren,28,1:14.953,12:35.313,10:43.608,4,BMW 330i*,2026-05-17 00:44:40.374774
125,112,BMW 325i,,3,Küpper,28,5:49.005,15:25.422,10:33.637,5,BMW 325i (e90)*,2026-05-17 00:44:40.374774
126,445,V5,,3,Welker,28,11:07.791,13:28.341,10:41.778,5,Porsche Cayman CM12*,2026-05-17 00:44:40.374774
127,455,V5,,4,Trinius,28,,22:54.838,10:35.030,5,Porsche Cayman CM12*,2026-05-17 00:44:40.374774
128,303,SP 4T,,3,Shin,28,5:20.514,13:21.674,9:29.769,4,Hyundai Motor Company ELANTRAN1 RP,2026-05-17 00:44:40.374774
129,830,TCR,,4,Basseng,28,10:17.904,11:43.614,8:54.740,5,Hyundai Motor Company ELANTRA N TCR,2026-05-17 00:44:40.374774
130,440,V5,,5,Ebener,27,----LAP 27,11:57.419,10:09.194,5,Porsche Cayman CM12*,2026-05-17 00:44:40.374774
131,477,VT2 Front,,5,Mennecke,27,30.365,13:18.035,10:56.392,5,VW Scirocco R TSI*,2026-05-17 00:44:40.374774
132,380,SP 2T,,1,Schäffer,27,1:31.886,19:09.641,10:43.078,4,Opel Corsa GS Line 130*,2026-05-17 00:44:40.374774
133,152,SP 4,,1,Koger,27,2:09.769,20:12.305,11:21.667,4,BMW 325CI*,2026-05-17 00:44:40.374774
134,10,SP 3T,,4,Lenz,27,5:23.635,11:26.459,9:32.312,6,VW Golf GTI Clubsport 24h,2026-05-17 00:44:40.374774
135,300,SP 3T,,5,Geilfus,27,8:10.793,13:02.217,10:22.613,6,Dacia Logan,2026-05-17 00:44:40.374774
136,82,SP 7,,3,Schröder,27,10:15.041,11:30.565,9:42.820,6,Porsche 718 Cayman GT4 Clubsport (Typ 982),2026-05-17 00:44:40.374774
137,109,SP 2T,,2,Oshima,27,11:11.165,18:49.537,9:33.699,6,Toyota GR Yaris,2026-05-17 00:44:40.374774
138,59,SP 8T,,1,Weishar,27,14:01.666,11:14.779,8:57.891,4,McLaren Artura Trophy Evo,2026-05-17 00:44:40.374774
139,786,SP 9,AM,35,Nana,26,----LAP 26,15:57.033,8:28.245,6,Lamborghini Huracan GT3 EVO2,2026-05-17 00:44:40.374774
140,302,SP 4T,,4,Azcona,25,----LAP 25,13:07.400,9:21.541,3,Hyundai Motor Company ELANTRAN1 RP,2026-05-17 00:44:40.374774
141,911,SP 9,PRO,36,Estre,24,----LAP 24,12:05.638,8:13.671,3,Porsche 911 GT3 R (992) Evo26,2026-05-17 00:44:40.374774
142,64,SP 9,PRO,37,Maini,24,1:16.175,9:15.199,8:14.825,3,Ford Mustang GT3 EVO (2026),2026-05-17 00:44:40.374774
143,677,BMW M240i,,10,Tauber,24,1:57:46.141,14:42.815,10:17.190,5,BMW M240i Racing Cup*,2026-05-17 00:44:40.374774
144,800,SP 3T,,6,Oepen,23,----LAP 23,15:44.814,9:44.296,7,VW GOLF 7 GTI TCR DSG,2026-05-17 00:44:40.374774
145,76,SP 4T,,5,Hochwind,21,----LAP 21,1:26:49.596,9:03.336,5,VW Golf GTI Clubsport 24h,2026-05-17 00:44:40.374774
146,569,VT2 Hecka,,8,Van‘t veer,20,----LAP 20,14:14.953,10:14.652,5,BMW 328i*,2026-05-17 00:44:40.374774
147,808,SP 3T,,7,Geon,17,----LAP 17,16:54.324,10:03.234,2,Cupra TCR DSG,2026-05-17 00:44:40.374774
148,501,VT2 Hecka,,9,Vortkamp,17,,13:48.642,10:19.031,3,BMW 330i*,2026-05-17 00:44:40.374774
149,108,BMW 325i,,4,Grilli,16,----LAP 16,17:57.423,10:40.183,4,BMW 325i (e90)*,2026-05-17 00:44:40.374774
150,277,SP 3,,1,Harris,16,,27:12.894,10:17.533,5,BMW 318ti (E36)*,2026-05-17 00:44:40.374774
151,16,SP 9,PRO,38,Sims,16,,20:15.798,8:13.543,3,Audi R8 LMS GT3 evo II,2026-05-17 00:44:40.374774
152,47,SP 9,PRO,39,Krohn,15,----LAP 15,9:34.941,8:13.404,2,Mercedes-AMG GT3,2026-05-17 00:44:40.374774
153,189,SP 10,AM,13,Kroll,15,23:04.326,13:14.547,9:02.852,2,BMW M4 GT4 EVO (G82),2026-05-17 00:44:40.374774
154,45,SP 9,PRO,40,Vermeulen,14,----LAP 14,12:21.623,8:12.515,2,Ferrari 296 GT3 Evo26,2026-05-17 00:44:40.374774
155,75,AT1,PROAM,2,Fugel,11,----LAP 11,8:31.376,8:20.316,1,Audi R8 LMS GT3 evo II,2026-05-17 00:44:40.374774
156,195,BMW M240i,,11,Hoenjet,10,----LAP 10,10:18.132,9:31.981,1,BMW M240i Racing Cup*,2026-05-17 00:44:40.374774
157,110,SP 2T,,3,Sasaki,7,----LAP 7,12:50.416,11:05.842,2,Toyota GR Yaris,2026-05-17 00:44:40.374774
158,410,V6,,5,Croci,6,----LAP 6,10:08.339,10:20.292,1,Porsche Cayman GTS*,2026-05-17 00:44:40.374774
159,35,SP 9,PROAM,41,Fernandez Laser,4,----LAP 4,10:19.256,8:29.335,1,Aston Martin Vantage AMR GT3 EVO,2026-05-17 00:44:40.374774
NormalQualified,NormalQualified,NormalQualified,NormalQualified,NormalQualified,NormalQualified,NormalQualified,NormalQualified,NormalQualified,NormalQualified,NormalQualified,NormalQualified,2026-05-17 00:44:40.374774
